ISO-10303-21;
HEADER;
FILE_DESCRIPTION(('FreeCAD Model'),'2;1');
FILE_NAME('Open CASCADE Shape Model','2025-12-10T21:08:58',(''),(''),
  'Open CASCADE STEP processor 7.8','FreeCAD','Unknown');
FILE_SCHEMA(('AUTOMOTIVE_DESIGN { 1 0 10303 214 1 1 1 1 }'));
ENDSEC;
DATA;
#1 = APPLICATION_PROTOCOL_DEFINITION('international standard',
  'automotive_design',2000,#2);
#2 = APPLICATION_CONTEXT(
  'core data for automotive mechanical design processes');
#3 = SHAPE_DEFINITION_REPRESENTATION(#4,#10);
#4 = PRODUCT_DEFINITION_SHAPE('','',#5);
#5 = PRODUCT_DEFINITION('design','',#6,#9);
#6 = PRODUCT_DEFINITION_FORMATION('','',#7);
#7 = PRODUCT('Pocket033','Pocket033','',(#8));
#8 = PRODUCT_CONTEXT('',#2,'mechanical');
#9 = PRODUCT_DEFINITION_CONTEXT('part definition',#2,'design');
#10 = ADVANCED_BREP_SHAPE_REPRESENTATION('',(#11,#15),#2679);
#11 = AXIS2_PLACEMENT_3D('',#12,#13,#14);
#12 = CARTESIAN_POINT('',(0.,0.,0.));
#13 = DIRECTION('',(0.,0.,1.));
#14 = DIRECTION('',(1.,0.,-0.));
#15 = MANIFOLD_SOLID_BREP('',#16);
#16 = CLOSED_SHELL('',(#17,#351,#383,#432,#505,#529,#553,#577,#617,#641,
    #681,#705,#729,#754,#827,#875,#900,#1000,#1018,#1028,#1070,#1135,
    #1160,#1185,#1216,#1241,#1266,#1290,#1314,#1339,#1364,#1388,#1412,
    #1437,#1462,#1479,#1504,#1529,#1554,#1578,#1640,#1673,#1690,#1707,
    #1732,#1849,#1861,#1923,#1948,#1965,#1989,#2038,#2086,#2104,#2121,
    #2170,#2212,#2229,#2289,#2306,#2331,#2385,#2410,#2435,#2460,#2485,
    #2502,#2531,#2558,#2585,#2620,#2631,#2643,#2655,#2667));
#17 = ADVANCED_FACE('',(#18,#198,#209,#220,#324,#335),#346,.F.);
#18 = FACE_BOUND('',#19,.F.);
#19 = EDGE_LOOP('',(#20,#31,#39,#47,#55,#63,#71,#79,#87,#96,#104,#112,
    #120,#128,#136,#144,#152,#160,#168,#176,#184,#192));
#20 = ORIENTED_EDGE('',*,*,#21,.F.);
#21 = EDGE_CURVE('',#22,#24,#26,.T.);
#22 = VERTEX_POINT('',#23);
#23 = CARTESIAN_POINT('',(-30.,45.15,10.5));
#24 = VERTEX_POINT('',#25);
#25 = CARTESIAN_POINT('',(-31.8,46.95,10.5));
#26 = CIRCLE('',#27,1.8);
#27 = AXIS2_PLACEMENT_3D('',#28,#29,#30);
#28 = CARTESIAN_POINT('',(-31.8,45.15,10.5));
#29 = DIRECTION('',(-1.224646799147E-16,0.,1.));
#30 = DIRECTION('',(0.,-1.,0.));
#31 = ORIENTED_EDGE('',*,*,#32,.T.);
#32 = EDGE_CURVE('',#22,#33,#35,.T.);
#33 = VERTEX_POINT('',#34);
#34 = CARTESIAN_POINT('',(-30.,-46.95,10.5));
#35 = LINE('',#36,#37);
#36 = CARTESIAN_POINT('',(-30.,46.95,10.5));
#37 = VECTOR('',#38,1.);
#38 = DIRECTION('',(0.,-1.,0.));
#39 = ORIENTED_EDGE('',*,*,#40,.T.);
#40 = EDGE_CURVE('',#33,#41,#43,.T.);
#41 = VERTEX_POINT('',#42);
#42 = CARTESIAN_POINT('',(-170.,-46.95,10.5));
#43 = LINE('',#44,#45);
#44 = CARTESIAN_POINT('',(-30.,-46.95,10.5));
#45 = VECTOR('',#46,1.);
#46 = DIRECTION('',(-1.,0.,-1.224646799147E-16));
#47 = ORIENTED_EDGE('',*,*,#48,.T.);
#48 = EDGE_CURVE('',#41,#49,#51,.T.);
#49 = VERTEX_POINT('',#50);
#50 = CARTESIAN_POINT('',(-170.,-36.58957624075,10.5));
#51 = LINE('',#52,#53);
#52 = CARTESIAN_POINT('',(-170.,-46.95,10.5));
#53 = VECTOR('',#54,1.);
#54 = DIRECTION('',(0.,1.,0.));
#55 = ORIENTED_EDGE('',*,*,#56,.F.);
#56 = EDGE_CURVE('',#57,#49,#59,.T.);
#57 = VERTEX_POINT('',#58);
#58 = CARTESIAN_POINT('',(-160.,-36.58957624075,10.5));
#59 = LINE('',#60,#61);
#60 = CARTESIAN_POINT('',(-170.,-36.58957624075,10.5));
#61 = VECTOR('',#62,1.);
#62 = DIRECTION('',(-1.,0.,-1.224646799147E-16));
#63 = ORIENTED_EDGE('',*,*,#64,.T.);
#64 = EDGE_CURVE('',#57,#65,#67,.T.);
#65 = VERTEX_POINT('',#66);
#66 = CARTESIAN_POINT('',(-160.,-30.69042375924,10.5));
#67 = LINE('',#68,#69);
#68 = CARTESIAN_POINT('',(-160.,-16.82,10.5));
#69 = VECTOR('',#70,1.);
#70 = DIRECTION('',(0.,1.,0.));
#71 = ORIENTED_EDGE('',*,*,#72,.T.);
#72 = EDGE_CURVE('',#65,#73,#75,.T.);
#73 = VERTEX_POINT('',#74);
#74 = CARTESIAN_POINT('',(-170.,-30.69042375924,10.5));
#75 = LINE('',#76,#77);
#76 = CARTESIAN_POINT('',(-170.,-30.69042375924,10.5));
#77 = VECTOR('',#78,1.);
#78 = DIRECTION('',(-1.,0.,-1.224646799147E-16));
#79 = ORIENTED_EDGE('',*,*,#80,.T.);
#80 = EDGE_CURVE('',#73,#81,#83,.T.);
#81 = VERTEX_POINT('',#82);
#82 = CARTESIAN_POINT('',(-170.,45.15,10.5));
#83 = LINE('',#84,#85);
#84 = CARTESIAN_POINT('',(-170.,-46.95,10.5));
#85 = VECTOR('',#86,1.);
#86 = DIRECTION('',(0.,1.,0.));
#87 = ORIENTED_EDGE('',*,*,#88,.F.);
#88 = EDGE_CURVE('',#89,#81,#91,.T.);
#89 = VERTEX_POINT('',#90);
#90 = CARTESIAN_POINT('',(-168.2,46.95,10.5));
#91 = CIRCLE('',#92,1.8);
#92 = AXIS2_PLACEMENT_3D('',#93,#94,#95);
#93 = CARTESIAN_POINT('',(-168.2,45.15,10.5));
#94 = DIRECTION('',(-1.224646799147E-16,0.,1.));
#95 = DIRECTION('',(0.,-1.,0.));
#96 = ORIENTED_EDGE('',*,*,#97,.T.);
#97 = EDGE_CURVE('',#89,#98,#100,.T.);
#98 = VERTEX_POINT('',#99);
#99 = CARTESIAN_POINT('',(-154.4979991993,46.95,10.5));
#100 = LINE('',#101,#102);
#101 = CARTESIAN_POINT('',(-170.,46.95,10.5));
#102 = VECTOR('',#103,1.);
#103 = DIRECTION('',(1.,0.,1.224646799147E-16));
#104 = ORIENTED_EDGE('',*,*,#105,.F.);
#105 = EDGE_CURVE('',#106,#98,#108,.T.);
#106 = VERTEX_POINT('',#107);
#107 = CARTESIAN_POINT('',(-154.4979991993,41.55,10.5));
#108 = LINE('',#109,#110);
#109 = CARTESIAN_POINT('',(-154.4979991993,46.95,10.5));
#110 = VECTOR('',#111,1.);
#111 = DIRECTION('',(-2.694222958124E-32,1.,2.2E-16));
#112 = ORIENTED_EDGE('',*,*,#113,.T.);
#113 = EDGE_CURVE('',#106,#114,#116,.T.);
#114 = VERTEX_POINT('',#115);
#115 = CARTESIAN_POINT('',(-160.,41.55,10.5));
#116 = LINE('',#117,#118);
#117 = CARTESIAN_POINT('',(-136.,41.55,10.5));
#118 = VECTOR('',#119,1.);
#119 = DIRECTION('',(-1.,0.,-1.224646799147E-16));
#120 = ORIENTED_EDGE('',*,*,#121,.T.);
#121 = EDGE_CURVE('',#114,#122,#124,.T.);
#122 = VERTEX_POINT('',#123);
#123 = CARTESIAN_POINT('',(-160.,-18.45,10.5));
#124 = LINE('',#125,#126);
#125 = CARTESIAN_POINT('',(-160.,41.55,10.5));
#126 = VECTOR('',#127,1.);
#127 = DIRECTION('',(0.,-1.,0.));
#128 = ORIENTED_EDGE('',*,*,#129,.T.);
#129 = EDGE_CURVE('',#122,#130,#132,.T.);
#130 = VERTEX_POINT('',#131);
#131 = CARTESIAN_POINT('',(-153.73708,-18.45,10.5));
#132 = LINE('',#133,#134);
#133 = CARTESIAN_POINT('',(-160.,-18.45,10.5));
#134 = VECTOR('',#135,1.);
#135 = DIRECTION('',(1.,0.,1.224646799147E-16));
#136 = ORIENTED_EDGE('',*,*,#137,.T.);
#137 = EDGE_CURVE('',#130,#138,#140,.T.);
#138 = VERTEX_POINT('',#139);
#139 = CARTESIAN_POINT('',(-153.73708,-21.18656,10.5));
#140 = LINE('',#141,#142);
#141 = CARTESIAN_POINT('',(-153.73708,-10.59328,10.5));
#142 = VECTOR('',#143,1.);
#143 = DIRECTION('',(0.,-1.,0.));
#144 = ORIENTED_EDGE('',*,*,#145,.T.);
#145 = EDGE_CURVE('',#138,#146,#148,.T.);
#146 = VERTEX_POINT('',#147);
#147 = CARTESIAN_POINT('',(-141.23708,-21.18656,10.5));
#148 = LINE('',#149,#150);
#149 = CARTESIAN_POINT('',(-120.61854,-21.18656,10.5));
#150 = VECTOR('',#151,1.);
#151 = DIRECTION('',(1.,0.,1.224646799147E-16));
#152 = ORIENTED_EDGE('',*,*,#153,.T.);
#153 = EDGE_CURVE('',#146,#154,#156,.T.);
#154 = VERTEX_POINT('',#155);
#155 = CARTESIAN_POINT('',(-141.23708,-18.45,10.5));
#156 = LINE('',#157,#158);
#157 = CARTESIAN_POINT('',(-141.23708,8.73032,10.5));
#158 = VECTOR('',#159,1.);
#159 = DIRECTION('',(0.,1.,0.));
#160 = ORIENTED_EDGE('',*,*,#161,.T.);
#161 = EDGE_CURVE('',#154,#162,#164,.T.);
#162 = VERTEX_POINT('',#163);
#163 = CARTESIAN_POINT('',(-136.,-18.45,10.5));
#164 = LINE('',#165,#166);
#165 = CARTESIAN_POINT('',(-160.,-18.45,10.5));
#166 = VECTOR('',#167,1.);
#167 = DIRECTION('',(1.,0.,1.224646799147E-16));
#168 = ORIENTED_EDGE('',*,*,#169,.T.);
#169 = EDGE_CURVE('',#162,#170,#172,.T.);
#170 = VERTEX_POINT('',#171);
#171 = CARTESIAN_POINT('',(-136.,41.55,10.5));
#172 = LINE('',#173,#174);
#173 = CARTESIAN_POINT('',(-136.,-18.45,10.5));
#174 = VECTOR('',#175,1.);
#175 = DIRECTION('',(0.,1.,-0.));
#176 = ORIENTED_EDGE('',*,*,#177,.T.);
#177 = EDGE_CURVE('',#170,#178,#180,.T.);
#178 = VERTEX_POINT('',#179);
#179 = CARTESIAN_POINT('',(-140.5020008006,41.55,10.5));
#180 = LINE('',#181,#182);
#181 = CARTESIAN_POINT('',(-136.,41.55,10.5));
#182 = VECTOR('',#183,1.);
#183 = DIRECTION('',(-1.,0.,-1.224646799147E-16));
#184 = ORIENTED_EDGE('',*,*,#185,.T.);
#185 = EDGE_CURVE('',#178,#186,#188,.T.);
#186 = VERTEX_POINT('',#187);
#187 = CARTESIAN_POINT('',(-140.5020008006,46.95,10.5));
#188 = LINE('',#189,#190);
#189 = CARTESIAN_POINT('',(-140.5020008006,46.95,10.5));
#190 = VECTOR('',#191,1.);
#191 = DIRECTION('',(-2.694222958124E-32,1.,2.2E-16));
#192 = ORIENTED_EDGE('',*,*,#193,.T.);
#193 = EDGE_CURVE('',#186,#24,#194,.T.);
#194 = LINE('',#195,#196);
#195 = CARTESIAN_POINT('',(-170.,46.95,10.5));
#196 = VECTOR('',#197,1.);
#197 = DIRECTION('',(1.,0.,1.224646799147E-16));
#198 = FACE_BOUND('',#199,.F.);
#199 = EDGE_LOOP('',(#200));
#200 = ORIENTED_EDGE('',*,*,#201,.F.);
#201 = EDGE_CURVE('',#202,#202,#204,.T.);
#202 = VERTEX_POINT('',#203);
#203 = CARTESIAN_POINT('',(-34.29999999993,-43.70000000006,10.5));
#204 = CIRCLE('',#205,1.05);
#205 = AXIS2_PLACEMENT_3D('',#206,#207,#208);
#206 = CARTESIAN_POINT('',(-33.24999999993,-43.70000000006,10.5));
#207 = DIRECTION('',(1.224646799147E-16,0.,-1.));
#208 = DIRECTION('',(-1.,0.,-1.224646799147E-16));
#209 = FACE_BOUND('',#210,.F.);
#210 = EDGE_LOOP('',(#211));
#211 = ORIENTED_EDGE('',*,*,#212,.F.);
#212 = EDGE_CURVE('',#213,#213,#215,.T.);
#213 = VERTEX_POINT('',#214);
#214 = CARTESIAN_POINT('',(-167.8,-43.7,10.5));
#215 = CIRCLE('',#216,1.05);
#216 = AXIS2_PLACEMENT_3D('',#217,#218,#219);
#217 = CARTESIAN_POINT('',(-166.75,-43.7,10.5));
#218 = DIRECTION('',(1.224646799147E-16,0.,-1.));
#219 = DIRECTION('',(-1.,0.,-1.224646799147E-16));
#220 = FACE_BOUND('',#221,.F.);
#221 = EDGE_LOOP('',(#222,#232,#241,#249,#258,#266,#275,#283,#292,#300,
    #309,#317));
#222 = ORIENTED_EDGE('',*,*,#223,.T.);
#223 = EDGE_CURVE('',#224,#226,#228,.T.);
#224 = VERTEX_POINT('',#225);
#225 = CARTESIAN_POINT('',(-94.2,-19.25,10.5));
#226 = VERTEX_POINT('',#227);
#227 = CARTESIAN_POINT('',(-40.2,-19.25,10.5));
#228 = LINE('',#229,#230);
#229 = CARTESIAN_POINT('',(-69.35,-19.25,10.5));
#230 = VECTOR('',#231,1.);
#231 = DIRECTION('',(1.,0.,1.224646799147E-16));
#232 = ORIENTED_EDGE('',*,*,#233,.T.);
#233 = EDGE_CURVE('',#226,#234,#236,.T.);
#234 = VERTEX_POINT('',#235);
#235 = CARTESIAN_POINT('',(-38.7,-17.75,10.5));
#236 = CIRCLE('',#237,1.5);
#237 = AXIS2_PLACEMENT_3D('',#238,#239,#240);
#238 = CARTESIAN_POINT('',(-40.2,-17.75,10.5));
#239 = DIRECTION('',(-1.224646799147E-16,0.,1.));
#240 = DIRECTION('',(0.,1.,0.));
#241 = ORIENTED_EDGE('',*,*,#242,.T.);
#242 = EDGE_CURVE('',#234,#243,#245,.T.);
#243 = VERTEX_POINT('',#244);
#244 = CARTESIAN_POINT('',(-38.7,36.75,10.5));
#245 = LINE('',#246,#247);
#246 = CARTESIAN_POINT('',(-38.7,19.125,10.5));
#247 = VECTOR('',#248,1.);
#248 = DIRECTION('',(0.,1.,0.));
#249 = ORIENTED_EDGE('',*,*,#250,.T.);
#250 = EDGE_CURVE('',#243,#251,#253,.T.);
#251 = VERTEX_POINT('',#252);
#252 = CARTESIAN_POINT('',(-40.2,38.25,10.5));
#253 = CIRCLE('',#254,1.5);
#254 = AXIS2_PLACEMENT_3D('',#255,#256,#257);
#255 = CARTESIAN_POINT('',(-40.2,36.75,10.5));
#256 = DIRECTION('',(-1.224646799147E-16,0.,1.));
#257 = DIRECTION('',(0.,1.,0.));
#258 = ORIENTED_EDGE('',*,*,#259,.F.);
#259 = EDGE_CURVE('',#260,#251,#262,.T.);
#260 = VERTEX_POINT('',#261);
#261 = CARTESIAN_POINT('',(-132.7,38.25,10.5));
#262 = LINE('',#263,#264);
#263 = CARTESIAN_POINT('',(-69.35,38.25,10.5));
#264 = VECTOR('',#265,1.);
#265 = DIRECTION('',(1.,0.,1.224646799147E-16));
#266 = ORIENTED_EDGE('',*,*,#267,.T.);
#267 = EDGE_CURVE('',#260,#268,#270,.T.);
#268 = VERTEX_POINT('',#269);
#269 = CARTESIAN_POINT('',(-134.2,36.75,10.5));
#270 = CIRCLE('',#271,1.5);
#271 = AXIS2_PLACEMENT_3D('',#272,#273,#274);
#272 = CARTESIAN_POINT('',(-132.7,36.75,10.5));
#273 = DIRECTION('',(-1.224646799147E-16,0.,1.));
#274 = DIRECTION('',(0.,1.,0.));
#275 = ORIENTED_EDGE('',*,*,#276,.F.);
#276 = EDGE_CURVE('',#277,#268,#279,.T.);
#277 = VERTEX_POINT('',#278);
#278 = CARTESIAN_POINT('',(-134.2,-36.75,10.5));
#279 = LINE('',#280,#281);
#280 = CARTESIAN_POINT('',(-134.2,19.125,10.5));
#281 = VECTOR('',#282,1.);
#282 = DIRECTION('',(0.,1.,0.));
#283 = ORIENTED_EDGE('',*,*,#284,.F.);
#284 = EDGE_CURVE('',#285,#277,#287,.T.);
#285 = VERTEX_POINT('',#286);
#286 = CARTESIAN_POINT('',(-132.7,-38.25,10.5));
#287 = CIRCLE('',#288,1.5);
#288 = AXIS2_PLACEMENT_3D('',#289,#290,#291);
#289 = CARTESIAN_POINT('',(-132.7,-36.75,10.5));
#290 = DIRECTION('',(1.224646799147E-16,0.,-1.));
#291 = DIRECTION('',(0.,1.,0.));
#292 = ORIENTED_EDGE('',*,*,#293,.T.);
#293 = EDGE_CURVE('',#285,#294,#296,.T.);
#294 = VERTEX_POINT('',#295);
#295 = CARTESIAN_POINT('',(-97.2,-38.25,10.5));
#296 = LINE('',#297,#298);
#297 = CARTESIAN_POINT('',(-97.85,-38.25,10.5));
#298 = VECTOR('',#299,1.);
#299 = DIRECTION('',(1.,0.,1.224646799147E-16));
#300 = ORIENTED_EDGE('',*,*,#301,.F.);
#301 = EDGE_CURVE('',#302,#294,#304,.T.);
#302 = VERTEX_POINT('',#303);
#303 = CARTESIAN_POINT('',(-95.7,-36.75,10.5));
#304 = CIRCLE('',#305,1.5);
#305 = AXIS2_PLACEMENT_3D('',#306,#307,#308);
#306 = CARTESIAN_POINT('',(-97.2,-36.75,10.5));
#307 = DIRECTION('',(1.224646799147E-16,0.,-1.));
#308 = DIRECTION('',(0.,1.,0.));
#309 = ORIENTED_EDGE('',*,*,#310,.T.);
#310 = EDGE_CURVE('',#302,#311,#313,.T.);
#311 = VERTEX_POINT('',#312);
#312 = CARTESIAN_POINT('',(-95.7,-20.75,10.5));
#313 = LINE('',#314,#315);
#314 = CARTESIAN_POINT('',(-95.7,-9.625,10.5));
#315 = VECTOR('',#316,1.);
#316 = DIRECTION('',(0.,1.,0.));
#317 = ORIENTED_EDGE('',*,*,#318,.F.);
#318 = EDGE_CURVE('',#224,#311,#319,.T.);
#319 = CIRCLE('',#320,1.5);
#320 = AXIS2_PLACEMENT_3D('',#321,#322,#323);
#321 = CARTESIAN_POINT('',(-94.2,-20.75,10.5));
#322 = DIRECTION('',(-1.224646799147E-16,0.,1.));
#323 = DIRECTION('',(0.,1.,0.));
#324 = FACE_BOUND('',#325,.F.);
#325 = EDGE_LOOP('',(#326));
#326 = ORIENTED_EDGE('',*,*,#327,.F.);
#327 = EDGE_CURVE('',#328,#328,#330,.T.);
#328 = VERTEX_POINT('',#329);
#329 = CARTESIAN_POINT('',(-34.3,43.7,10.5));
#330 = CIRCLE('',#331,1.05);
#331 = AXIS2_PLACEMENT_3D('',#332,#333,#334);
#332 = CARTESIAN_POINT('',(-33.25,43.7,10.5));
#333 = DIRECTION('',(1.224646799147E-16,0.,-1.));
#334 = DIRECTION('',(-1.,0.,-1.224646799147E-16));
#335 = FACE_BOUND('',#336,.F.);
#336 = EDGE_LOOP('',(#337));
#337 = ORIENTED_EDGE('',*,*,#338,.F.);
#338 = EDGE_CURVE('',#339,#339,#341,.T.);
#339 = VERTEX_POINT('',#340);
#340 = CARTESIAN_POINT('',(-167.8,43.7,10.5));
#341 = CIRCLE('',#342,1.05);
#342 = AXIS2_PLACEMENT_3D('',#343,#344,#345);
#343 = CARTESIAN_POINT('',(-166.75,43.7,10.5));
#344 = DIRECTION('',(1.224646799147E-16,0.,-1.));
#345 = DIRECTION('',(-1.,0.,-1.224646799147E-16));
#346 = PLANE('',#347);
#347 = AXIS2_PLACEMENT_3D('',#348,#349,#350);
#348 = CARTESIAN_POINT('',(-100.,0.,10.5));
#349 = DIRECTION('',(1.224646799147E-16,0.,-1.));
#350 = DIRECTION('',(-1.,0.,-1.224646799147E-16));
#351 = ADVANCED_FACE('',(#352),#378,.T.);
#352 = FACE_BOUND('',#353,.F.);
#353 = EDGE_LOOP('',(#354,#355,#363,#372));
#354 = ORIENTED_EDGE('',*,*,#21,.T.);
#355 = ORIENTED_EDGE('',*,*,#356,.T.);
#356 = EDGE_CURVE('',#24,#357,#359,.T.);
#357 = VERTEX_POINT('',#358);
#358 = CARTESIAN_POINT('',(-31.8,46.95,9.3));
#359 = LINE('',#360,#361);
#360 = CARTESIAN_POINT('',(-31.8,46.95,10.5));
#361 = VECTOR('',#362,1.);
#362 = DIRECTION('',(1.224646799147E-16,0.,-1.));
#363 = ORIENTED_EDGE('',*,*,#364,.F.);
#364 = EDGE_CURVE('',#365,#357,#367,.T.);
#365 = VERTEX_POINT('',#366);
#366 = CARTESIAN_POINT('',(-30.,45.15,9.3));
#367 = CIRCLE('',#368,1.8);
#368 = AXIS2_PLACEMENT_3D('',#369,#370,#371);
#369 = CARTESIAN_POINT('',(-31.8,45.15,9.3));
#370 = DIRECTION('',(-1.224646799147E-16,0.,1.));
#371 = DIRECTION('',(0.,1.,0.));
#372 = ORIENTED_EDGE('',*,*,#373,.F.);
#373 = EDGE_CURVE('',#22,#365,#374,.T.);
#374 = LINE('',#375,#376);
#375 = CARTESIAN_POINT('',(-30.,45.15,10.5));
#376 = VECTOR('',#377,1.);
#377 = DIRECTION('',(1.224646799147E-16,0.,-1.));
#378 = CYLINDRICAL_SURFACE('',#379,1.8);
#379 = AXIS2_PLACEMENT_3D('',#380,#381,#382);
#380 = CARTESIAN_POINT('',(-31.8,45.15,10.5));
#381 = DIRECTION('',(1.224646799147E-16,0.,-1.));
#382 = DIRECTION('',(1.,0.,1.224646799147E-16));
#383 = ADVANCED_FACE('',(#384),#427,.F.);
#384 = FACE_BOUND('',#385,.F.);
#385 = EDGE_LOOP('',(#386,#387,#396,#404,#420,#426));
#386 = ORIENTED_EDGE('',*,*,#193,.F.);
#387 = ORIENTED_EDGE('',*,*,#388,.T.);
#388 = EDGE_CURVE('',#186,#389,#391,.T.);
#389 = VERTEX_POINT('',#390);
#390 = CARTESIAN_POINT('',(-140.8645843495,46.95,9.3));
#391 = CIRCLE('',#392,2.5);
#392 = AXIS2_PLACEMENT_3D('',#393,#394,#395);
#393 = CARTESIAN_POINT('',(-143.,46.95,10.6));
#394 = DIRECTION('',(-0.,1.,0.));
#395 = DIRECTION('',(1.,0.,1.224646799147E-16));
#396 = ORIENTED_EDGE('',*,*,#397,.T.);
#397 = EDGE_CURVE('',#389,#398,#400,.T.);
#398 = VERTEX_POINT('',#399);
#399 = CARTESIAN_POINT('',(-34.47780291578,46.95,9.3));
#400 = LINE('',#401,#402);
#401 = CARTESIAN_POINT('',(-170.,46.95,9.3));
#402 = VECTOR('',#403,1.);
#403 = DIRECTION('',(1.,0.,1.224646799147E-16));
#404 = ORIENTED_EDGE('',*,*,#405,.T.);
#405 = EDGE_CURVE('',#398,#406,#408,.T.);
#406 = VERTEX_POINT('',#407);
#407 = CARTESIAN_POINT('',(-32.02219708421,46.95,9.3));
#408 = ( BOUNDED_CURVE() B_SPLINE_CURVE(10,(#409,#410,#411,#412,#413,
    #414,#415,#416,#417,#418,#419),.UNSPECIFIED.,.F.,.F.) 
B_SPLINE_CURVE_WITH_KNOTS((11,11),(135.52219708421,137.97780291578),
.PIECEWISE_BEZIER_KNOTS.) CURVE() GEOMETRIC_REPRESENTATION_ITEM() 
RATIONAL_B_SPLINE_CURVE((1.,1.,1.,1.,1.,1.,1.,1.,1.,1.,1.)) 
REPRESENTATION_ITEM('') );
#409 = CARTESIAN_POINT('',(-34.47780291578,46.95,9.3));
#410 = CARTESIAN_POINT('',(-34.23224233262,46.95,9.3));
#411 = CARTESIAN_POINT('',(-33.98668174946,46.95,9.273375854225));
#412 = CARTESIAN_POINT('',(-33.74112116631,46.95,9.253727851527));
#413 = CARTESIAN_POINT('',(-33.49556058315,46.95,9.233550495092));
#414 = CARTESIAN_POINT('',(-33.25,46.95,9.232069601845));
#415 = CARTESIAN_POINT('',(-33.00443941684,46.95,9.233550495092));
#416 = CARTESIAN_POINT('',(-32.75887883368,46.95,9.253727851527));
#417 = CARTESIAN_POINT('',(-32.51331825053,46.95,9.273375854225));
#418 = CARTESIAN_POINT('',(-32.26775766737,46.95,9.3));
#419 = CARTESIAN_POINT('',(-32.02219708421,46.95,9.3));
#420 = ORIENTED_EDGE('',*,*,#421,.T.);
#421 = EDGE_CURVE('',#406,#357,#422,.T.);
#422 = LINE('',#423,#424);
#423 = CARTESIAN_POINT('',(-170.,46.95,9.3));
#424 = VECTOR('',#425,1.);
#425 = DIRECTION('',(1.,0.,1.224646799147E-16));
#426 = ORIENTED_EDGE('',*,*,#356,.F.);
#427 = PLANE('',#428);
#428 = AXIS2_PLACEMENT_3D('',#429,#430,#431);
#429 = CARTESIAN_POINT('',(-170.,46.95,10.5));
#430 = DIRECTION('',(0.,-1.,0.));
#431 = DIRECTION('',(1.,0.,1.224646799147E-16));
#432 = ADVANCED_FACE('',(#433),#500,.F.);
#433 = FACE_BOUND('',#434,.F.);
#434 = EDGE_LOOP('',(#435,#436,#437,#446,#454,#463,#471));
#435 = ORIENTED_EDGE('',*,*,#388,.F.);
#436 = ORIENTED_EDGE('',*,*,#185,.F.);
#437 = ORIENTED_EDGE('',*,*,#438,.T.);
#438 = EDGE_CURVE('',#178,#439,#441,.T.);
#439 = VERTEX_POINT('',#440);
#440 = CARTESIAN_POINT('',(-141.0790627287,41.55,9.));
#441 = CIRCLE('',#442,2.5);
#442 = AXIS2_PLACEMENT_3D('',#443,#444,#445);
#443 = CARTESIAN_POINT('',(-143.,41.55,10.6));
#444 = DIRECTION('',(-2.694222958124E-32,1.,2.2E-16));
#445 = DIRECTION('',(1.,0.,1.224646799147E-16));
#446 = ORIENTED_EDGE('',*,*,#447,.F.);
#447 = EDGE_CURVE('',#448,#439,#450,.T.);
#448 = VERTEX_POINT('',#449);
#449 = CARTESIAN_POINT('',(-141.0790627287,34.95,9.));
#450 = LINE('',#451,#452);
#451 = CARTESIAN_POINT('',(-141.0790627287,46.95,9.));
#452 = VECTOR('',#453,1.);
#453 = DIRECTION('',(-2.694222958124E-32,1.,2.2E-16));
#454 = ORIENTED_EDGE('',*,*,#455,.T.);
#455 = EDGE_CURVE('',#448,#456,#458,.T.);
#456 = VERTEX_POINT('',#457);
#457 = CARTESIAN_POINT('',(-143.,34.95,8.1));
#458 = CIRCLE('',#459,2.5);
#459 = AXIS2_PLACEMENT_3D('',#460,#461,#462);
#460 = CARTESIAN_POINT('',(-143.,34.95,10.6));
#461 = DIRECTION('',(-0.,1.,0.));
#462 = DIRECTION('',(1.,0.,1.224646799147E-16));
#463 = ORIENTED_EDGE('',*,*,#464,.F.);
#464 = EDGE_CURVE('',#465,#456,#467,.T.);
#465 = VERTEX_POINT('',#466);
#466 = CARTESIAN_POINT('',(-143.,46.4916407865,8.1));
#467 = LINE('',#468,#469);
#468 = CARTESIAN_POINT('',(-143.,46.95,8.1));
#469 = VECTOR('',#470,1.);
#470 = DIRECTION('',(2.694222958124E-32,-1.,-2.2E-16));
#471 = ORIENTED_EDGE('',*,*,#472,.F.);
#472 = EDGE_CURVE('',#389,#465,#473,.T.);
#473 = B_SPLINE_CURVE_WITH_KNOTS('',7,(#474,#475,#476,#477,#478,#479,
    #480,#481,#482,#483,#484,#485,#486,#487,#488,#489,#490,#491,#492,
    #493,#494,#495,#496,#497,#498,#499),.UNSPECIFIED.,.F.,.F.,(8,6,6,6,8
    ),(0.,0.159107333667,0.262578924433,0.510870689928,1.),
  .UNSPECIFIED.);
#474 = CARTESIAN_POINT('',(-140.8645843495,46.95,9.3));
#475 = CARTESIAN_POINT('',(-140.8981626761,46.95,9.244843319982));
#476 = CARTESIAN_POINT('',(-140.9331833255,46.948028218359,
    9.191059604838));
#477 = CARTESIAN_POINT('',(-140.9695498341,46.944261144515,
    9.138718849114));
#478 = CARTESIAN_POINT('',(-141.0071606405,46.938870564479,9.08788101622
    ));
#479 = CARTESIAN_POINT('',(-141.0459094899,46.932024039008,
    9.038596662833));
#480 = CARTESIAN_POINT('',(-141.0856858397,46.923885381788,
    8.990907563297));
#481 = CARTESIAN_POINT('',(-141.1528366425,46.908586459409,
    8.914893182427));
#482 = CARTESIAN_POINT('',(-141.1796965137,46.90207645773,8.885614039927
    ));
#483 = CARTESIAN_POINT('',(-141.2069348799,46.895125753059,
    8.857007748665));
#484 = CARTESIAN_POINT('',(-141.2345329968,46.88777330566,8.829071408389
    ));
#485 = CARTESIAN_POINT('',(-141.2624733733,46.880056415567,
    8.801801376449));
#486 = CARTESIAN_POINT('',(-141.2907397709,46.872010722583,
    8.775193267807));
#487 = CARTESIAN_POINT('',(-141.3878919831,46.843656195653,
    8.686968849739));
#488 = CARTESIAN_POINT('',(-141.4582671993,46.821942456464,
    8.628469788287));
#489 = CARTESIAN_POINT('',(-141.5302641331,46.79899168203,8.573653274811
    ));
#490 = CARTESIAN_POINT('',(-141.6037485715,46.775218117495,
    8.522423596421));
#491 = CARTESIAN_POINT('',(-141.6786275401,46.751002406426,
    8.474689533681));
#492 = CARTESIAN_POINT('',(-141.7548460351,46.726706437396,
    8.430373071087));
#493 = CARTESIAN_POINT('',(-141.9851313541,46.655372773272,
    8.308737731316));
#494 = CARTESIAN_POINT('',(-142.1450107203,46.608510920894,
    8.240039261662));
#495 = CARTESIAN_POINT('',(-142.3100812558,46.565515441959,
    8.184582592674));
#496 = CARTESIAN_POINT('',(-142.4786763763,46.52989238427,8.142767337105
    ));
#497 = CARTESIAN_POINT('',(-142.6498962006,46.504625947816,
    8.114517753371));
#498 = CARTESIAN_POINT('',(-142.8236204202,46.4916407865,8.1));
#499 = CARTESIAN_POINT('',(-143.,46.4916407865,8.1));
#500 = CYLINDRICAL_SURFACE('',#501,2.5);
#501 = AXIS2_PLACEMENT_3D('',#502,#503,#504);
#502 = CARTESIAN_POINT('',(-143.,46.95,10.6));
#503 = DIRECTION('',(-2.694222958124E-32,1.,2.2E-16));
#504 = DIRECTION('',(1.,0.,1.224646799147E-16));
#505 = ADVANCED_FACE('',(#506),#524,.F.);
#506 = FACE_BOUND('',#507,.F.);
#507 = EDGE_LOOP('',(#508,#509,#517,#523));
#508 = ORIENTED_EDGE('',*,*,#177,.F.);
#509 = ORIENTED_EDGE('',*,*,#510,.T.);
#510 = EDGE_CURVE('',#170,#511,#513,.T.);
#511 = VERTEX_POINT('',#512);
#512 = CARTESIAN_POINT('',(-136.,41.55,9.));
#513 = LINE('',#514,#515);
#514 = CARTESIAN_POINT('',(-136.,41.55,10.5));
#515 = VECTOR('',#516,1.);
#516 = DIRECTION('',(1.224646799147E-16,0.,-1.));
#517 = ORIENTED_EDGE('',*,*,#518,.T.);
#518 = EDGE_CURVE('',#511,#439,#519,.T.);
#519 = LINE('',#520,#521);
#520 = CARTESIAN_POINT('',(-136.,41.55,9.));
#521 = VECTOR('',#522,1.);
#522 = DIRECTION('',(-1.,0.,-1.224646799147E-16));
#523 = ORIENTED_EDGE('',*,*,#438,.F.);
#524 = PLANE('',#525);
#525 = AXIS2_PLACEMENT_3D('',#526,#527,#528);
#526 = CARTESIAN_POINT('',(-136.,41.55,10.5));
#527 = DIRECTION('',(0.,1.,0.));
#528 = DIRECTION('',(-1.,0.,-1.224646799147E-16));
#529 = ADVANCED_FACE('',(#530),#548,.F.);
#530 = FACE_BOUND('',#531,.F.);
#531 = EDGE_LOOP('',(#532,#540,#546,#547));
#532 = ORIENTED_EDGE('',*,*,#533,.T.);
#533 = EDGE_CURVE('',#162,#534,#536,.T.);
#534 = VERTEX_POINT('',#535);
#535 = CARTESIAN_POINT('',(-136.,-18.45,9.));
#536 = LINE('',#537,#538);
#537 = CARTESIAN_POINT('',(-136.,-18.45,10.5));
#538 = VECTOR('',#539,1.);
#539 = DIRECTION('',(1.224646799147E-16,0.,-1.));
#540 = ORIENTED_EDGE('',*,*,#541,.T.);
#541 = EDGE_CURVE('',#534,#511,#542,.T.);
#542 = LINE('',#543,#544);
#543 = CARTESIAN_POINT('',(-136.,-18.45,9.));
#544 = VECTOR('',#545,1.);
#545 = DIRECTION('',(0.,1.,-0.));
#546 = ORIENTED_EDGE('',*,*,#510,.F.);
#547 = ORIENTED_EDGE('',*,*,#169,.F.);
#548 = PLANE('',#549);
#549 = AXIS2_PLACEMENT_3D('',#550,#551,#552);
#550 = CARTESIAN_POINT('',(-136.,-18.45,10.5));
#551 = DIRECTION('',(1.,0.,1.224646799147E-16));
#552 = DIRECTION('',(0.,1.,0.));
#553 = ADVANCED_FACE('',(#554),#572,.F.);
#554 = FACE_BOUND('',#555,.F.);
#555 = EDGE_LOOP('',(#556,#557,#565,#571));
#556 = ORIENTED_EDGE('',*,*,#161,.F.);
#557 = ORIENTED_EDGE('',*,*,#558,.T.);
#558 = EDGE_CURVE('',#154,#559,#561,.T.);
#559 = VERTEX_POINT('',#560);
#560 = CARTESIAN_POINT('',(-141.23708,-18.45,9.));
#561 = LINE('',#562,#563);
#562 = CARTESIAN_POINT('',(-141.23708,-18.45,9.));
#563 = VECTOR('',#564,1.);
#564 = DIRECTION('',(1.224646799147E-16,0.,-1.));
#565 = ORIENTED_EDGE('',*,*,#566,.T.);
#566 = EDGE_CURVE('',#559,#534,#567,.T.);
#567 = LINE('',#568,#569);
#568 = CARTESIAN_POINT('',(-160.,-18.45,9.));
#569 = VECTOR('',#570,1.);
#570 = DIRECTION('',(1.,0.,1.224646799147E-16));
#571 = ORIENTED_EDGE('',*,*,#533,.F.);
#572 = PLANE('',#573);
#573 = AXIS2_PLACEMENT_3D('',#574,#575,#576);
#574 = CARTESIAN_POINT('',(-160.,-18.45,10.5));
#575 = DIRECTION('',(0.,-1.,0.));
#576 = DIRECTION('',(1.,0.,1.224646799147E-16));
#577 = ADVANCED_FACE('',(#578),#612,.F.);
#578 = FACE_BOUND('',#579,.F.);
#579 = EDGE_LOOP('',(#580,#590,#598,#604,#605,#606));
#580 = ORIENTED_EDGE('',*,*,#581,.F.);
#581 = EDGE_CURVE('',#582,#584,#586,.T.);
#582 = VERTEX_POINT('',#583);
#583 = CARTESIAN_POINT('',(-141.23708,17.46064,7.5));
#584 = VERTEX_POINT('',#585);
#585 = CARTESIAN_POINT('',(-141.23708,-21.18656,7.5));
#586 = LINE('',#587,#588);
#587 = CARTESIAN_POINT('',(-141.23708,17.46064,7.5));
#588 = VECTOR('',#589,1.);
#589 = DIRECTION('',(0.,-1.,0.));
#590 = ORIENTED_EDGE('',*,*,#591,.T.);
#591 = EDGE_CURVE('',#582,#592,#594,.T.);
#592 = VERTEX_POINT('',#593);
#593 = CARTESIAN_POINT('',(-141.23708,17.46064,9.));
#594 = LINE('',#595,#596);
#595 = CARTESIAN_POINT('',(-141.23708,17.46064,7.5));
#596 = VECTOR('',#597,1.);
#597 = DIRECTION('',(-1.224646799147E-16,0.,1.));
#598 = ORIENTED_EDGE('',*,*,#599,.F.);
#599 = EDGE_CURVE('',#559,#592,#600,.T.);
#600 = LINE('',#601,#602);
#601 = CARTESIAN_POINT('',(-141.23708,14.50532,9.));
#602 = VECTOR('',#603,1.);
#603 = DIRECTION('',(0.,1.,0.));
#604 = ORIENTED_EDGE('',*,*,#558,.F.);
#605 = ORIENTED_EDGE('',*,*,#153,.F.);
#606 = ORIENTED_EDGE('',*,*,#607,.F.);
#607 = EDGE_CURVE('',#584,#146,#608,.T.);
#608 = LINE('',#609,#610);
#609 = CARTESIAN_POINT('',(-141.23708,-21.18656,7.5));
#610 = VECTOR('',#611,1.);
#611 = DIRECTION('',(-1.224646799147E-16,0.,1.));
#612 = PLANE('',#613);
#613 = AXIS2_PLACEMENT_3D('',#614,#615,#616);
#614 = CARTESIAN_POINT('',(-141.23708,17.46064,7.5));
#615 = DIRECTION('',(1.,0.,1.224646799147E-16));
#616 = DIRECTION('',(0.,-1.,0.));
#617 = ADVANCED_FACE('',(#618),#636,.F.);
#618 = FACE_BOUND('',#619,.F.);
#619 = EDGE_LOOP('',(#620,#628,#629,#630));
#620 = ORIENTED_EDGE('',*,*,#621,.F.);
#621 = EDGE_CURVE('',#584,#622,#624,.T.);
#622 = VERTEX_POINT('',#623);
#623 = CARTESIAN_POINT('',(-153.73708,-21.18656,7.5));
#624 = LINE('',#625,#626);
#625 = CARTESIAN_POINT('',(-141.23708,-21.18656,7.5));
#626 = VECTOR('',#627,1.);
#627 = DIRECTION('',(-1.,0.,-1.224646799147E-16));
#628 = ORIENTED_EDGE('',*,*,#607,.T.);
#629 = ORIENTED_EDGE('',*,*,#145,.F.);
#630 = ORIENTED_EDGE('',*,*,#631,.F.);
#631 = EDGE_CURVE('',#622,#138,#632,.T.);
#632 = LINE('',#633,#634);
#633 = CARTESIAN_POINT('',(-153.73708,-21.18656,7.5));
#634 = VECTOR('',#635,1.);
#635 = DIRECTION('',(-1.224646799147E-16,0.,1.));
#636 = PLANE('',#637);
#637 = AXIS2_PLACEMENT_3D('',#638,#639,#640);
#638 = CARTESIAN_POINT('',(-141.23708,-21.18656,7.5));
#639 = DIRECTION('',(0.,-1.,0.));
#640 = DIRECTION('',(-1.,0.,-1.224646799147E-16));
#641 = ADVANCED_FACE('',(#642),#676,.F.);
#642 = FACE_BOUND('',#643,.F.);
#643 = EDGE_LOOP('',(#644,#652,#653,#654,#662,#670));
#644 = ORIENTED_EDGE('',*,*,#645,.F.);
#645 = EDGE_CURVE('',#622,#646,#648,.T.);
#646 = VERTEX_POINT('',#647);
#647 = CARTESIAN_POINT('',(-153.73708,17.46064,7.5));
#648 = LINE('',#649,#650);
#649 = CARTESIAN_POINT('',(-153.73708,-21.18656,7.5));
#650 = VECTOR('',#651,1.);
#651 = DIRECTION('',(0.,1.,0.));
#652 = ORIENTED_EDGE('',*,*,#631,.T.);
#653 = ORIENTED_EDGE('',*,*,#137,.F.);
#654 = ORIENTED_EDGE('',*,*,#655,.F.);
#655 = EDGE_CURVE('',#656,#130,#658,.T.);
#656 = VERTEX_POINT('',#657);
#657 = CARTESIAN_POINT('',(-153.73708,-18.45,9.));
#658 = LINE('',#659,#660);
#659 = CARTESIAN_POINT('',(-153.73708,-18.45,9.));
#660 = VECTOR('',#661,1.);
#661 = DIRECTION('',(-1.224646799147E-16,0.,1.));
#662 = ORIENTED_EDGE('',*,*,#663,.F.);
#663 = EDGE_CURVE('',#664,#656,#666,.T.);
#664 = VERTEX_POINT('',#665);
#665 = CARTESIAN_POINT('',(-153.73708,17.46064,9.));
#666 = LINE('',#667,#668);
#667 = CARTESIAN_POINT('',(-153.73708,-4.81828,9.));
#668 = VECTOR('',#669,1.);
#669 = DIRECTION('',(0.,-1.,0.));
#670 = ORIENTED_EDGE('',*,*,#671,.F.);
#671 = EDGE_CURVE('',#646,#664,#672,.T.);
#672 = LINE('',#673,#674);
#673 = CARTESIAN_POINT('',(-153.73708,17.46064,7.5));
#674 = VECTOR('',#675,1.);
#675 = DIRECTION('',(-1.224646799147E-16,0.,1.));
#676 = PLANE('',#677);
#677 = AXIS2_PLACEMENT_3D('',#678,#679,#680);
#678 = CARTESIAN_POINT('',(-153.73708,-21.18656,7.5));
#679 = DIRECTION('',(-1.,0.,-1.224646799147E-16));
#680 = DIRECTION('',(0.,1.,0.));
#681 = ADVANCED_FACE('',(#682),#700,.F.);
#682 = FACE_BOUND('',#683,.F.);
#683 = EDGE_LOOP('',(#684,#685,#693,#699));
#684 = ORIENTED_EDGE('',*,*,#129,.F.);
#685 = ORIENTED_EDGE('',*,*,#686,.T.);
#686 = EDGE_CURVE('',#122,#687,#689,.T.);
#687 = VERTEX_POINT('',#688);
#688 = CARTESIAN_POINT('',(-160.,-18.45,9.));
#689 = LINE('',#690,#691);
#690 = CARTESIAN_POINT('',(-160.,-18.45,10.5));
#691 = VECTOR('',#692,1.);
#692 = DIRECTION('',(1.224646799147E-16,0.,-1.));
#693 = ORIENTED_EDGE('',*,*,#694,.T.);
#694 = EDGE_CURVE('',#687,#656,#695,.T.);
#695 = LINE('',#696,#697);
#696 = CARTESIAN_POINT('',(-160.,-18.45,9.));
#697 = VECTOR('',#698,1.);
#698 = DIRECTION('',(1.,0.,1.224646799147E-16));
#699 = ORIENTED_EDGE('',*,*,#655,.T.);
#700 = PLANE('',#701);
#701 = AXIS2_PLACEMENT_3D('',#702,#703,#704);
#702 = CARTESIAN_POINT('',(-160.,-18.45,10.5));
#703 = DIRECTION('',(0.,-1.,0.));
#704 = DIRECTION('',(1.,0.,1.224646799147E-16));
#705 = ADVANCED_FACE('',(#706),#724,.F.);
#706 = FACE_BOUND('',#707,.F.);
#707 = EDGE_LOOP('',(#708,#716,#722,#723));
#708 = ORIENTED_EDGE('',*,*,#709,.T.);
#709 = EDGE_CURVE('',#114,#710,#712,.T.);
#710 = VERTEX_POINT('',#711);
#711 = CARTESIAN_POINT('',(-160.,41.55,9.));
#712 = LINE('',#713,#714);
#713 = CARTESIAN_POINT('',(-160.,41.55,10.5));
#714 = VECTOR('',#715,1.);
#715 = DIRECTION('',(1.224646799147E-16,0.,-1.));
#716 = ORIENTED_EDGE('',*,*,#717,.T.);
#717 = EDGE_CURVE('',#710,#687,#718,.T.);
#718 = LINE('',#719,#720);
#719 = CARTESIAN_POINT('',(-160.,41.55,9.));
#720 = VECTOR('',#721,1.);
#721 = DIRECTION('',(0.,-1.,0.));
#722 = ORIENTED_EDGE('',*,*,#686,.F.);
#723 = ORIENTED_EDGE('',*,*,#121,.F.);
#724 = PLANE('',#725);
#725 = AXIS2_PLACEMENT_3D('',#726,#727,#728);
#726 = CARTESIAN_POINT('',(-160.,41.55,10.5));
#727 = DIRECTION('',(-1.,0.,-1.224646799147E-16));
#728 = DIRECTION('',(0.,-1.,0.));
#729 = ADVANCED_FACE('',(#730),#749,.F.);
#730 = FACE_BOUND('',#731,.F.);
#731 = EDGE_LOOP('',(#732,#733,#742,#748));
#732 = ORIENTED_EDGE('',*,*,#113,.F.);
#733 = ORIENTED_EDGE('',*,*,#734,.F.);
#734 = EDGE_CURVE('',#735,#106,#737,.T.);
#735 = VERTEX_POINT('',#736);
#736 = CARTESIAN_POINT('',(-153.9209372712,41.55,9.));
#737 = CIRCLE('',#738,2.5);
#738 = AXIS2_PLACEMENT_3D('',#739,#740,#741);
#739 = CARTESIAN_POINT('',(-152.,41.55,10.6));
#740 = DIRECTION('',(-2.694222958124E-32,1.,2.2E-16));
#741 = DIRECTION('',(1.,0.,1.224646799147E-16));
#742 = ORIENTED_EDGE('',*,*,#743,.T.);
#743 = EDGE_CURVE('',#735,#710,#744,.T.);
#744 = LINE('',#745,#746);
#745 = CARTESIAN_POINT('',(-136.,41.55,9.));
#746 = VECTOR('',#747,1.);
#747 = DIRECTION('',(-1.,0.,-1.224646799147E-16));
#748 = ORIENTED_EDGE('',*,*,#709,.F.);
#749 = PLANE('',#750);
#750 = AXIS2_PLACEMENT_3D('',#751,#752,#753);
#751 = CARTESIAN_POINT('',(-136.,41.55,10.5));
#752 = DIRECTION('',(0.,1.,0.));
#753 = DIRECTION('',(-1.,0.,-1.224646799147E-16));
#754 = ADVANCED_FACE('',(#755),#822,.F.);
#755 = FACE_BOUND('',#756,.F.);
#756 = EDGE_LOOP('',(#757,#790,#798,#807,#813,#814,#815));
#757 = ORIENTED_EDGE('',*,*,#758,.F.);
#758 = EDGE_CURVE('',#759,#761,#763,.T.);
#759 = VERTEX_POINT('',#760);
#760 = CARTESIAN_POINT('',(-152.,46.4916407865,8.1));
#761 = VERTEX_POINT('',#762);
#762 = CARTESIAN_POINT('',(-154.1354156504,46.95,9.3));
#763 = B_SPLINE_CURVE_WITH_KNOTS('',7,(#764,#765,#766,#767,#768,#769,
    #770,#771,#772,#773,#774,#775,#776,#777,#778,#779,#780,#781,#782,
    #783,#784,#785,#786,#787,#788,#789),.UNSPECIFIED.,.F.,.F.,(8,6,6,6,8
    ),(0.,0.490129246779,0.738371528945,0.841812311433,1.),
  .UNSPECIFIED.);
#764 = CARTESIAN_POINT('',(-152.,46.4916407865,8.1));
#765 = CARTESIAN_POINT('',(-152.1767485282,46.4916407865,8.1));
#766 = CARTESIAN_POINT('',(-152.3508228239,46.504680319947,
    8.114578552631));
#767 = CARTESIAN_POINT('',(-152.5223775277,46.530049081243,
    8.142942491608));
#768 = CARTESIAN_POINT('',(-152.6912945084,46.56580674843,8.184925073853
    ));
#769 = CARTESIAN_POINT('',(-152.8566704553,46.608948674142,
    8.240604174582));
#770 = CARTESIAN_POINT('',(-153.0168304371,46.655947798848,8.30957971943
    ));
#771 = CARTESIAN_POINT('',(-153.2473134927,46.727392278795,
    8.431614215617));
#772 = CARTESIAN_POINT('',(-153.323482956,46.751682289095,8.476003503722
    ));
#773 = CARTESIAN_POINT('',(-153.3983124229,46.775884771339,
    8.523810305827));
#774 = CARTESIAN_POINT('',(-153.4717464931,46.799637883863,
    8.575112937557));
#775 = CARTESIAN_POINT('',(-153.5436916508,46.822560837002,8.6300027664)
  );
#776 = CARTESIAN_POINT('',(-153.6140130475,46.844239054226,
    8.688575464684));
#777 = CARTESIAN_POINT('',(-153.7110823424,46.872530805623,
    8.776901727055));
#778 = CARTESIAN_POINT('',(-153.7393219609,46.880556089403,
    8.803537877516));
#779 = CARTESIAN_POINT('',(-153.7672350753,46.8882511688,8.830835786573)
  );
#780 = CARTESIAN_POINT('',(-153.7948053777,46.895580369275,
    8.858799780441));
#781 = CARTESIAN_POINT('',(-153.8220153163,46.902506357547,
    8.887433438908));
#782 = CARTESIAN_POINT('',(-153.848846095,46.908990141594,8.916739595343
    ));
#783 = CARTESIAN_POINT('',(-153.915698389,46.924168042007,8.992568638118
    ));
#784 = CARTESIAN_POINT('',(-153.9552140099,46.932222118197,
    9.040026667273));
#785 = CARTESIAN_POINT('',(-153.9937118651,46.938995334749,
    9.089060987732));
#786 = CARTESIAN_POINT('',(-154.0310831471,46.944326565969,
    9.139630168703));
#787 = CARTESIAN_POINT('',(-154.0672233033,46.948051064355,
    9.191684182587));
#788 = CARTESIAN_POINT('',(-154.1020324274,46.95,9.245163802534));
#789 = CARTESIAN_POINT('',(-154.1354156504,46.95,9.3));
#790 = ORIENTED_EDGE('',*,*,#791,.T.);
#791 = EDGE_CURVE('',#759,#792,#794,.T.);
#792 = VERTEX_POINT('',#793);
#793 = CARTESIAN_POINT('',(-152.,34.95,8.1));
#794 = LINE('',#795,#796);
#795 = CARTESIAN_POINT('',(-152.,46.95,8.1));
#796 = VECTOR('',#797,1.);
#797 = DIRECTION('',(2.694222958124E-32,-1.,-2.2E-16));
#798 = ORIENTED_EDGE('',*,*,#799,.T.);
#799 = EDGE_CURVE('',#792,#800,#802,.T.);
#800 = VERTEX_POINT('',#801);
#801 = CARTESIAN_POINT('',(-153.9209372712,34.95,9.));
#802 = CIRCLE('',#803,2.5);
#803 = AXIS2_PLACEMENT_3D('',#804,#805,#806);
#804 = CARTESIAN_POINT('',(-152.,34.95,10.6));
#805 = DIRECTION('',(-0.,1.,0.));
#806 = DIRECTION('',(1.,0.,1.224646799147E-16));
#807 = ORIENTED_EDGE('',*,*,#808,.T.);
#808 = EDGE_CURVE('',#800,#735,#809,.T.);
#809 = LINE('',#810,#811);
#810 = CARTESIAN_POINT('',(-153.9209372712,46.95,9.));
#811 = VECTOR('',#812,1.);
#812 = DIRECTION('',(-2.694222958124E-32,1.,2.2E-16));
#813 = ORIENTED_EDGE('',*,*,#734,.T.);
#814 = ORIENTED_EDGE('',*,*,#105,.T.);
#815 = ORIENTED_EDGE('',*,*,#816,.F.);
#816 = EDGE_CURVE('',#761,#98,#817,.T.);
#817 = CIRCLE('',#818,2.5);
#818 = AXIS2_PLACEMENT_3D('',#819,#820,#821);
#819 = CARTESIAN_POINT('',(-152.,46.95,10.6));
#820 = DIRECTION('',(-0.,1.,0.));
#821 = DIRECTION('',(1.,0.,1.224646799147E-16));
#822 = CYLINDRICAL_SURFACE('',#823,2.5);
#823 = AXIS2_PLACEMENT_3D('',#824,#825,#826);
#824 = CARTESIAN_POINT('',(-152.,46.95,10.6));
#825 = DIRECTION('',(-2.694222958124E-32,1.,2.2E-16));
#826 = DIRECTION('',(1.,0.,1.224646799147E-16));
#827 = ADVANCED_FACE('',(#828),#870,.F.);
#828 = FACE_BOUND('',#829,.F.);
#829 = EDGE_LOOP('',(#830,#831,#839,#847,#863,#869));
#830 = ORIENTED_EDGE('',*,*,#97,.F.);
#831 = ORIENTED_EDGE('',*,*,#832,.T.);
#832 = EDGE_CURVE('',#89,#833,#835,.T.);
#833 = VERTEX_POINT('',#834);
#834 = CARTESIAN_POINT('',(-168.2,46.95,9.3));
#835 = LINE('',#836,#837);
#836 = CARTESIAN_POINT('',(-168.2,46.95,10.5));
#837 = VECTOR('',#838,1.);
#838 = DIRECTION('',(1.224646799147E-16,0.,-1.));
#839 = ORIENTED_EDGE('',*,*,#840,.T.);
#840 = EDGE_CURVE('',#833,#841,#843,.T.);
#841 = VERTEX_POINT('',#842);
#842 = CARTESIAN_POINT('',(-167.9778029157,46.95,9.3));
#843 = LINE('',#844,#845);
#844 = CARTESIAN_POINT('',(-170.,46.95,9.3));
#845 = VECTOR('',#846,1.);
#846 = DIRECTION('',(1.,0.,1.224646799147E-16));
#847 = ORIENTED_EDGE('',*,*,#848,.T.);
#848 = EDGE_CURVE('',#841,#849,#851,.T.);
#849 = VERTEX_POINT('',#850);
#850 = CARTESIAN_POINT('',(-165.5221970842,46.95,9.3));
#851 = ( BOUNDED_CURVE() B_SPLINE_CURVE(10,(#852,#853,#854,#855,#856,
    #857,#858,#859,#860,#861,#862),.UNSPECIFIED.,.F.,.F.) 
B_SPLINE_CURVE_WITH_KNOTS((11,11),(2.022197084219,4.477802915781),
.PIECEWISE_BEZIER_KNOTS.) CURVE() GEOMETRIC_REPRESENTATION_ITEM() 
RATIONAL_B_SPLINE_CURVE((1.,1.,1.,1.,1.,1.,1.,1.,1.,1.,1.)) 
REPRESENTATION_ITEM('') );
#852 = CARTESIAN_POINT('',(-167.9778029157,46.95,9.3));
#853 = CARTESIAN_POINT('',(-167.7322423326,46.95,9.3));
#854 = CARTESIAN_POINT('',(-167.4866817494,46.95,9.273375854225));
#855 = CARTESIAN_POINT('',(-167.2411211663,46.95,9.253727851527));
#856 = CARTESIAN_POINT('',(-166.9955605831,46.95,9.233550495092));
#857 = CARTESIAN_POINT('',(-166.75,46.95,9.232069601845));
#858 = CARTESIAN_POINT('',(-166.5044394168,46.95,9.233550495092));
#859 = CARTESIAN_POINT('',(-166.2588788336,46.95,9.253727851527));
#860 = CARTESIAN_POINT('',(-166.0133182505,46.95,9.273375854225));
#861 = CARTESIAN_POINT('',(-165.7677576673,46.95,9.3));
#862 = CARTESIAN_POINT('',(-165.5221970842,46.95,9.3));
#863 = ORIENTED_EDGE('',*,*,#864,.T.);
#864 = EDGE_CURVE('',#849,#761,#865,.T.);
#865 = LINE('',#866,#867);
#866 = CARTESIAN_POINT('',(-170.,46.95,9.3));
#867 = VECTOR('',#868,1.);
#868 = DIRECTION('',(1.,0.,1.224646799147E-16));
#869 = ORIENTED_EDGE('',*,*,#816,.T.);
#870 = PLANE('',#871);
#871 = AXIS2_PLACEMENT_3D('',#872,#873,#874);
#872 = CARTESIAN_POINT('',(-170.,46.95,10.5));
#873 = DIRECTION('',(0.,-1.,0.));
#874 = DIRECTION('',(1.,0.,1.224646799147E-16));
#875 = ADVANCED_FACE('',(#876),#895,.T.);
#876 = FACE_BOUND('',#877,.F.);
#877 = EDGE_LOOP('',(#878,#879,#887,#894));
#878 = ORIENTED_EDGE('',*,*,#88,.T.);
#879 = ORIENTED_EDGE('',*,*,#880,.T.);
#880 = EDGE_CURVE('',#81,#881,#883,.T.);
#881 = VERTEX_POINT('',#882);
#882 = CARTESIAN_POINT('',(-170.,45.15,9.3));
#883 = LINE('',#884,#885);
#884 = CARTESIAN_POINT('',(-170.,45.15,10.5));
#885 = VECTOR('',#886,1.);
#886 = DIRECTION('',(1.224646799147E-16,0.,-1.));
#887 = ORIENTED_EDGE('',*,*,#888,.F.);
#888 = EDGE_CURVE('',#833,#881,#889,.T.);
#889 = CIRCLE('',#890,1.8);
#890 = AXIS2_PLACEMENT_3D('',#891,#892,#893);
#891 = CARTESIAN_POINT('',(-168.2,45.15,9.3));
#892 = DIRECTION('',(-1.824646799147E-16,0.,1.));
#893 = DIRECTION('',(-1.,0.,-1.824646799147E-16));
#894 = ORIENTED_EDGE('',*,*,#832,.F.);
#895 = CYLINDRICAL_SURFACE('',#896,1.8);
#896 = AXIS2_PLACEMENT_3D('',#897,#898,#899);
#897 = CARTESIAN_POINT('',(-168.2,45.15,10.5));
#898 = DIRECTION('',(1.224646799147E-16,0.,-1.));
#899 = DIRECTION('',(0.,1.,0.));
#900 = ADVANCED_FACE('',(#901),#995,.F.);
#901 = FACE_BOUND('',#902,.F.);
#902 = EDGE_LOOP('',(#903,#904,#911,#912,#920,#928,#941,#954,#962,#975,
    #988,#994));
#903 = ORIENTED_EDGE('',*,*,#80,.F.);
#904 = ORIENTED_EDGE('',*,*,#905,.T.);
#905 = EDGE_CURVE('',#73,#49,#906,.T.);
#906 = CIRCLE('',#907,4.85);
#907 = AXIS2_PLACEMENT_3D('',#908,#909,#910);
#908 = CARTESIAN_POINT('',(-170.,-33.64,14.35));
#909 = DIRECTION('',(-1.,0.,-1.224646799147E-16));
#910 = DIRECTION('',(0.,1.,0.));
#911 = ORIENTED_EDGE('',*,*,#48,.F.);
#912 = ORIENTED_EDGE('',*,*,#913,.T.);
#913 = EDGE_CURVE('',#41,#914,#916,.T.);
#914 = VERTEX_POINT('',#915);
#915 = CARTESIAN_POINT('',(-170.,-46.95,9.3));
#916 = LINE('',#917,#918);
#917 = CARTESIAN_POINT('',(-170.,-46.95,10.5));
#918 = VECTOR('',#919,1.);
#919 = DIRECTION('',(1.224646799147E-16,0.,-1.));
#920 = ORIENTED_EDGE('',*,*,#921,.T.);
#921 = EDGE_CURVE('',#914,#922,#924,.T.);
#922 = VERTEX_POINT('',#923);
#923 = CARTESIAN_POINT('',(-170.,-44.92780291578,9.3));
#924 = LINE('',#925,#926);
#925 = CARTESIAN_POINT('',(-170.,-46.95,9.3));
#926 = VECTOR('',#927,1.);
#927 = DIRECTION('',(0.,1.,0.));
#928 = ORIENTED_EDGE('',*,*,#929,.T.);
#929 = EDGE_CURVE('',#922,#930,#932,.T.);
#930 = VERTEX_POINT('',#931);
#931 = CARTESIAN_POINT('',(-170.,-43.7,9.242842505793));
#932 = ( BOUNDED_CURVE() B_SPLINE_CURVE(7,(#933,#934,#935,#936,#937,#938
,#939,#940),.UNSPECIFIED.,.F.,.F.) B_SPLINE_CURVE_WITH_KNOTS((8,8),(
2.022197084219,3.25),.PIECEWISE_BEZIER_KNOTS.) CURVE() 
GEOMETRIC_REPRESENTATION_ITEM() RATIONAL_B_SPLINE_CURVE((1.,1.,1.,1.,1.,
1.,1.,1.)) REPRESENTATION_ITEM('') );
#933 = CARTESIAN_POINT('',(-170.,-44.92780291578,9.3));
#934 = CARTESIAN_POINT('',(-170.,-44.75240249924,9.3));
#935 = CARTESIAN_POINT('',(-170.,-44.5770020827,9.285786850564));
#936 = CARTESIAN_POINT('',(-170.,-44.40160166616,9.271371504932));
#937 = CARTESIAN_POINT('',(-170.,-44.22620124962,9.257307532372));
#938 = CARTESIAN_POINT('',(-170.,-44.05080083308,9.247762929681));
#939 = CARTESIAN_POINT('',(-170.,-43.87540041654,9.242842505793));
#940 = CARTESIAN_POINT('',(-170.,-43.7,9.242842505793));
#941 = ORIENTED_EDGE('',*,*,#942,.T.);
#942 = EDGE_CURVE('',#930,#943,#945,.T.);
#943 = VERTEX_POINT('',#944);
#944 = CARTESIAN_POINT('',(-170.,-42.47219708421,9.3));
#945 = ( BOUNDED_CURVE() B_SPLINE_CURVE(7,(#946,#947,#948,#949,#950,#951
,#952,#953),.UNSPECIFIED.,.F.,.F.) B_SPLINE_CURVE_WITH_KNOTS((8,8),(3.25
,4.477802915781),.PIECEWISE_BEZIER_KNOTS.) CURVE() 
GEOMETRIC_REPRESENTATION_ITEM() RATIONAL_B_SPLINE_CURVE((1.,1.,1.,1.,1.,
1.,1.,1.)) REPRESENTATION_ITEM('') );
#946 = CARTESIAN_POINT('',(-170.,-43.7,9.242842505793));
#947 = CARTESIAN_POINT('',(-170.,-43.52459958346,9.242842505793));
#948 = CARTESIAN_POINT('',(-170.,-43.34919916692,9.247762929681));
#949 = CARTESIAN_POINT('',(-170.,-43.17379875038,9.257307532372));
#950 = CARTESIAN_POINT('',(-170.,-42.99839833384,9.271371504932));
#951 = CARTESIAN_POINT('',(-170.,-42.82299791729,9.285786850564));
#952 = CARTESIAN_POINT('',(-170.,-42.64759750075,9.3));
#953 = CARTESIAN_POINT('',(-170.,-42.47219708421,9.3));
#954 = ORIENTED_EDGE('',*,*,#955,.T.);
#955 = EDGE_CURVE('',#943,#956,#958,.T.);
#956 = VERTEX_POINT('',#957);
#957 = CARTESIAN_POINT('',(-170.,42.472197084219,9.3));
#958 = LINE('',#959,#960);
#959 = CARTESIAN_POINT('',(-170.,-46.95,9.3));
#960 = VECTOR('',#961,1.);
#961 = DIRECTION('',(0.,1.,0.));
#962 = ORIENTED_EDGE('',*,*,#963,.T.);
#963 = EDGE_CURVE('',#956,#964,#966,.T.);
#964 = VERTEX_POINT('',#965);
#965 = CARTESIAN_POINT('',(-170.,43.7,9.242842505793));
#966 = ( BOUNDED_CURVE() B_SPLINE_CURVE(7,(#967,#968,#969,#970,#971,#972
,#973,#974),.UNSPECIFIED.,.F.,.F.) B_SPLINE_CURVE_WITH_KNOTS((8,8),(
89.422197084219,90.65),.PIECEWISE_BEZIER_KNOTS.) CURVE() 
GEOMETRIC_REPRESENTATION_ITEM() RATIONAL_B_SPLINE_CURVE((1.,1.,1.,1.,1.,
1.,1.,1.)) REPRESENTATION_ITEM('') );
#967 = CARTESIAN_POINT('',(-170.,42.472197084219,9.3));
#968 = CARTESIAN_POINT('',(-170.,42.647597500759,9.3));
#969 = CARTESIAN_POINT('',(-170.,42.822997917299,9.285786850564));
#970 = CARTESIAN_POINT('',(-170.,42.99839833384,9.271371504932));
#971 = CARTESIAN_POINT('',(-170.,43.17379875038,9.257307532372));
#972 = CARTESIAN_POINT('',(-170.,43.34919916692,9.247762929681));
#973 = CARTESIAN_POINT('',(-170.,43.52459958346,9.242842505793));
#974 = CARTESIAN_POINT('',(-170.,43.7,9.242842505793));
#975 = ORIENTED_EDGE('',*,*,#976,.T.);
#976 = EDGE_CURVE('',#964,#977,#979,.T.);
#977 = VERTEX_POINT('',#978);
#978 = CARTESIAN_POINT('',(-170.,44.927802915781,9.3));
#979 = ( BOUNDED_CURVE() B_SPLINE_CURVE(7,(#980,#981,#982,#983,#984,#985
,#986,#987),.UNSPECIFIED.,.F.,.F.) B_SPLINE_CURVE_WITH_KNOTS((8,8),(
90.65,91.877802915781),.PIECEWISE_BEZIER_KNOTS.) CURVE() 
GEOMETRIC_REPRESENTATION_ITEM() RATIONAL_B_SPLINE_CURVE((1.,1.,1.,1.,1.,
1.,1.,1.)) REPRESENTATION_ITEM('') );
#980 = CARTESIAN_POINT('',(-170.,43.7,9.242842505793));
#981 = CARTESIAN_POINT('',(-170.,43.87540041654,9.242842505793));
#982 = CARTESIAN_POINT('',(-170.,44.05080083308,9.247762929681));
#983 = CARTESIAN_POINT('',(-170.,44.22620124962,9.257307532372));
#984 = CARTESIAN_POINT('',(-170.,44.401601666161,9.271371504932));
#985 = CARTESIAN_POINT('',(-170.,44.577002082701,9.285786850564));
#986 = CARTESIAN_POINT('',(-170.,44.752402499241,9.3));
#987 = CARTESIAN_POINT('',(-170.,44.927802915781,9.3));
#988 = ORIENTED_EDGE('',*,*,#989,.T.);
#989 = EDGE_CURVE('',#977,#881,#990,.T.);
#990 = LINE('',#991,#992);
#991 = CARTESIAN_POINT('',(-170.,-46.95,9.3));
#992 = VECTOR('',#993,1.);
#993 = DIRECTION('',(0.,1.,0.));
#994 = ORIENTED_EDGE('',*,*,#880,.F.);
#995 = PLANE('',#996);
#996 = AXIS2_PLACEMENT_3D('',#997,#998,#999);
#997 = CARTESIAN_POINT('',(-170.,-46.95,10.5));
#998 = DIRECTION('',(1.,0.,1.224646799147E-16));
#999 = DIRECTION('',(0.,1.,0.));
#1000 = ADVANCED_FACE('',(#1001),#1013,.F.);
#1001 = FACE_BOUND('',#1002,.F.);
#1002 = EDGE_LOOP('',(#1003,#1004,#1005,#1012));
#1003 = ORIENTED_EDGE('',*,*,#905,.F.);
#1004 = ORIENTED_EDGE('',*,*,#72,.F.);
#1005 = ORIENTED_EDGE('',*,*,#1006,.T.);
#1006 = EDGE_CURVE('',#65,#57,#1007,.T.);
#1007 = CIRCLE('',#1008,4.85);
#1008 = AXIS2_PLACEMENT_3D('',#1009,#1010,#1011);
#1009 = CARTESIAN_POINT('',(-160.,-33.64,14.35));
#1010 = DIRECTION('',(-1.,0.,-1.224646799147E-16));
#1011 = DIRECTION('',(0.,1.,0.));
#1012 = ORIENTED_EDGE('',*,*,#56,.T.);
#1013 = CYLINDRICAL_SURFACE('',#1014,4.85);
#1014 = AXIS2_PLACEMENT_3D('',#1015,#1016,#1017);
#1015 = CARTESIAN_POINT('',(-170.,-33.64,14.35));
#1016 = DIRECTION('',(-1.,0.,-1.224646799147E-16));
#1017 = DIRECTION('',(0.,1.,0.));
#1018 = ADVANCED_FACE('',(#1019),#1023,.T.);
#1019 = FACE_BOUND('',#1020,.T.);
#1020 = EDGE_LOOP('',(#1021,#1022));
#1021 = ORIENTED_EDGE('',*,*,#64,.T.);
#1022 = ORIENTED_EDGE('',*,*,#1006,.T.);
#1023 = PLANE('',#1024);
#1024 = AXIS2_PLACEMENT_3D('',#1025,#1026,#1027);
#1025 = CARTESIAN_POINT('',(-160.,-33.64,14.35));
#1026 = DIRECTION('',(-1.,0.,-1.224646799147E-16));
#1027 = DIRECTION('',(1.224646799147E-16,0.,-1.));
#1028 = ADVANCED_FACE('',(#1029),#1065,.F.);
#1029 = FACE_BOUND('',#1030,.F.);
#1030 = EDGE_LOOP('',(#1031,#1039,#1048,#1056,#1063,#1064));
#1031 = ORIENTED_EDGE('',*,*,#1032,.T.);
#1032 = EDGE_CURVE('',#33,#1033,#1035,.T.);
#1033 = VERTEX_POINT('',#1034);
#1034 = CARTESIAN_POINT('',(-30.,-46.95,9.3));
#1035 = LINE('',#1036,#1037);
#1036 = CARTESIAN_POINT('',(-30.,-46.95,10.5));
#1037 = VECTOR('',#1038,1.);
#1038 = DIRECTION('',(1.224646799147E-16,0.,-1.));
#1039 = ORIENTED_EDGE('',*,*,#1040,.T.);
#1040 = EDGE_CURVE('',#1033,#1041,#1043,.T.);
#1041 = VERTEX_POINT('',#1042);
#1042 = CARTESIAN_POINT('',(-31.8,-46.95,7.5));
#1043 = CIRCLE('',#1044,1.8);
#1044 = AXIS2_PLACEMENT_3D('',#1045,#1046,#1047);
#1045 = CARTESIAN_POINT('',(-31.8,-46.95,9.3));
#1046 = DIRECTION('',(0.,1.,-0.));
#1047 = DIRECTION('',(-1.224646799147E-16,0.,1.));
#1048 = ORIENTED_EDGE('',*,*,#1049,.T.);
#1049 = EDGE_CURVE('',#1041,#1050,#1052,.T.);
#1050 = VERTEX_POINT('',#1051);
#1051 = CARTESIAN_POINT('',(-168.2,-46.95,7.5));
#1052 = LINE('',#1053,#1054);
#1053 = CARTESIAN_POINT('',(-30.,-46.95,7.5));
#1054 = VECTOR('',#1055,1.);
#1055 = DIRECTION('',(-1.,0.,-1.224646799147E-16));
#1056 = ORIENTED_EDGE('',*,*,#1057,.F.);
#1057 = EDGE_CURVE('',#914,#1050,#1058,.T.);
#1058 = CIRCLE('',#1059,1.8);
#1059 = AXIS2_PLACEMENT_3D('',#1060,#1061,#1062);
#1060 = CARTESIAN_POINT('',(-168.2,-46.95,9.3));
#1061 = DIRECTION('',(0.,-1.,0.));
#1062 = DIRECTION('',(1.224646799147E-16,0.,-1.));
#1063 = ORIENTED_EDGE('',*,*,#913,.F.);
#1064 = ORIENTED_EDGE('',*,*,#40,.F.);
#1065 = PLANE('',#1066);
#1066 = AXIS2_PLACEMENT_3D('',#1067,#1068,#1069);
#1067 = CARTESIAN_POINT('',(-30.,-46.95,10.5));
#1068 = DIRECTION('',(0.,1.,0.));
#1069 = DIRECTION('',(-1.,0.,-1.224646799147E-16));
#1070 = ADVANCED_FACE('',(#1071),#1130,.F.);
#1071 = FACE_BOUND('',#1072,.F.);
#1072 = EDGE_LOOP('',(#1073,#1074,#1075,#1076,#1084,#1100,#1108,#1124));
#1073 = ORIENTED_EDGE('',*,*,#1032,.F.);
#1074 = ORIENTED_EDGE('',*,*,#32,.F.);
#1075 = ORIENTED_EDGE('',*,*,#373,.T.);
#1076 = ORIENTED_EDGE('',*,*,#1077,.T.);
#1077 = EDGE_CURVE('',#365,#1078,#1080,.T.);
#1078 = VERTEX_POINT('',#1079);
#1079 = CARTESIAN_POINT('',(-30.,44.927802915781,9.3));
#1080 = LINE('',#1081,#1082);
#1081 = CARTESIAN_POINT('',(-30.,46.95,9.3));
#1082 = VECTOR('',#1083,1.);
#1083 = DIRECTION('',(0.,-1.,0.));
#1084 = ORIENTED_EDGE('',*,*,#1085,.T.);
#1085 = EDGE_CURVE('',#1078,#1086,#1088,.T.);
#1086 = VERTEX_POINT('',#1087);
#1087 = CARTESIAN_POINT('',(-30.,42.472197084219,9.3));
#1088 = ( BOUNDED_CURVE() B_SPLINE_CURVE(10,(#1089,#1090,#1091,#1092,
    #1093,#1094,#1095,#1096,#1097,#1098,#1099),.UNSPECIFIED.,.F.,.F.) 
B_SPLINE_CURVE_WITH_KNOTS((11,11),(2.022197084219,4.477802915781),
.PIECEWISE_BEZIER_KNOTS.) CURVE() GEOMETRIC_REPRESENTATION_ITEM() 
RATIONAL_B_SPLINE_CURVE((1.,1.,1.,1.,1.,1.,1.,1.,1.,1.,1.)) 
REPRESENTATION_ITEM('') );
#1089 = CARTESIAN_POINT('',(-30.,44.927802915781,9.3));
#1090 = CARTESIAN_POINT('',(-30.,44.682242332625,9.3));
#1091 = CARTESIAN_POINT('',(-30.,44.436681749469,9.273375854225));
#1092 = CARTESIAN_POINT('',(-30.,44.191121166312,9.253727851527));
#1093 = CARTESIAN_POINT('',(-30.,43.945560583156,9.233550495092));
#1094 = CARTESIAN_POINT('',(-30.,43.7,9.232069601845));
#1095 = CARTESIAN_POINT('',(-30.,43.454439416844,9.233550495092));
#1096 = CARTESIAN_POINT('',(-30.,43.208878833688,9.253727851527));
#1097 = CARTESIAN_POINT('',(-30.,42.963318250531,9.273375854225));
#1098 = CARTESIAN_POINT('',(-30.,42.717757667375,9.3));
#1099 = CARTESIAN_POINT('',(-30.,42.472197084219,9.3));
#1100 = ORIENTED_EDGE('',*,*,#1101,.T.);
#1101 = EDGE_CURVE('',#1086,#1102,#1104,.T.);
#1102 = VERTEX_POINT('',#1103);
#1103 = CARTESIAN_POINT('',(-30.,-42.47219708421,9.3));
#1104 = LINE('',#1105,#1106);
#1105 = CARTESIAN_POINT('',(-30.,46.95,9.3));
#1106 = VECTOR('',#1107,1.);
#1107 = DIRECTION('',(0.,-1.,0.));
#1108 = ORIENTED_EDGE('',*,*,#1109,.T.);
#1109 = EDGE_CURVE('',#1102,#1110,#1112,.T.);
#1110 = VERTEX_POINT('',#1111);
#1111 = CARTESIAN_POINT('',(-30.,-44.92780291578,9.3));
#1112 = ( BOUNDED_CURVE() B_SPLINE_CURVE(10,(#1113,#1114,#1115,#1116,
    #1117,#1118,#1119,#1120,#1121,#1122,#1123),.UNSPECIFIED.,.F.,.F.) 
B_SPLINE_CURVE_WITH_KNOTS((11,11),(89.422197084219,91.877802915781),
.PIECEWISE_BEZIER_KNOTS.) CURVE() GEOMETRIC_REPRESENTATION_ITEM() 
RATIONAL_B_SPLINE_CURVE((1.,1.,1.,1.,1.,1.,1.,1.,1.,1.,1.)) 
REPRESENTATION_ITEM('') );
#1113 = CARTESIAN_POINT('',(-30.,-42.47219708421,9.3));
#1114 = CARTESIAN_POINT('',(-30.,-42.71775766737,9.3));
#1115 = CARTESIAN_POINT('',(-30.,-42.96331825053,9.273375854225));
#1116 = CARTESIAN_POINT('',(-30.,-43.20887883368,9.253727851527));
#1117 = CARTESIAN_POINT('',(-30.,-43.45443941684,9.233550495092));
#1118 = CARTESIAN_POINT('',(-30.,-43.7,9.232069601845));
#1119 = CARTESIAN_POINT('',(-30.,-43.94556058315,9.233550495092));
#1120 = CARTESIAN_POINT('',(-30.,-44.19112116631,9.253727851527));
#1121 = CARTESIAN_POINT('',(-30.,-44.43668174946,9.273375854225));
#1122 = CARTESIAN_POINT('',(-30.,-44.68224233262,9.3));
#1123 = CARTESIAN_POINT('',(-30.,-44.92780291578,9.3));
#1124 = ORIENTED_EDGE('',*,*,#1125,.T.);
#1125 = EDGE_CURVE('',#1110,#1033,#1126,.T.);
#1126 = LINE('',#1127,#1128);
#1127 = CARTESIAN_POINT('',(-30.,46.95,9.3));
#1128 = VECTOR('',#1129,1.);
#1129 = DIRECTION('',(0.,-1.,0.));
#1130 = PLANE('',#1131);
#1131 = AXIS2_PLACEMENT_3D('',#1132,#1133,#1134);
#1132 = CARTESIAN_POINT('',(-30.,46.95,10.5));
#1133 = DIRECTION('',(-1.,0.,-1.224646799147E-16));
#1134 = DIRECTION('',(0.,-1.,0.));
#1135 = ADVANCED_FACE('',(#1136),#1155,.F.);
#1136 = FACE_BOUND('',#1137,.F.);
#1137 = EDGE_LOOP('',(#1138,#1146,#1153,#1154));
#1138 = ORIENTED_EDGE('',*,*,#1139,.F.);
#1139 = EDGE_CURVE('',#1140,#202,#1142,.T.);
#1140 = VERTEX_POINT('',#1141);
#1141 = CARTESIAN_POINT('',(-34.29999999993,-43.70000000006,9.743));
#1142 = LINE('',#1143,#1144);
#1143 = CARTESIAN_POINT('',(-34.29999999993,-43.70000000006,7.5));
#1144 = VECTOR('',#1145,1.);
#1145 = DIRECTION('',(-1.224646799147E-16,0.,1.));
#1146 = ORIENTED_EDGE('',*,*,#1147,.F.);
#1147 = EDGE_CURVE('',#1140,#1140,#1148,.T.);
#1148 = CIRCLE('',#1149,1.05);
#1149 = AXIS2_PLACEMENT_3D('',#1150,#1151,#1152);
#1150 = CARTESIAN_POINT('',(-33.24999999993,-43.70000000006,9.743));
#1151 = DIRECTION('',(1.224646799147E-16,0.,-1.));
#1152 = DIRECTION('',(-1.,0.,-1.224646799147E-16));
#1153 = ORIENTED_EDGE('',*,*,#1139,.T.);
#1154 = ORIENTED_EDGE('',*,*,#201,.T.);
#1155 = CYLINDRICAL_SURFACE('',#1156,1.05);
#1156 = AXIS2_PLACEMENT_3D('',#1157,#1158,#1159);
#1157 = CARTESIAN_POINT('',(-33.24999999993,-43.70000000006,7.5));
#1158 = DIRECTION('',(1.224646799147E-16,0.,-1.));
#1159 = DIRECTION('',(-1.,0.,-1.224646799147E-16));
#1160 = ADVANCED_FACE('',(#1161),#1180,.F.);
#1161 = FACE_BOUND('',#1162,.F.);
#1162 = EDGE_LOOP('',(#1163,#1171,#1178,#1179));
#1163 = ORIENTED_EDGE('',*,*,#1164,.F.);
#1164 = EDGE_CURVE('',#1165,#213,#1167,.T.);
#1165 = VERTEX_POINT('',#1166);
#1166 = CARTESIAN_POINT('',(-167.8,-43.7,9.743));
#1167 = LINE('',#1168,#1169);
#1168 = CARTESIAN_POINT('',(-167.8,-43.7,7.5));
#1169 = VECTOR('',#1170,1.);
#1170 = DIRECTION('',(-1.224646799147E-16,0.,1.));
#1171 = ORIENTED_EDGE('',*,*,#1172,.F.);
#1172 = EDGE_CURVE('',#1165,#1165,#1173,.T.);
#1173 = CIRCLE('',#1174,1.05);
#1174 = AXIS2_PLACEMENT_3D('',#1175,#1176,#1177);
#1175 = CARTESIAN_POINT('',(-166.75,-43.7,9.743));
#1176 = DIRECTION('',(1.224646799147E-16,0.,-1.));
#1177 = DIRECTION('',(-1.,0.,-1.224646799147E-16));
#1178 = ORIENTED_EDGE('',*,*,#1164,.T.);
#1179 = ORIENTED_EDGE('',*,*,#212,.T.);
#1180 = CYLINDRICAL_SURFACE('',#1181,1.05);
#1181 = AXIS2_PLACEMENT_3D('',#1182,#1183,#1184);
#1182 = CARTESIAN_POINT('',(-166.75,-43.7,7.5));
#1183 = DIRECTION('',(1.224646799147E-16,0.,-1.));
#1184 = DIRECTION('',(-1.,0.,-1.224646799147E-16));
#1185 = ADVANCED_FACE('',(#1186),#1211,.F.);
#1186 = FACE_BOUND('',#1187,.F.);
#1187 = EDGE_LOOP('',(#1188,#1198,#1204,#1205));
#1188 = ORIENTED_EDGE('',*,*,#1189,.F.);
#1189 = EDGE_CURVE('',#1190,#1192,#1194,.T.);
#1190 = VERTEX_POINT('',#1191);
#1191 = CARTESIAN_POINT('',(-40.2,-19.25,7.5));
#1192 = VERTEX_POINT('',#1193);
#1193 = CARTESIAN_POINT('',(-94.2,-19.25,7.5));
#1194 = LINE('',#1195,#1196);
#1195 = CARTESIAN_POINT('',(-38.7,-19.25,7.5));
#1196 = VECTOR('',#1197,1.);
#1197 = DIRECTION('',(-1.,0.,-1.224646799147E-16));
#1198 = ORIENTED_EDGE('',*,*,#1199,.T.);
#1199 = EDGE_CURVE('',#1190,#226,#1200,.T.);
#1200 = LINE('',#1201,#1202);
#1201 = CARTESIAN_POINT('',(-40.2,-19.25,7.5));
#1202 = VECTOR('',#1203,1.);
#1203 = DIRECTION('',(-1.224646799147E-16,0.,1.));
#1204 = ORIENTED_EDGE('',*,*,#223,.F.);
#1205 = ORIENTED_EDGE('',*,*,#1206,.F.);
#1206 = EDGE_CURVE('',#1192,#224,#1207,.T.);
#1207 = LINE('',#1208,#1209);
#1208 = CARTESIAN_POINT('',(-94.2,-19.25,7.5));
#1209 = VECTOR('',#1210,1.);
#1210 = DIRECTION('',(-1.224646799147E-16,0.,1.));
#1211 = PLANE('',#1212);
#1212 = AXIS2_PLACEMENT_3D('',#1213,#1214,#1215);
#1213 = CARTESIAN_POINT('',(-38.7,-19.25,7.5));
#1214 = DIRECTION('',(0.,-1.,0.));
#1215 = DIRECTION('',(-1.,0.,-1.224646799147E-16));
#1216 = ADVANCED_FACE('',(#1217),#1236,.T.);
#1217 = FACE_BOUND('',#1218,.T.);
#1218 = EDGE_LOOP('',(#1219,#1228,#1234,#1235));
#1219 = ORIENTED_EDGE('',*,*,#1220,.T.);
#1220 = EDGE_CURVE('',#1192,#1221,#1223,.T.);
#1221 = VERTEX_POINT('',#1222);
#1222 = CARTESIAN_POINT('',(-95.7,-20.75,7.5));
#1223 = CIRCLE('',#1224,1.5);
#1224 = AXIS2_PLACEMENT_3D('',#1225,#1226,#1227);
#1225 = CARTESIAN_POINT('',(-94.2,-20.75,7.5));
#1226 = DIRECTION('',(-1.224646799147E-16,0.,1.));
#1227 = DIRECTION('',(0.,1.,0.));
#1228 = ORIENTED_EDGE('',*,*,#1229,.T.);
#1229 = EDGE_CURVE('',#1221,#311,#1230,.T.);
#1230 = LINE('',#1231,#1232);
#1231 = CARTESIAN_POINT('',(-95.7,-20.75,7.5));
#1232 = VECTOR('',#1233,1.);
#1233 = DIRECTION('',(-1.224646799147E-16,0.,1.));
#1234 = ORIENTED_EDGE('',*,*,#318,.F.);
#1235 = ORIENTED_EDGE('',*,*,#1206,.F.);
#1236 = CYLINDRICAL_SURFACE('',#1237,1.5);
#1237 = AXIS2_PLACEMENT_3D('',#1238,#1239,#1240);
#1238 = CARTESIAN_POINT('',(-94.2,-20.75,7.5));
#1239 = DIRECTION('',(-1.224646799147E-16,0.,1.));
#1240 = DIRECTION('',(0.,1.,0.));
#1241 = ADVANCED_FACE('',(#1242),#1261,.F.);
#1242 = FACE_BOUND('',#1243,.F.);
#1243 = EDGE_LOOP('',(#1244,#1253,#1259,#1260));
#1244 = ORIENTED_EDGE('',*,*,#1245,.T.);
#1245 = EDGE_CURVE('',#1190,#1246,#1248,.T.);
#1246 = VERTEX_POINT('',#1247);
#1247 = CARTESIAN_POINT('',(-38.7,-17.75,7.5));
#1248 = CIRCLE('',#1249,1.5);
#1249 = AXIS2_PLACEMENT_3D('',#1250,#1251,#1252);
#1250 = CARTESIAN_POINT('',(-40.2,-17.75,7.5));
#1251 = DIRECTION('',(-1.224646799147E-16,0.,1.));
#1252 = DIRECTION('',(0.,1.,0.));
#1253 = ORIENTED_EDGE('',*,*,#1254,.T.);
#1254 = EDGE_CURVE('',#1246,#234,#1255,.T.);
#1255 = LINE('',#1256,#1257);
#1256 = CARTESIAN_POINT('',(-38.7,-17.75,7.5));
#1257 = VECTOR('',#1258,1.);
#1258 = DIRECTION('',(-1.224646799147E-16,0.,1.));
#1259 = ORIENTED_EDGE('',*,*,#233,.F.);
#1260 = ORIENTED_EDGE('',*,*,#1199,.F.);
#1261 = CYLINDRICAL_SURFACE('',#1262,1.5);
#1262 = AXIS2_PLACEMENT_3D('',#1263,#1264,#1265);
#1263 = CARTESIAN_POINT('',(-40.2,-17.75,7.5));
#1264 = DIRECTION('',(-1.224646799147E-16,0.,1.));
#1265 = DIRECTION('',(0.,-1.,0.));
#1266 = ADVANCED_FACE('',(#1267),#1285,.F.);
#1267 = FACE_BOUND('',#1268,.F.);
#1268 = EDGE_LOOP('',(#1269,#1277,#1278,#1279));
#1269 = ORIENTED_EDGE('',*,*,#1270,.F.);
#1270 = EDGE_CURVE('',#1221,#1271,#1273,.T.);
#1271 = VERTEX_POINT('',#1272);
#1272 = CARTESIAN_POINT('',(-95.7,-36.75,7.5));
#1273 = LINE('',#1274,#1275);
#1274 = CARTESIAN_POINT('',(-95.7,-19.25,7.5));
#1275 = VECTOR('',#1276,1.);
#1276 = DIRECTION('',(0.,-1.,0.));
#1277 = ORIENTED_EDGE('',*,*,#1229,.T.);
#1278 = ORIENTED_EDGE('',*,*,#310,.F.);
#1279 = ORIENTED_EDGE('',*,*,#1280,.F.);
#1280 = EDGE_CURVE('',#1271,#302,#1281,.T.);
#1281 = LINE('',#1282,#1283);
#1282 = CARTESIAN_POINT('',(-95.7,-36.75,7.5));
#1283 = VECTOR('',#1284,1.);
#1284 = DIRECTION('',(-1.224646799147E-16,0.,1.));
#1285 = PLANE('',#1286);
#1286 = AXIS2_PLACEMENT_3D('',#1287,#1288,#1289);
#1287 = CARTESIAN_POINT('',(-95.7,-19.25,7.5));
#1288 = DIRECTION('',(1.,0.,1.224646799147E-16));
#1289 = DIRECTION('',(0.,-1.,0.));
#1290 = ADVANCED_FACE('',(#1291),#1309,.F.);
#1291 = FACE_BOUND('',#1292,.F.);
#1292 = EDGE_LOOP('',(#1293,#1301,#1307,#1308));
#1293 = ORIENTED_EDGE('',*,*,#1294,.F.);
#1294 = EDGE_CURVE('',#1295,#1246,#1297,.T.);
#1295 = VERTEX_POINT('',#1296);
#1296 = CARTESIAN_POINT('',(-38.7,36.75,7.5));
#1297 = LINE('',#1298,#1299);
#1298 = CARTESIAN_POINT('',(-38.7,38.25,7.5));
#1299 = VECTOR('',#1300,1.);
#1300 = DIRECTION('',(0.,-1.,0.));
#1301 = ORIENTED_EDGE('',*,*,#1302,.T.);
#1302 = EDGE_CURVE('',#1295,#243,#1303,.T.);
#1303 = LINE('',#1304,#1305);
#1304 = CARTESIAN_POINT('',(-38.7,36.75,7.5));
#1305 = VECTOR('',#1306,1.);
#1306 = DIRECTION('',(-1.224646799147E-16,0.,1.));
#1307 = ORIENTED_EDGE('',*,*,#242,.F.);
#1308 = ORIENTED_EDGE('',*,*,#1254,.F.);
#1309 = PLANE('',#1310);
#1310 = AXIS2_PLACEMENT_3D('',#1311,#1312,#1313);
#1311 = CARTESIAN_POINT('',(-38.7,38.25,7.5));
#1312 = DIRECTION('',(1.,0.,1.224646799147E-16));
#1313 = DIRECTION('',(0.,-1.,0.));
#1314 = ADVANCED_FACE('',(#1315),#1334,.F.);
#1315 = FACE_BOUND('',#1316,.T.);
#1316 = EDGE_LOOP('',(#1317,#1326,#1332,#1333));
#1317 = ORIENTED_EDGE('',*,*,#1318,.T.);
#1318 = EDGE_CURVE('',#1271,#1319,#1321,.T.);
#1319 = VERTEX_POINT('',#1320);
#1320 = CARTESIAN_POINT('',(-97.2,-38.25,7.5));
#1321 = CIRCLE('',#1322,1.5);
#1322 = AXIS2_PLACEMENT_3D('',#1323,#1324,#1325);
#1323 = CARTESIAN_POINT('',(-97.2,-36.75,7.5));
#1324 = DIRECTION('',(1.224646799147E-16,0.,-1.));
#1325 = DIRECTION('',(0.,1.,0.));
#1326 = ORIENTED_EDGE('',*,*,#1327,.T.);
#1327 = EDGE_CURVE('',#1319,#294,#1328,.T.);
#1328 = LINE('',#1329,#1330);
#1329 = CARTESIAN_POINT('',(-97.2,-38.25,7.5));
#1330 = VECTOR('',#1331,1.);
#1331 = DIRECTION('',(-1.224646799147E-16,0.,1.));
#1332 = ORIENTED_EDGE('',*,*,#301,.F.);
#1333 = ORIENTED_EDGE('',*,*,#1280,.F.);
#1334 = CYLINDRICAL_SURFACE('',#1335,1.5);
#1335 = AXIS2_PLACEMENT_3D('',#1336,#1337,#1338);
#1336 = CARTESIAN_POINT('',(-97.2,-36.75,7.5));
#1337 = DIRECTION('',(-1.224646799147E-16,0.,1.));
#1338 = DIRECTION('',(1.,0.,1.224646799147E-16));
#1339 = ADVANCED_FACE('',(#1340),#1359,.F.);
#1340 = FACE_BOUND('',#1341,.F.);
#1341 = EDGE_LOOP('',(#1342,#1351,#1357,#1358));
#1342 = ORIENTED_EDGE('',*,*,#1343,.T.);
#1343 = EDGE_CURVE('',#1295,#1344,#1346,.T.);
#1344 = VERTEX_POINT('',#1345);
#1345 = CARTESIAN_POINT('',(-40.2,38.25,7.5));
#1346 = CIRCLE('',#1347,1.5);
#1347 = AXIS2_PLACEMENT_3D('',#1348,#1349,#1350);
#1348 = CARTESIAN_POINT('',(-40.2,36.75,7.5));
#1349 = DIRECTION('',(-1.224646799147E-16,0.,1.));
#1350 = DIRECTION('',(0.,1.,0.));
#1351 = ORIENTED_EDGE('',*,*,#1352,.T.);
#1352 = EDGE_CURVE('',#1344,#251,#1353,.T.);
#1353 = LINE('',#1354,#1355);
#1354 = CARTESIAN_POINT('',(-40.2,38.25,7.5));
#1355 = VECTOR('',#1356,1.);
#1356 = DIRECTION('',(-1.224646799147E-16,0.,1.));
#1357 = ORIENTED_EDGE('',*,*,#250,.F.);
#1358 = ORIENTED_EDGE('',*,*,#1302,.F.);
#1359 = CYLINDRICAL_SURFACE('',#1360,1.5);
#1360 = AXIS2_PLACEMENT_3D('',#1361,#1362,#1363);
#1361 = CARTESIAN_POINT('',(-40.2,36.75,7.5));
#1362 = DIRECTION('',(-1.224646799147E-16,0.,1.));
#1363 = DIRECTION('',(1.,0.,1.224646799147E-16));
#1364 = ADVANCED_FACE('',(#1365),#1383,.F.);
#1365 = FACE_BOUND('',#1366,.F.);
#1366 = EDGE_LOOP('',(#1367,#1375,#1376,#1377));
#1367 = ORIENTED_EDGE('',*,*,#1368,.F.);
#1368 = EDGE_CURVE('',#1319,#1369,#1371,.T.);
#1369 = VERTEX_POINT('',#1370);
#1370 = CARTESIAN_POINT('',(-132.7,-38.25,7.5));
#1371 = LINE('',#1372,#1373);
#1372 = CARTESIAN_POINT('',(-95.7,-38.25,7.5));
#1373 = VECTOR('',#1374,1.);
#1374 = DIRECTION('',(-1.,0.,-1.224646799147E-16));
#1375 = ORIENTED_EDGE('',*,*,#1327,.T.);
#1376 = ORIENTED_EDGE('',*,*,#293,.F.);
#1377 = ORIENTED_EDGE('',*,*,#1378,.F.);
#1378 = EDGE_CURVE('',#1369,#285,#1379,.T.);
#1379 = LINE('',#1380,#1381);
#1380 = CARTESIAN_POINT('',(-132.7,-38.25,7.5));
#1381 = VECTOR('',#1382,1.);
#1382 = DIRECTION('',(-1.224646799147E-16,0.,1.));
#1383 = PLANE('',#1384);
#1384 = AXIS2_PLACEMENT_3D('',#1385,#1386,#1387);
#1385 = CARTESIAN_POINT('',(-95.7,-38.25,7.5));
#1386 = DIRECTION('',(0.,-1.,0.));
#1387 = DIRECTION('',(-1.,0.,-1.224646799147E-16));
#1388 = ADVANCED_FACE('',(#1389),#1407,.T.);
#1389 = FACE_BOUND('',#1390,.T.);
#1390 = EDGE_LOOP('',(#1391,#1399,#1400,#1401));
#1391 = ORIENTED_EDGE('',*,*,#1392,.F.);
#1392 = EDGE_CURVE('',#1344,#1393,#1395,.T.);
#1393 = VERTEX_POINT('',#1394);
#1394 = CARTESIAN_POINT('',(-132.7,38.25,7.5));
#1395 = LINE('',#1396,#1397);
#1396 = CARTESIAN_POINT('',(-38.7,38.25,7.5));
#1397 = VECTOR('',#1398,1.);
#1398 = DIRECTION('',(-1.,0.,-1.224646799147E-16));
#1399 = ORIENTED_EDGE('',*,*,#1352,.T.);
#1400 = ORIENTED_EDGE('',*,*,#259,.F.);
#1401 = ORIENTED_EDGE('',*,*,#1402,.F.);
#1402 = EDGE_CURVE('',#1393,#260,#1403,.T.);
#1403 = LINE('',#1404,#1405);
#1404 = CARTESIAN_POINT('',(-132.7,38.25,7.5));
#1405 = VECTOR('',#1406,1.);
#1406 = DIRECTION('',(-1.224646799147E-16,0.,1.));
#1407 = PLANE('',#1408);
#1408 = AXIS2_PLACEMENT_3D('',#1409,#1410,#1411);
#1409 = CARTESIAN_POINT('',(-38.7,38.25,7.5));
#1410 = DIRECTION('',(0.,-1.,0.));
#1411 = DIRECTION('',(-1.,0.,-1.224646799147E-16));
#1412 = ADVANCED_FACE('',(#1413),#1432,.F.);
#1413 = FACE_BOUND('',#1414,.T.);
#1414 = EDGE_LOOP('',(#1415,#1424,#1430,#1431));
#1415 = ORIENTED_EDGE('',*,*,#1416,.T.);
#1416 = EDGE_CURVE('',#1369,#1417,#1419,.T.);
#1417 = VERTEX_POINT('',#1418);
#1418 = CARTESIAN_POINT('',(-134.2,-36.75,7.5));
#1419 = CIRCLE('',#1420,1.5);
#1420 = AXIS2_PLACEMENT_3D('',#1421,#1422,#1423);
#1421 = CARTESIAN_POINT('',(-132.7,-36.75,7.5));
#1422 = DIRECTION('',(1.224646799147E-16,0.,-1.));
#1423 = DIRECTION('',(0.,1.,0.));
#1424 = ORIENTED_EDGE('',*,*,#1425,.T.);
#1425 = EDGE_CURVE('',#1417,#277,#1426,.T.);
#1426 = LINE('',#1427,#1428);
#1427 = CARTESIAN_POINT('',(-134.2,-36.75,7.5));
#1428 = VECTOR('',#1429,1.);
#1429 = DIRECTION('',(-1.224646799147E-16,0.,1.));
#1430 = ORIENTED_EDGE('',*,*,#284,.F.);
#1431 = ORIENTED_EDGE('',*,*,#1378,.F.);
#1432 = CYLINDRICAL_SURFACE('',#1433,1.5);
#1433 = AXIS2_PLACEMENT_3D('',#1434,#1435,#1436);
#1434 = CARTESIAN_POINT('',(-132.7,-36.75,7.5));
#1435 = DIRECTION('',(-1.224646799147E-16,0.,1.));
#1436 = DIRECTION('',(0.,-1.,0.));
#1437 = ADVANCED_FACE('',(#1438),#1457,.F.);
#1438 = FACE_BOUND('',#1439,.F.);
#1439 = EDGE_LOOP('',(#1440,#1449,#1455,#1456));
#1440 = ORIENTED_EDGE('',*,*,#1441,.T.);
#1441 = EDGE_CURVE('',#1393,#1442,#1444,.T.);
#1442 = VERTEX_POINT('',#1443);
#1443 = CARTESIAN_POINT('',(-134.2,36.75,7.5));
#1444 = CIRCLE('',#1445,1.5);
#1445 = AXIS2_PLACEMENT_3D('',#1446,#1447,#1448);
#1446 = CARTESIAN_POINT('',(-132.7,36.75,7.5));
#1447 = DIRECTION('',(-1.224646799147E-16,0.,1.));
#1448 = DIRECTION('',(0.,1.,0.));
#1449 = ORIENTED_EDGE('',*,*,#1450,.T.);
#1450 = EDGE_CURVE('',#1442,#268,#1451,.T.);
#1451 = LINE('',#1452,#1453);
#1452 = CARTESIAN_POINT('',(-134.2,36.75,7.5));
#1453 = VECTOR('',#1454,1.);
#1454 = DIRECTION('',(-1.224646799147E-16,0.,1.));
#1455 = ORIENTED_EDGE('',*,*,#267,.F.);
#1456 = ORIENTED_EDGE('',*,*,#1402,.F.);
#1457 = CYLINDRICAL_SURFACE('',#1458,1.5);
#1458 = AXIS2_PLACEMENT_3D('',#1459,#1460,#1461);
#1459 = CARTESIAN_POINT('',(-132.7,36.75,7.5));
#1460 = DIRECTION('',(-1.224646799147E-16,0.,1.));
#1461 = DIRECTION('',(0.,1.,0.));
#1462 = ADVANCED_FACE('',(#1463),#1474,.T.);
#1463 = FACE_BOUND('',#1464,.T.);
#1464 = EDGE_LOOP('',(#1465,#1471,#1472,#1473));
#1465 = ORIENTED_EDGE('',*,*,#1466,.F.);
#1466 = EDGE_CURVE('',#1442,#1417,#1467,.T.);
#1467 = LINE('',#1468,#1469);
#1468 = CARTESIAN_POINT('',(-134.2,38.25,7.5));
#1469 = VECTOR('',#1470,1.);
#1470 = DIRECTION('',(0.,-1.,0.));
#1471 = ORIENTED_EDGE('',*,*,#1450,.T.);
#1472 = ORIENTED_EDGE('',*,*,#276,.F.);
#1473 = ORIENTED_EDGE('',*,*,#1425,.F.);
#1474 = PLANE('',#1475);
#1475 = AXIS2_PLACEMENT_3D('',#1476,#1477,#1478);
#1476 = CARTESIAN_POINT('',(-134.2,38.25,7.5));
#1477 = DIRECTION('',(1.,0.,1.224646799147E-16));
#1478 = DIRECTION('',(0.,-1.,0.));
#1479 = ADVANCED_FACE('',(#1480),#1499,.F.);
#1480 = FACE_BOUND('',#1481,.F.);
#1481 = EDGE_LOOP('',(#1482,#1490,#1497,#1498));
#1482 = ORIENTED_EDGE('',*,*,#1483,.F.);
#1483 = EDGE_CURVE('',#1484,#328,#1486,.T.);
#1484 = VERTEX_POINT('',#1485);
#1485 = CARTESIAN_POINT('',(-34.3,43.7,9.743));
#1486 = LINE('',#1487,#1488);
#1487 = CARTESIAN_POINT('',(-34.3,43.7,7.5));
#1488 = VECTOR('',#1489,1.);
#1489 = DIRECTION('',(-1.224646799147E-16,0.,1.));
#1490 = ORIENTED_EDGE('',*,*,#1491,.F.);
#1491 = EDGE_CURVE('',#1484,#1484,#1492,.T.);
#1492 = CIRCLE('',#1493,1.05);
#1493 = AXIS2_PLACEMENT_3D('',#1494,#1495,#1496);
#1494 = CARTESIAN_POINT('',(-33.25,43.7,9.743));
#1495 = DIRECTION('',(1.224646799147E-16,0.,-1.));
#1496 = DIRECTION('',(-1.,0.,-1.224646799147E-16));
#1497 = ORIENTED_EDGE('',*,*,#1483,.T.);
#1498 = ORIENTED_EDGE('',*,*,#327,.T.);
#1499 = CYLINDRICAL_SURFACE('',#1500,1.05);
#1500 = AXIS2_PLACEMENT_3D('',#1501,#1502,#1503);
#1501 = CARTESIAN_POINT('',(-33.25,43.7,7.5));
#1502 = DIRECTION('',(1.224646799147E-16,0.,-1.));
#1503 = DIRECTION('',(-1.,0.,-1.224646799147E-16));
#1504 = ADVANCED_FACE('',(#1505),#1524,.F.);
#1505 = FACE_BOUND('',#1506,.F.);
#1506 = EDGE_LOOP('',(#1507,#1515,#1522,#1523));
#1507 = ORIENTED_EDGE('',*,*,#1508,.F.);
#1508 = EDGE_CURVE('',#1509,#339,#1511,.T.);
#1509 = VERTEX_POINT('',#1510);
#1510 = CARTESIAN_POINT('',(-167.8,43.7,9.743));
#1511 = LINE('',#1512,#1513);
#1512 = CARTESIAN_POINT('',(-167.8,43.7,7.5));
#1513 = VECTOR('',#1514,1.);
#1514 = DIRECTION('',(-1.224646799147E-16,0.,1.));
#1515 = ORIENTED_EDGE('',*,*,#1516,.F.);
#1516 = EDGE_CURVE('',#1509,#1509,#1517,.T.);
#1517 = CIRCLE('',#1518,1.05);
#1518 = AXIS2_PLACEMENT_3D('',#1519,#1520,#1521);
#1519 = CARTESIAN_POINT('',(-166.75,43.7,9.743));
#1520 = DIRECTION('',(1.224646799147E-16,0.,-1.));
#1521 = DIRECTION('',(-1.,0.,-1.224646799147E-16));
#1522 = ORIENTED_EDGE('',*,*,#1508,.T.);
#1523 = ORIENTED_EDGE('',*,*,#338,.T.);
#1524 = CYLINDRICAL_SURFACE('',#1525,1.05);
#1525 = AXIS2_PLACEMENT_3D('',#1526,#1527,#1528);
#1526 = CARTESIAN_POINT('',(-166.75,43.7,7.5));
#1527 = DIRECTION('',(1.224646799147E-16,0.,-1.));
#1528 = DIRECTION('',(-1.,0.,-1.224646799147E-16));
#1529 = ADVANCED_FACE('',(#1530),#1549,.T.);
#1530 = FACE_BOUND('',#1531,.T.);
#1531 = EDGE_LOOP('',(#1532,#1533,#1542));
#1532 = ORIENTED_EDGE('',*,*,#364,.F.);
#1533 = ORIENTED_EDGE('',*,*,#1534,.T.);
#1534 = EDGE_CURVE('',#365,#1535,#1537,.T.);
#1535 = VERTEX_POINT('',#1536);
#1536 = CARTESIAN_POINT('',(-31.8,45.15,7.5));
#1537 = CIRCLE('',#1538,1.8);
#1538 = AXIS2_PLACEMENT_3D('',#1539,#1540,#1541);
#1539 = CARTESIAN_POINT('',(-31.8,45.15,9.3));
#1540 = DIRECTION('',(-7.347880794884E-33,1.,6.E-17));
#1541 = DIRECTION('',(1.224646799147E-16,6.E-17,-1.));
#1542 = ORIENTED_EDGE('',*,*,#1543,.F.);
#1543 = EDGE_CURVE('',#357,#1535,#1544,.T.);
#1544 = CIRCLE('',#1545,1.8);
#1545 = AXIS2_PLACEMENT_3D('',#1546,#1547,#1548);
#1546 = CARTESIAN_POINT('',(-31.8,45.15,9.3));
#1547 = DIRECTION('',(-1.,0.,-1.224646799147E-16));
#1548 = DIRECTION('',(0.,1.,0.));
#1549 = SPHERICAL_SURFACE('',#1550,1.8);
#1550 = AXIS2_PLACEMENT_3D('',#1551,#1552,#1553);
#1551 = CARTESIAN_POINT('',(-31.8,45.15,9.3));
#1552 = DIRECTION('',(-1.,0.,-1.224646799147E-16));
#1553 = DIRECTION('',(0.,1.,0.));
#1554 = ADVANCED_FACE('',(#1555),#1573,.T.);
#1555 = FACE_BOUND('',#1556,.F.);
#1556 = EDGE_LOOP('',(#1557,#1565,#1571,#1572));
#1557 = ORIENTED_EDGE('',*,*,#1558,.T.);
#1558 = EDGE_CURVE('',#406,#1559,#1561,.T.);
#1559 = VERTEX_POINT('',#1560);
#1560 = CARTESIAN_POINT('',(-32.02219708421,45.15,7.5));
#1561 = ( BOUNDED_CURVE() B_SPLINE_CURVE(2,(#1562,#1563,#1564),
.UNSPECIFIED.,.F.,.F.) B_SPLINE_CURVE_WITH_KNOTS((3,3),(0.,
2.455605831562),.PIECEWISE_BEZIER_KNOTS.) CURVE() 
GEOMETRIC_REPRESENTATION_ITEM() RATIONAL_B_SPLINE_CURVE((1.,
0.707106781187,1.)) REPRESENTATION_ITEM('') );
#1562 = CARTESIAN_POINT('',(-32.02219708421,46.95,9.3));
#1563 = CARTESIAN_POINT('',(-32.02219708421,46.95,7.5));
#1564 = CARTESIAN_POINT('',(-32.02219708421,45.15,7.5));
#1565 = ORIENTED_EDGE('',*,*,#1566,.T.);
#1566 = EDGE_CURVE('',#1559,#1535,#1567,.T.);
#1567 = LINE('',#1568,#1569);
#1568 = CARTESIAN_POINT('',(-170.,45.15,7.5));
#1569 = VECTOR('',#1570,1.);
#1570 = DIRECTION('',(1.,0.,1.224646799147E-16));
#1571 = ORIENTED_EDGE('',*,*,#1543,.F.);
#1572 = ORIENTED_EDGE('',*,*,#421,.F.);
#1573 = CYLINDRICAL_SURFACE('',#1574,1.8);
#1574 = AXIS2_PLACEMENT_3D('',#1575,#1576,#1577);
#1575 = CARTESIAN_POINT('',(-170.,45.15,9.3));
#1576 = DIRECTION('',(1.,0.,1.224646799147E-16));
#1577 = DIRECTION('',(0.,1.,0.));
#1578 = ADVANCED_FACE('',(#1579),#1606,.F.);
#1579 = FACE_BOUND('',#1580,.F.);
#1580 = EDGE_LOOP('',(#1581,#1590,#1604,#1605));
#1581 = ORIENTED_EDGE('',*,*,#1582,.T.);
#1582 = EDGE_CURVE('',#398,#1583,#1585,.T.);
#1583 = VERTEX_POINT('',#1584);
#1584 = CARTESIAN_POINT('',(-34.47780291578,45.15,7.5));
#1585 = CIRCLE('',#1586,1.8);
#1586 = AXIS2_PLACEMENT_3D('',#1587,#1588,#1589);
#1587 = CARTESIAN_POINT('',(-34.47780291578,45.15,9.3));
#1588 = DIRECTION('',(-1.,0.,-1.224646799147E-16));
#1589 = DIRECTION('',(0.,1.,0.));
#1590 = ORIENTED_EDGE('',*,*,#1591,.T.);
#1591 = EDGE_CURVE('',#1583,#1559,#1592,.T.);
#1592 = ( BOUNDED_CURVE() B_SPLINE_CURVE(10,(#1593,#1594,#1595,#1596,
    #1597,#1598,#1599,#1600,#1601,#1602,#1603),.UNSPECIFIED.,.F.,.F.) 
B_SPLINE_CURVE_WITH_KNOTS((11,11),(135.52219708421,137.97780291578),
.PIECEWISE_BEZIER_KNOTS.) CURVE() GEOMETRIC_REPRESENTATION_ITEM() 
RATIONAL_B_SPLINE_CURVE((1.,1.,1.,1.,1.,1.,1.,1.,1.,1.,1.)) 
REPRESENTATION_ITEM('') );
#1593 = CARTESIAN_POINT('',(-34.47780291578,45.15,7.5));
#1594 = CARTESIAN_POINT('',(-34.23224233262,45.357931034483,7.5));
#1595 = CARTESIAN_POINT('',(-33.98668174946,45.486591709899,7.5));
#1596 = CARTESIAN_POINT('',(-33.74112116631,45.577847782461,7.5));
#1597 = CARTESIAN_POINT('',(-33.49556058315,45.623703667801,7.5));
#1598 = CARTESIAN_POINT('',(-33.25,45.644879673611,7.5));
#1599 = CARTESIAN_POINT('',(-33.00443941684,45.623703667801,7.5));
#1600 = CARTESIAN_POINT('',(-32.75887883368,45.577847782461,7.5));
#1601 = CARTESIAN_POINT('',(-32.51331825053,45.486591709899,7.5));
#1602 = CARTESIAN_POINT('',(-32.26775766737,45.357931034483,7.5));
#1603 = CARTESIAN_POINT('',(-32.02219708421,45.15,7.5));
#1604 = ORIENTED_EDGE('',*,*,#1558,.F.);
#1605 = ORIENTED_EDGE('',*,*,#405,.F.);
#1606 = ( BOUNDED_SURFACE() B_SPLINE_SURFACE(2,10,(
    (#1607,#1608,#1609,#1610,#1611,#1612,#1613,#1614,#1615,#1616,#1617)
    ,(#1618,#1619,#1620,#1621,#1622,#1623,#1624,#1625,#1626,#1627,#1628)
    ,(#1629,#1630,#1631,#1632,#1633,#1634,#1635,#1636,#1637,#1638,#1639
)),.UNSPECIFIED.,.F.,.F.,.F.) B_SPLINE_SURFACE_WITH_KNOTS((3,3),(11,11),
  (0.,2.455605831562),(135.52219708421,137.97780291578),
.PIECEWISE_BEZIER_KNOTS.) GEOMETRIC_REPRESENTATION_ITEM() 
RATIONAL_B_SPLINE_SURFACE((
    (1.,1.,1.,1.,1.,1.,1.,1.,1.,1.,1.)
    ,(0.707106781187,0.747948293548,0.770608224511,0.787137374093
      ,0.794344352614,0.798721241341,0.794344352614,0.787137374093
      ,0.770608224511,0.747948293548,0.707106781187)
,(1.,1.,1.,1.,1.,1.,1.,1.,1.,1.,1.
  ))) REPRESENTATION_ITEM('') SURFACE() );
#1607 = CARTESIAN_POINT('',(-34.47780291578,46.95,9.3));
#1608 = CARTESIAN_POINT('',(-34.23224233262,46.95,9.3));
#1609 = CARTESIAN_POINT('',(-33.98668174946,46.95,9.273375854225));
#1610 = CARTESIAN_POINT('',(-33.74112116631,46.95,9.253727851527));
#1611 = CARTESIAN_POINT('',(-33.49556058315,46.95,9.233550495092));
#1612 = CARTESIAN_POINT('',(-33.25,46.95,9.232069601845));
#1613 = CARTESIAN_POINT('',(-33.00443941684,46.95,9.233550495092));
#1614 = CARTESIAN_POINT('',(-32.75887883368,46.95,9.253727851527));
#1615 = CARTESIAN_POINT('',(-32.51331825053,46.95,9.273375854225));
#1616 = CARTESIAN_POINT('',(-32.26775766737,46.95,9.3));
#1617 = CARTESIAN_POINT('',(-32.02219708421,46.95,9.3));
#1618 = CARTESIAN_POINT('',(-34.47780291578,46.95,7.5));
#1619 = CARTESIAN_POINT('',(-34.24565110122,46.95,7.696577017115));
#1620 = CARTESIAN_POINT('',(-33.99833478877,46.95,7.784406204821));
#1621 = CARTESIAN_POINT('',(-33.75172692439,46.95,7.840348428133));
#1622 = CARTESIAN_POINT('',(-33.50012525825,46.95,7.85975082276));
#1623 = CARTESIAN_POINT('',(-33.25,46.95,7.873605130118));
#1624 = CARTESIAN_POINT('',(-32.99987474174,46.95,7.85975082276));
#1625 = CARTESIAN_POINT('',(-32.7482730756,46.95,7.840348428134));
#1626 = CARTESIAN_POINT('',(-32.50166521122,46.95,7.784406204821));
#1627 = CARTESIAN_POINT('',(-32.25434889877,46.95,7.696577017115));
#1628 = CARTESIAN_POINT('',(-32.02219708421,46.95,7.5));
#1629 = CARTESIAN_POINT('',(-34.47780291578,45.15,7.5));
#1630 = CARTESIAN_POINT('',(-34.23224233262,45.357931034483,7.5));
#1631 = CARTESIAN_POINT('',(-33.98668174946,45.486591709899,7.5));
#1632 = CARTESIAN_POINT('',(-33.74112116631,45.577847782461,7.5));
#1633 = CARTESIAN_POINT('',(-33.49556058315,45.623703667801,7.5));
#1634 = CARTESIAN_POINT('',(-33.25,45.644879673611,7.5));
#1635 = CARTESIAN_POINT('',(-33.00443941684,45.623703667801,7.5));
#1636 = CARTESIAN_POINT('',(-32.75887883368,45.577847782461,7.5));
#1637 = CARTESIAN_POINT('',(-32.51331825053,45.486591709899,7.5));
#1638 = CARTESIAN_POINT('',(-32.26775766737,45.357931034483,7.5));
#1639 = CARTESIAN_POINT('',(-32.02219708421,45.15,7.5));
#1640 = ADVANCED_FACE('',(#1641),#1668,.T.);
#1641 = FACE_BOUND('',#1642,.F.);
#1642 = EDGE_LOOP('',(#1643,#1644,#1652,#1658,#1659,#1660,#1661,#1667));
#1643 = ORIENTED_EDGE('',*,*,#864,.F.);
#1644 = ORIENTED_EDGE('',*,*,#1645,.T.);
#1645 = EDGE_CURVE('',#849,#1646,#1648,.T.);
#1646 = VERTEX_POINT('',#1647);
#1647 = CARTESIAN_POINT('',(-165.5221970842,45.15,7.5));
#1648 = ( BOUNDED_CURVE() B_SPLINE_CURVE(2,(#1649,#1650,#1651),
.UNSPECIFIED.,.F.,.F.) B_SPLINE_CURVE_WITH_KNOTS((3,3),(0.,
2.455605831562),.PIECEWISE_BEZIER_KNOTS.) CURVE() 
GEOMETRIC_REPRESENTATION_ITEM() RATIONAL_B_SPLINE_CURVE((1.,
0.707106781187,1.)) REPRESENTATION_ITEM('') );
#1649 = CARTESIAN_POINT('',(-165.5221970842,46.95,9.3));
#1650 = CARTESIAN_POINT('',(-165.5221970842,46.95,7.5));
#1651 = CARTESIAN_POINT('',(-165.5221970842,45.15,7.5));
#1652 = ORIENTED_EDGE('',*,*,#1653,.T.);
#1653 = EDGE_CURVE('',#1646,#1583,#1654,.T.);
#1654 = LINE('',#1655,#1656);
#1655 = CARTESIAN_POINT('',(-170.,45.15,7.5));
#1656 = VECTOR('',#1657,1.);
#1657 = DIRECTION('',(1.,0.,1.224646799147E-16));
#1658 = ORIENTED_EDGE('',*,*,#1582,.F.);
#1659 = ORIENTED_EDGE('',*,*,#397,.F.);
#1660 = ORIENTED_EDGE('',*,*,#472,.T.);
#1661 = ORIENTED_EDGE('',*,*,#1662,.F.);
#1662 = EDGE_CURVE('',#759,#465,#1663,.T.);
#1663 = LINE('',#1664,#1665);
#1664 = CARTESIAN_POINT('',(-170.,46.4916407865,8.1));
#1665 = VECTOR('',#1666,1.);
#1666 = DIRECTION('',(1.,0.,1.224646799147E-16));
#1667 = ORIENTED_EDGE('',*,*,#758,.T.);
#1668 = CYLINDRICAL_SURFACE('',#1669,1.8);
#1669 = AXIS2_PLACEMENT_3D('',#1670,#1671,#1672);
#1670 = CARTESIAN_POINT('',(-170.,45.15,9.3));
#1671 = DIRECTION('',(1.,0.,1.224646799147E-16));
#1672 = DIRECTION('',(0.,1.,0.));
#1673 = ADVANCED_FACE('',(#1674),#1685,.F.);
#1674 = FACE_BOUND('',#1675,.F.);
#1675 = EDGE_LOOP('',(#1676,#1677,#1678,#1684));
#1676 = ORIENTED_EDGE('',*,*,#1662,.T.);
#1677 = ORIENTED_EDGE('',*,*,#464,.T.);
#1678 = ORIENTED_EDGE('',*,*,#1679,.T.);
#1679 = EDGE_CURVE('',#456,#792,#1680,.T.);
#1680 = LINE('',#1681,#1682);
#1681 = CARTESIAN_POINT('',(-143.,34.95,8.1));
#1682 = VECTOR('',#1683,1.);
#1683 = DIRECTION('',(-1.,0.,-1.224646799147E-16));
#1684 = ORIENTED_EDGE('',*,*,#791,.F.);
#1685 = PLANE('',#1686);
#1686 = AXIS2_PLACEMENT_3D('',#1687,#1688,#1689);
#1687 = CARTESIAN_POINT('',(-143.,46.95,8.1));
#1688 = DIRECTION('',(1.224646799147E-16,2.2E-16,-1.));
#1689 = DIRECTION('',(-1.,0.,-1.224646799147E-16));
#1690 = ADVANCED_FACE('',(#1691),#1702,.T.);
#1691 = FACE_BOUND('',#1692,.T.);
#1692 = EDGE_LOOP('',(#1693,#1699,#1700,#1701));
#1693 = ORIENTED_EDGE('',*,*,#1694,.T.);
#1694 = EDGE_CURVE('',#800,#448,#1695,.T.);
#1695 = LINE('',#1696,#1697);
#1696 = CARTESIAN_POINT('',(-147.75,34.95,9.));
#1697 = VECTOR('',#1698,1.);
#1698 = DIRECTION('',(1.,0.,1.224646799147E-16));
#1699 = ORIENTED_EDGE('',*,*,#455,.T.);
#1700 = ORIENTED_EDGE('',*,*,#1679,.T.);
#1701 = ORIENTED_EDGE('',*,*,#799,.T.);
#1702 = PLANE('',#1703);
#1703 = AXIS2_PLACEMENT_3D('',#1704,#1705,#1706);
#1704 = CARTESIAN_POINT('',(-147.5,34.95,12.1));
#1705 = DIRECTION('',(0.,1.,0.));
#1706 = DIRECTION('',(1.224646799147E-16,0.,-1.));
#1707 = ADVANCED_FACE('',(#1708),#1727,.F.);
#1708 = FACE_BOUND('',#1709,.F.);
#1709 = EDGE_LOOP('',(#1710,#1711,#1712,#1713,#1714,#1715,#1716,#1717,
    #1718,#1719,#1725,#1726));
#1710 = ORIENTED_EDGE('',*,*,#717,.F.);
#1711 = ORIENTED_EDGE('',*,*,#743,.F.);
#1712 = ORIENTED_EDGE('',*,*,#808,.F.);
#1713 = ORIENTED_EDGE('',*,*,#1694,.T.);
#1714 = ORIENTED_EDGE('',*,*,#447,.T.);
#1715 = ORIENTED_EDGE('',*,*,#518,.F.);
#1716 = ORIENTED_EDGE('',*,*,#541,.F.);
#1717 = ORIENTED_EDGE('',*,*,#566,.F.);
#1718 = ORIENTED_EDGE('',*,*,#599,.T.);
#1719 = ORIENTED_EDGE('',*,*,#1720,.T.);
#1720 = EDGE_CURVE('',#592,#664,#1721,.T.);
#1721 = LINE('',#1722,#1723);
#1722 = CARTESIAN_POINT('',(-150.86854,17.46064,9.));
#1723 = VECTOR('',#1724,1.);
#1724 = DIRECTION('',(-1.,0.,-1.224646799147E-16));
#1725 = ORIENTED_EDGE('',*,*,#663,.T.);
#1726 = ORIENTED_EDGE('',*,*,#694,.F.);
#1727 = PLANE('',#1728);
#1728 = AXIS2_PLACEMENT_3D('',#1729,#1730,#1731);
#1729 = CARTESIAN_POINT('',(-148.,11.55,9.));
#1730 = DIRECTION('',(1.224646799147E-16,0.,-1.));
#1731 = DIRECTION('',(-1.,0.,-1.224646799147E-16));
#1732 = ADVANCED_FACE('',(#1733,#1819,#1833),#1844,.T.);
#1733 = FACE_BOUND('',#1734,.T.);
#1734 = EDGE_LOOP('',(#1735,#1736,#1744,#1753,#1761,#1768,#1769,#1778,
    #1787,#1795,#1804,#1813));
#1735 = ORIENTED_EDGE('',*,*,#1049,.T.);
#1736 = ORIENTED_EDGE('',*,*,#1737,.T.);
#1737 = EDGE_CURVE('',#1050,#1738,#1740,.T.);
#1738 = VERTEX_POINT('',#1739);
#1739 = CARTESIAN_POINT('',(-168.2,-44.92780291578,7.5));
#1740 = LINE('',#1741,#1742);
#1741 = CARTESIAN_POINT('',(-168.2,-46.95,7.5));
#1742 = VECTOR('',#1743,1.);
#1743 = DIRECTION('',(0.,1.,0.));
#1744 = ORIENTED_EDGE('',*,*,#1745,.F.);
#1745 = EDGE_CURVE('',#1746,#1738,#1748,.T.);
#1746 = VERTEX_POINT('',#1747);
#1747 = CARTESIAN_POINT('',(-168.2,-42.47219708421,7.5));
#1748 = CIRCLE('',#1749,1.9);
#1749 = AXIS2_PLACEMENT_3D('',#1750,#1751,#1752);
#1750 = CARTESIAN_POINT('',(-166.75,-43.7,7.5));
#1751 = DIRECTION('',(1.224646799147E-16,0.,-1.));
#1752 = DIRECTION('',(-1.,0.,-1.224646799147E-16));
#1753 = ORIENTED_EDGE('',*,*,#1754,.T.);
#1754 = EDGE_CURVE('',#1746,#1755,#1757,.T.);
#1755 = VERTEX_POINT('',#1756);
#1756 = CARTESIAN_POINT('',(-168.2,42.472197084219,7.5));
#1757 = LINE('',#1758,#1759);
#1758 = CARTESIAN_POINT('',(-168.2,-46.95,7.5));
#1759 = VECTOR('',#1760,1.);
#1760 = DIRECTION('',(0.,1.,0.));
#1761 = ORIENTED_EDGE('',*,*,#1762,.F.);
#1762 = EDGE_CURVE('',#1646,#1755,#1763,.T.);
#1763 = CIRCLE('',#1764,1.9);
#1764 = AXIS2_PLACEMENT_3D('',#1765,#1766,#1767);
#1765 = CARTESIAN_POINT('',(-166.75,43.7,7.5));
#1766 = DIRECTION('',(1.224646799147E-16,0.,-1.));
#1767 = DIRECTION('',(-1.,0.,-1.224646799147E-16));
#1768 = ORIENTED_EDGE('',*,*,#1653,.T.);
#1769 = ORIENTED_EDGE('',*,*,#1770,.F.);
#1770 = EDGE_CURVE('',#1771,#1583,#1773,.T.);
#1771 = VERTEX_POINT('',#1772);
#1772 = CARTESIAN_POINT('',(-35.15,43.7,7.5));
#1773 = CIRCLE('',#1774,1.9);
#1774 = AXIS2_PLACEMENT_3D('',#1775,#1776,#1777);
#1775 = CARTESIAN_POINT('',(-33.25,43.7,7.5));
#1776 = DIRECTION('',(1.224646799147E-16,0.,-1.));
#1777 = DIRECTION('',(-1.,0.,-1.224646799147E-16));
#1778 = ORIENTED_EDGE('',*,*,#1779,.F.);
#1779 = EDGE_CURVE('',#1780,#1771,#1782,.T.);
#1780 = VERTEX_POINT('',#1781);
#1781 = CARTESIAN_POINT('',(-31.8,42.472197084219,7.5));
#1782 = CIRCLE('',#1783,1.9);
#1783 = AXIS2_PLACEMENT_3D('',#1784,#1785,#1786);
#1784 = CARTESIAN_POINT('',(-33.25,43.7,7.5));
#1785 = DIRECTION('',(1.224646799147E-16,0.,-1.));
#1786 = DIRECTION('',(-1.,0.,-1.224646799147E-16));
#1787 = ORIENTED_EDGE('',*,*,#1788,.T.);
#1788 = EDGE_CURVE('',#1780,#1789,#1791,.T.);
#1789 = VERTEX_POINT('',#1790);
#1790 = CARTESIAN_POINT('',(-31.8,-42.47219708421,7.5));
#1791 = LINE('',#1792,#1793);
#1792 = CARTESIAN_POINT('',(-31.8,46.95,7.5));
#1793 = VECTOR('',#1794,1.);
#1794 = DIRECTION('',(0.,-1.,0.));
#1795 = ORIENTED_EDGE('',*,*,#1796,.F.);
#1796 = EDGE_CURVE('',#1797,#1789,#1799,.T.);
#1797 = VERTEX_POINT('',#1798);
#1798 = CARTESIAN_POINT('',(-35.15,-43.7,7.5));
#1799 = CIRCLE('',#1800,1.9);
#1800 = AXIS2_PLACEMENT_3D('',#1801,#1802,#1803);
#1801 = CARTESIAN_POINT('',(-33.25,-43.7,7.5));
#1802 = DIRECTION('',(1.224646799147E-16,0.,-1.));
#1803 = DIRECTION('',(-1.,0.,-1.224646799147E-16));
#1804 = ORIENTED_EDGE('',*,*,#1805,.F.);
#1805 = EDGE_CURVE('',#1806,#1797,#1808,.T.);
#1806 = VERTEX_POINT('',#1807);
#1807 = CARTESIAN_POINT('',(-31.8,-44.92780291578,7.5));
#1808 = CIRCLE('',#1809,1.9);
#1809 = AXIS2_PLACEMENT_3D('',#1810,#1811,#1812);
#1810 = CARTESIAN_POINT('',(-33.25,-43.7,7.5));
#1811 = DIRECTION('',(1.224646799147E-16,0.,-1.));
#1812 = DIRECTION('',(-1.,0.,-1.224646799147E-16));
#1813 = ORIENTED_EDGE('',*,*,#1814,.T.);
#1814 = EDGE_CURVE('',#1806,#1041,#1815,.T.);
#1815 = LINE('',#1816,#1817);
#1816 = CARTESIAN_POINT('',(-31.8,46.95,7.5));
#1817 = VECTOR('',#1818,1.);
#1818 = DIRECTION('',(0.,-1.,0.));
#1819 = FACE_BOUND('',#1820,.T.);
#1820 = EDGE_LOOP('',(#1821,#1822,#1823,#1824,#1825,#1826,#1827,#1828,
    #1829,#1830,#1831,#1832));
#1821 = ORIENTED_EDGE('',*,*,#1294,.F.);
#1822 = ORIENTED_EDGE('',*,*,#1343,.T.);
#1823 = ORIENTED_EDGE('',*,*,#1392,.T.);
#1824 = ORIENTED_EDGE('',*,*,#1441,.T.);
#1825 = ORIENTED_EDGE('',*,*,#1466,.T.);
#1826 = ORIENTED_EDGE('',*,*,#1416,.F.);
#1827 = ORIENTED_EDGE('',*,*,#1368,.F.);
#1828 = ORIENTED_EDGE('',*,*,#1318,.F.);
#1829 = ORIENTED_EDGE('',*,*,#1270,.F.);
#1830 = ORIENTED_EDGE('',*,*,#1220,.F.);
#1831 = ORIENTED_EDGE('',*,*,#1189,.F.);
#1832 = ORIENTED_EDGE('',*,*,#1245,.T.);
#1833 = FACE_BOUND('',#1834,.T.);
#1834 = EDGE_LOOP('',(#1835,#1836,#1837,#1838));
#1835 = ORIENTED_EDGE('',*,*,#645,.F.);
#1836 = ORIENTED_EDGE('',*,*,#621,.F.);
#1837 = ORIENTED_EDGE('',*,*,#581,.F.);
#1838 = ORIENTED_EDGE('',*,*,#1839,.F.);
#1839 = EDGE_CURVE('',#646,#582,#1840,.T.);
#1840 = LINE('',#1841,#1842);
#1841 = CARTESIAN_POINT('',(-153.73708,17.46064,7.5));
#1842 = VECTOR('',#1843,1.);
#1843 = DIRECTION('',(1.,0.,1.224646799147E-16));
#1844 = PLANE('',#1845);
#1845 = AXIS2_PLACEMENT_3D('',#1846,#1847,#1848);
#1846 = CARTESIAN_POINT('',(-100.,0.,7.5));
#1847 = DIRECTION('',(1.224646799147E-16,0.,-1.));
#1848 = DIRECTION('',(-1.,0.,-1.224646799147E-16));
#1849 = ADVANCED_FACE('',(#1850),#1856,.F.);
#1850 = FACE_BOUND('',#1851,.F.);
#1851 = EDGE_LOOP('',(#1852,#1853,#1854,#1855));
#1852 = ORIENTED_EDGE('',*,*,#1839,.F.);
#1853 = ORIENTED_EDGE('',*,*,#671,.T.);
#1854 = ORIENTED_EDGE('',*,*,#1720,.F.);
#1855 = ORIENTED_EDGE('',*,*,#591,.F.);
#1856 = PLANE('',#1857);
#1857 = AXIS2_PLACEMENT_3D('',#1858,#1859,#1860);
#1858 = CARTESIAN_POINT('',(-153.73708,17.46064,7.5));
#1859 = DIRECTION('',(0.,1.,0.));
#1860 = DIRECTION('',(1.,0.,1.224646799147E-16));
#1861 = ADVANCED_FACE('',(#1862),#1889,.F.);
#1862 = FACE_BOUND('',#1863,.F.);
#1863 = EDGE_LOOP('',(#1864,#1873,#1887,#1888));
#1864 = ORIENTED_EDGE('',*,*,#1865,.T.);
#1865 = EDGE_CURVE('',#841,#1866,#1868,.T.);
#1866 = VERTEX_POINT('',#1867);
#1867 = CARTESIAN_POINT('',(-167.9778029157,45.15,7.5));
#1868 = CIRCLE('',#1869,1.8);
#1869 = AXIS2_PLACEMENT_3D('',#1870,#1871,#1872);
#1870 = CARTESIAN_POINT('',(-167.9778029157,45.15,9.3));
#1871 = DIRECTION('',(-1.,0.,-1.224646799147E-16));
#1872 = DIRECTION('',(0.,1.,0.));
#1873 = ORIENTED_EDGE('',*,*,#1874,.T.);
#1874 = EDGE_CURVE('',#1866,#1646,#1875,.T.);
#1875 = ( BOUNDED_CURVE() B_SPLINE_CURVE(10,(#1876,#1877,#1878,#1879,
    #1880,#1881,#1882,#1883,#1884,#1885,#1886),.UNSPECIFIED.,.F.,.F.) 
B_SPLINE_CURVE_WITH_KNOTS((11,11),(2.022197084219,4.477802915781),
.PIECEWISE_BEZIER_KNOTS.) CURVE() GEOMETRIC_REPRESENTATION_ITEM() 
RATIONAL_B_SPLINE_CURVE((1.,1.,1.,1.,1.,1.,1.,1.,1.,1.,1.)) 
REPRESENTATION_ITEM('') );
#1876 = CARTESIAN_POINT('',(-167.9778029157,45.15,7.5));
#1877 = CARTESIAN_POINT('',(-167.7322423326,45.357931034483,7.5));
#1878 = CARTESIAN_POINT('',(-167.4866817494,45.486591709899,7.5));
#1879 = CARTESIAN_POINT('',(-167.2411211663,45.577847782461,7.5));
#1880 = CARTESIAN_POINT('',(-166.9955605831,45.623703667801,7.5));
#1881 = CARTESIAN_POINT('',(-166.75,45.644879673611,7.5));
#1882 = CARTESIAN_POINT('',(-166.5044394168,45.623703667801,7.5));
#1883 = CARTESIAN_POINT('',(-166.2588788336,45.577847782461,7.5));
#1884 = CARTESIAN_POINT('',(-166.0133182505,45.486591709899,7.5));
#1885 = CARTESIAN_POINT('',(-165.7677576673,45.357931034483,7.5));
#1886 = CARTESIAN_POINT('',(-165.5221970842,45.15,7.5));
#1887 = ORIENTED_EDGE('',*,*,#1645,.F.);
#1888 = ORIENTED_EDGE('',*,*,#848,.F.);
#1889 = ( BOUNDED_SURFACE() B_SPLINE_SURFACE(2,10,(
    (#1890,#1891,#1892,#1893,#1894,#1895,#1896,#1897,#1898,#1899,#1900)
    ,(#1901,#1902,#1903,#1904,#1905,#1906,#1907,#1908,#1909,#1910,#1911)
    ,(#1912,#1913,#1914,#1915,#1916,#1917,#1918,#1919,#1920,#1921,#1922
)),.UNSPECIFIED.,.F.,.F.,.F.) B_SPLINE_SURFACE_WITH_KNOTS((3,3),(11,11),
  (0.,2.455605831562),(2.022197084219,4.477802915781),
.PIECEWISE_BEZIER_KNOTS.) GEOMETRIC_REPRESENTATION_ITEM() 
RATIONAL_B_SPLINE_SURFACE((
    (1.,1.,1.,1.,1.,1.,1.,1.,1.,1.,1.)
    ,(0.707106781187,0.747948293548,0.770608224511,0.787137374093
      ,0.794344352614,0.798721241341,0.794344352614,0.787137374092
      ,0.770608224511,0.747948293548,0.707106781187)
,(1.,1.,1.,1.,1.,1.,1.,1.,1.,1.,1.
  ))) REPRESENTATION_ITEM('') SURFACE() );
#1890 = CARTESIAN_POINT('',(-167.9778029157,46.95,9.3));
#1891 = CARTESIAN_POINT('',(-167.7322423326,46.95,9.3));
#1892 = CARTESIAN_POINT('',(-167.4866817494,46.95,9.273375854225));
#1893 = CARTESIAN_POINT('',(-167.2411211663,46.95,9.253727851527));
#1894 = CARTESIAN_POINT('',(-166.9955605831,46.95,9.233550495092));
#1895 = CARTESIAN_POINT('',(-166.75,46.95,9.232069601845));
#1896 = CARTESIAN_POINT('',(-166.5044394168,46.95,9.233550495092));
#1897 = CARTESIAN_POINT('',(-166.2588788336,46.95,9.253727851527));
#1898 = CARTESIAN_POINT('',(-166.0133182505,46.95,9.273375854225));
#1899 = CARTESIAN_POINT('',(-165.7677576673,46.95,9.3));
#1900 = CARTESIAN_POINT('',(-165.5221970842,46.95,9.3));
#1901 = CARTESIAN_POINT('',(-167.9778029157,46.95,7.5));
#1902 = CARTESIAN_POINT('',(-167.7456511012,46.95,7.696577017115));
#1903 = CARTESIAN_POINT('',(-167.4983347887,46.95,7.784406204821));
#1904 = CARTESIAN_POINT('',(-167.2517269243,46.95,7.840348428134));
#1905 = CARTESIAN_POINT('',(-167.0001252582,46.950000000001,
    7.85975082276));
#1906 = CARTESIAN_POINT('',(-166.75,46.949999999999,7.873605130118));
#1907 = CARTESIAN_POINT('',(-166.4998747417,46.950000000001,
    7.85975082276));
#1908 = CARTESIAN_POINT('',(-166.2482730756,46.95,7.840348428134));
#1909 = CARTESIAN_POINT('',(-166.0016652112,46.95,7.784406204821));
#1910 = CARTESIAN_POINT('',(-165.7543488987,46.95,7.696577017115));
#1911 = CARTESIAN_POINT('',(-165.5221970842,46.95,7.5));
#1912 = CARTESIAN_POINT('',(-167.9778029157,45.15,7.5));
#1913 = CARTESIAN_POINT('',(-167.7322423326,45.357931034483,7.5));
#1914 = CARTESIAN_POINT('',(-167.4866817494,45.486591709899,7.5));
#1915 = CARTESIAN_POINT('',(-167.2411211663,45.577847782461,7.5));
#1916 = CARTESIAN_POINT('',(-166.9955605831,45.623703667801,7.5));
#1917 = CARTESIAN_POINT('',(-166.75,45.644879673611,7.5));
#1918 = CARTESIAN_POINT('',(-166.5044394168,45.623703667801,7.5));
#1919 = CARTESIAN_POINT('',(-166.2588788336,45.577847782461,7.5));
#1920 = CARTESIAN_POINT('',(-166.0133182505,45.486591709899,7.5));
#1921 = CARTESIAN_POINT('',(-165.7677576673,45.357931034483,7.5));
#1922 = CARTESIAN_POINT('',(-165.5221970842,45.15,7.5));
#1923 = ADVANCED_FACE('',(#1924),#1943,.T.);
#1924 = FACE_BOUND('',#1925,.F.);
#1925 = EDGE_LOOP('',(#1926,#1935,#1941,#1942));
#1926 = ORIENTED_EDGE('',*,*,#1927,.T.);
#1927 = EDGE_CURVE('',#833,#1928,#1930,.T.);
#1928 = VERTEX_POINT('',#1929);
#1929 = CARTESIAN_POINT('',(-168.2,45.15,7.5));
#1930 = CIRCLE('',#1931,1.8);
#1931 = AXIS2_PLACEMENT_3D('',#1932,#1933,#1934);
#1932 = CARTESIAN_POINT('',(-168.2,45.15,9.3));
#1933 = DIRECTION('',(-1.,-0.,-1.224646799147E-16));
#1934 = DIRECTION('',(1.224646799147E-16,0.,-1.));
#1935 = ORIENTED_EDGE('',*,*,#1936,.T.);
#1936 = EDGE_CURVE('',#1928,#1866,#1937,.T.);
#1937 = LINE('',#1938,#1939);
#1938 = CARTESIAN_POINT('',(-170.,45.15,7.5));
#1939 = VECTOR('',#1940,1.);
#1940 = DIRECTION('',(1.,0.,1.224646799147E-16));
#1941 = ORIENTED_EDGE('',*,*,#1865,.F.);
#1942 = ORIENTED_EDGE('',*,*,#840,.F.);
#1943 = CYLINDRICAL_SURFACE('',#1944,1.8);
#1944 = AXIS2_PLACEMENT_3D('',#1945,#1946,#1947);
#1945 = CARTESIAN_POINT('',(-170.,45.15,9.3));
#1946 = DIRECTION('',(1.,0.,1.224646799147E-16));
#1947 = DIRECTION('',(0.,1.,0.));
#1948 = ADVANCED_FACE('',(#1949),#1960,.T.);
#1949 = FACE_BOUND('',#1950,.F.);
#1950 = EDGE_LOOP('',(#1951,#1952,#1953));
#1951 = ORIENTED_EDGE('',*,*,#1927,.F.);
#1952 = ORIENTED_EDGE('',*,*,#888,.T.);
#1953 = ORIENTED_EDGE('',*,*,#1954,.F.);
#1954 = EDGE_CURVE('',#1928,#881,#1955,.T.);
#1955 = CIRCLE('',#1956,1.8);
#1956 = AXIS2_PLACEMENT_3D('',#1957,#1958,#1959);
#1957 = CARTESIAN_POINT('',(-168.2,45.15,9.3));
#1958 = DIRECTION('',(0.,1.,0.));
#1959 = DIRECTION('',(1.224646799147E-16,0.,-1.));
#1960 = SPHERICAL_SURFACE('',#1961,1.8);
#1961 = AXIS2_PLACEMENT_3D('',#1962,#1963,#1964);
#1962 = CARTESIAN_POINT('',(-168.2,45.15,9.3));
#1963 = DIRECTION('',(0.,-1.,0.));
#1964 = DIRECTION('',(1.224646799147E-16,0.,-1.));
#1965 = ADVANCED_FACE('',(#1966),#1984,.T.);
#1966 = FACE_BOUND('',#1967,.F.);
#1967 = EDGE_LOOP('',(#1968,#1976,#1982,#1983));
#1968 = ORIENTED_EDGE('',*,*,#1969,.T.);
#1969 = EDGE_CURVE('',#977,#1970,#1972,.T.);
#1970 = VERTEX_POINT('',#1971);
#1971 = CARTESIAN_POINT('',(-168.2,44.927802915781,7.5));
#1972 = ( BOUNDED_CURVE() B_SPLINE_CURVE(2,(#1973,#1974,#1975),
.UNSPECIFIED.,.F.,.F.) B_SPLINE_CURVE_WITH_KNOTS((3,3),(0.,
1.227802915781),.PIECEWISE_BEZIER_KNOTS.) CURVE() 
GEOMETRIC_REPRESENTATION_ITEM() RATIONAL_B_SPLINE_CURVE((1.,
0.707106781187,1.)) REPRESENTATION_ITEM('') );
#1973 = CARTESIAN_POINT('',(-170.,44.927802915781,9.3));
#1974 = CARTESIAN_POINT('',(-170.,44.927802915781,7.5));
#1975 = CARTESIAN_POINT('',(-168.2,44.927802915781,7.5));
#1976 = ORIENTED_EDGE('',*,*,#1977,.T.);
#1977 = EDGE_CURVE('',#1970,#1928,#1978,.T.);
#1978 = LINE('',#1979,#1980);
#1979 = CARTESIAN_POINT('',(-168.2,-46.95,7.5));
#1980 = VECTOR('',#1981,1.);
#1981 = DIRECTION('',(0.,1.,0.));
#1982 = ORIENTED_EDGE('',*,*,#1954,.T.);
#1983 = ORIENTED_EDGE('',*,*,#989,.F.);
#1984 = CYLINDRICAL_SURFACE('',#1985,1.8);
#1985 = AXIS2_PLACEMENT_3D('',#1986,#1987,#1988);
#1986 = CARTESIAN_POINT('',(-168.2,-46.95,9.3));
#1987 = DIRECTION('',(0.,1.,0.));
#1988 = DIRECTION('',(-1.,0.,-1.224646799147E-16));
#1989 = ADVANCED_FACE('',(#1990),#2013,.F.);
#1990 = FACE_BOUND('',#1991,.F.);
#1991 = EDGE_LOOP('',(#1992,#2000,#2011,#2012));
#1992 = ORIENTED_EDGE('',*,*,#1993,.T.);
#1993 = EDGE_CURVE('',#964,#1994,#1996,.T.);
#1994 = VERTEX_POINT('',#1995);
#1995 = CARTESIAN_POINT('',(-168.65,43.7,7.5));
#1996 = ( BOUNDED_CURVE() B_SPLINE_CURVE(2,(#1997,#1998,#1999),
.UNSPECIFIED.,.F.,.F.) B_SPLINE_CURVE_WITH_KNOTS((3,3),(0.,
1.227802915781),.PIECEWISE_BEZIER_KNOTS.) CURVE() 
GEOMETRIC_REPRESENTATION_ITEM() RATIONAL_B_SPLINE_CURVE((1.,
0.790569415042,1.)) REPRESENTATION_ITEM('') );
#1997 = CARTESIAN_POINT('',(-170.,43.7,9.242842505793));
#1998 = CARTESIAN_POINT('',(-170.,43.7,7.848568501159));
#1999 = CARTESIAN_POINT('',(-168.65,43.7,7.5));
#2000 = ORIENTED_EDGE('',*,*,#2001,.T.);
#2001 = EDGE_CURVE('',#1994,#1970,#2002,.T.);
#2002 = ( BOUNDED_CURVE() B_SPLINE_CURVE(7,(#2003,#2004,#2005,#2006,
    #2007,#2008,#2009,#2010),.UNSPECIFIED.,.F.,.F.) 
B_SPLINE_CURVE_WITH_KNOTS((8,8),(90.65,91.877802915781),
.PIECEWISE_BEZIER_KNOTS.) CURVE() GEOMETRIC_REPRESENTATION_ITEM() 
RATIONAL_B_SPLINE_CURVE((1.,1.,1.,1.,1.,1.,1.,1.)) REPRESENTATION_ITEM(
  '') );
#2003 = CARTESIAN_POINT('',(-168.65,43.7,7.5));
#2004 = CARTESIAN_POINT('',(-168.65,43.87540041654,7.5));
#2005 = CARTESIAN_POINT('',(-168.6311563839,44.05080083308,7.5));
#2006 = CARTESIAN_POINT('',(-168.5931407738,44.22620124962,7.5));
#2007 = CARTESIAN_POINT('',(-168.5358430793,44.40160166616,7.5));
#2008 = CARTESIAN_POINT('',(-168.4546335626,44.577002082701,7.5));
#2009 = CARTESIAN_POINT('',(-168.3485221674,44.752402499241,7.5));
#2010 = CARTESIAN_POINT('',(-168.2,44.927802915781,7.5));
#2011 = ORIENTED_EDGE('',*,*,#1969,.F.);
#2012 = ORIENTED_EDGE('',*,*,#976,.F.);
#2013 = ( BOUNDED_SURFACE() B_SPLINE_SURFACE(2,7,(
    (#2014,#2015,#2016,#2017,#2018,#2019,#2020,#2021)
    ,(#2022,#2023,#2024,#2025,#2026,#2027,#2028,#2029)
    ,(#2030,#2031,#2032,#2033,#2034,#2035,#2036,#2037
)),.UNSPECIFIED.,.F.,.F.,.F.) B_SPLINE_SURFACE_WITH_KNOTS((3,3),(8,8),(
    0.,1.227802915781),(90.65,91.877802915781),
.PIECEWISE_BEZIER_KNOTS.) GEOMETRIC_REPRESENTATION_ITEM() 
RATIONAL_B_SPLINE_SURFACE((
    (1.,1.,1.,1.,1.,1.,1.,1.)
    ,(0.790569415042,0.790569415042,0.787266065369,0.780552339111
      ,0.770481565016,0.755729720693,0.736279290016,0.707106781187)
,(1.,1.,1.,1.,1.,1.,1.,1.))) REPRESENTATION_ITEM('') SURFACE() );
#2014 = CARTESIAN_POINT('',(-170.,43.7,9.242842505793));
#2015 = CARTESIAN_POINT('',(-170.,43.87540041654,9.242842505793));
#2016 = CARTESIAN_POINT('',(-170.,44.05080083308,9.247762929681));
#2017 = CARTESIAN_POINT('',(-170.,44.22620124962,9.257307532372));
#2018 = CARTESIAN_POINT('',(-170.,44.401601666161,9.271371504932));
#2019 = CARTESIAN_POINT('',(-170.,44.577002082701,9.285786850564));
#2020 = CARTESIAN_POINT('',(-170.,44.752402499241,9.3));
#2021 = CARTESIAN_POINT('',(-170.,44.927802915781,9.3));
#2022 = CARTESIAN_POINT('',(-170.,43.7,7.848568501159));
#2023 = CARTESIAN_POINT('',(-170.,43.87540041654,7.848568501159));
#2024 = CARTESIAN_POINT('',(-170.,44.052314299562,7.837856385123));
#2025 = CARTESIAN_POINT('',(-170.,44.229657840878,7.81571014576));
#2026 = CARTESIAN_POINT('',(-170.,44.407529598767,7.780933900766));
#2027 = CARTESIAN_POINT('',(-170.,44.583809235542,7.724929273305));
#2028 = CARTESIAN_POINT('',(-170.,44.759352131357,7.642637492608));
#2029 = CARTESIAN_POINT('',(-170.,44.927802915781,7.5));
#2030 = CARTESIAN_POINT('',(-168.65,43.7,7.5));
#2031 = CARTESIAN_POINT('',(-168.65,43.87540041654,7.5));
#2032 = CARTESIAN_POINT('',(-168.6311563839,44.05080083308,7.5));
#2033 = CARTESIAN_POINT('',(-168.5931407738,44.22620124962,7.5));
#2034 = CARTESIAN_POINT('',(-168.5358430793,44.40160166616,7.5));
#2035 = CARTESIAN_POINT('',(-168.4546335626,44.577002082701,7.5));
#2036 = CARTESIAN_POINT('',(-168.3485221674,44.752402499241,7.5));
#2037 = CARTESIAN_POINT('',(-168.2,44.927802915781,7.5));
#2038 = ADVANCED_FACE('',(#2039),#2061,.F.);
#2039 = FACE_BOUND('',#2040,.F.);
#2040 = EDGE_LOOP('',(#2041,#2048,#2059,#2060));
#2041 = ORIENTED_EDGE('',*,*,#2042,.T.);
#2042 = EDGE_CURVE('',#956,#1755,#2043,.T.);
#2043 = CIRCLE('',#2044,1.8);
#2044 = AXIS2_PLACEMENT_3D('',#2045,#2046,#2047);
#2045 = CARTESIAN_POINT('',(-168.2,42.472197084219,9.3));
#2046 = DIRECTION('',(0.,-1.,-0.));
#2047 = DIRECTION('',(-1.,0.,-1.224646799147E-16));
#2048 = ORIENTED_EDGE('',*,*,#2049,.T.);
#2049 = EDGE_CURVE('',#1755,#1994,#2050,.T.);
#2050 = ( BOUNDED_CURVE() B_SPLINE_CURVE(7,(#2051,#2052,#2053,#2054,
    #2055,#2056,#2057,#2058),.UNSPECIFIED.,.F.,.F.) 
B_SPLINE_CURVE_WITH_KNOTS((8,8),(89.422197084219,90.65),
.PIECEWISE_BEZIER_KNOTS.) CURVE() GEOMETRIC_REPRESENTATION_ITEM() 
RATIONAL_B_SPLINE_CURVE((1.,1.,1.,1.,1.,1.,1.,1.)) REPRESENTATION_ITEM(
  '') );
#2051 = CARTESIAN_POINT('',(-168.2,42.472197084219,7.5));
#2052 = CARTESIAN_POINT('',(-168.3485221674,42.647597500759,7.5));
#2053 = CARTESIAN_POINT('',(-168.4546335626,42.822997917299,7.5));
#2054 = CARTESIAN_POINT('',(-168.5358430793,42.99839833384,7.5));
#2055 = CARTESIAN_POINT('',(-168.5931407738,43.17379875038,7.5));
#2056 = CARTESIAN_POINT('',(-168.6311563839,43.34919916692,7.5));
#2057 = CARTESIAN_POINT('',(-168.65,43.52459958346,7.5));
#2058 = CARTESIAN_POINT('',(-168.65,43.7,7.5));
#2059 = ORIENTED_EDGE('',*,*,#1993,.F.);
#2060 = ORIENTED_EDGE('',*,*,#963,.F.);
#2061 = ( BOUNDED_SURFACE() B_SPLINE_SURFACE(2,7,(
    (#2062,#2063,#2064,#2065,#2066,#2067,#2068,#2069)
    ,(#2070,#2071,#2072,#2073,#2074,#2075,#2076,#2077)
    ,(#2078,#2079,#2080,#2081,#2082,#2083,#2084,#2085
)),.UNSPECIFIED.,.F.,.F.,.F.) B_SPLINE_SURFACE_WITH_KNOTS((3,3),(8,8),(
    0.,1.227802915781),(89.422197084219,90.65),
.PIECEWISE_BEZIER_KNOTS.) GEOMETRIC_REPRESENTATION_ITEM() 
RATIONAL_B_SPLINE_SURFACE((
    (1.,1.,1.,1.,1.,1.,1.,1.)
    ,(0.707106781187,0.736279290016,0.755729720693,0.770481565016
      ,0.780552339111,0.787266065369,0.790569415042,0.790569415042)
,(1.,1.,1.,1.,1.,1.,1.,1.))) REPRESENTATION_ITEM('') SURFACE() );
#2062 = CARTESIAN_POINT('',(-170.,42.472197084219,9.3));
#2063 = CARTESIAN_POINT('',(-170.,42.647597500759,9.3));
#2064 = CARTESIAN_POINT('',(-170.,42.822997917299,9.285786850564));
#2065 = CARTESIAN_POINT('',(-170.,42.99839833384,9.271371504932));
#2066 = CARTESIAN_POINT('',(-170.,43.17379875038,9.257307532372));
#2067 = CARTESIAN_POINT('',(-170.,43.34919916692,9.247762929681));
#2068 = CARTESIAN_POINT('',(-170.,43.52459958346,9.242842505793));
#2069 = CARTESIAN_POINT('',(-170.,43.7,9.242842505793));
#2070 = CARTESIAN_POINT('',(-170.,42.472197084219,7.5));
#2071 = CARTESIAN_POINT('',(-170.,42.640647868643,7.642637492608));
#2072 = CARTESIAN_POINT('',(-170.,42.816190764458,7.724929273305));
#2073 = CARTESIAN_POINT('',(-170.,42.992470401234,7.780933900766));
#2074 = CARTESIAN_POINT('',(-170.,43.170342159122,7.81571014576));
#2075 = CARTESIAN_POINT('',(-170.,43.347685700438,7.837856385123));
#2076 = CARTESIAN_POINT('',(-170.,43.52459958346,7.848568501159));
#2077 = CARTESIAN_POINT('',(-170.,43.7,7.848568501159));
#2078 = CARTESIAN_POINT('',(-168.2,42.472197084219,7.5));
#2079 = CARTESIAN_POINT('',(-168.3485221674,42.647597500759,7.5));
#2080 = CARTESIAN_POINT('',(-168.4546335626,42.822997917299,7.5));
#2081 = CARTESIAN_POINT('',(-168.5358430793,42.99839833384,7.5));
#2082 = CARTESIAN_POINT('',(-168.5931407738,43.17379875038,7.5));
#2083 = CARTESIAN_POINT('',(-168.6311563839,43.34919916692,7.5));
#2084 = CARTESIAN_POINT('',(-168.65,43.52459958346,7.5));
#2085 = CARTESIAN_POINT('',(-168.65,43.7,7.5));
#2086 = ADVANCED_FACE('',(#2087),#2099,.T.);
#2087 = FACE_BOUND('',#2088,.F.);
#2088 = EDGE_LOOP('',(#2089,#2090,#2091,#2098));
#2089 = ORIENTED_EDGE('',*,*,#1057,.T.);
#2090 = ORIENTED_EDGE('',*,*,#1737,.T.);
#2091 = ORIENTED_EDGE('',*,*,#2092,.F.);
#2092 = EDGE_CURVE('',#922,#1738,#2093,.T.);
#2093 = CIRCLE('',#2094,1.8);
#2094 = AXIS2_PLACEMENT_3D('',#2095,#2096,#2097);
#2095 = CARTESIAN_POINT('',(-168.2,-44.92780291578,9.3));
#2096 = DIRECTION('',(0.,-1.,-0.));
#2097 = DIRECTION('',(-1.,0.,-1.224646799147E-16));
#2098 = ORIENTED_EDGE('',*,*,#921,.F.);
#2099 = CYLINDRICAL_SURFACE('',#2100,1.8);
#2100 = AXIS2_PLACEMENT_3D('',#2101,#2102,#2103);
#2101 = CARTESIAN_POINT('',(-168.2,-46.95,9.3));
#2102 = DIRECTION('',(0.,1.,0.));
#2103 = DIRECTION('',(-1.,0.,-1.224646799147E-16));
#2104 = ADVANCED_FACE('',(#2105),#2116,.T.);
#2105 = FACE_BOUND('',#2106,.F.);
#2106 = EDGE_LOOP('',(#2107,#2113,#2114,#2115));
#2107 = ORIENTED_EDGE('',*,*,#2108,.T.);
#2108 = EDGE_CURVE('',#943,#1746,#2109,.T.);
#2109 = ( BOUNDED_CURVE() B_SPLINE_CURVE(2,(#2110,#2111,#2112),
.UNSPECIFIED.,.F.,.F.) B_SPLINE_CURVE_WITH_KNOTS((3,3),(0.,
1.227802915781),.PIECEWISE_BEZIER_KNOTS.) CURVE() 
GEOMETRIC_REPRESENTATION_ITEM() RATIONAL_B_SPLINE_CURVE((1.,
0.707106781187,1.)) REPRESENTATION_ITEM('') );
#2110 = CARTESIAN_POINT('',(-170.,-42.47219708421,9.3));
#2111 = CARTESIAN_POINT('',(-170.,-42.47219708421,7.5));
#2112 = CARTESIAN_POINT('',(-168.2,-42.47219708421,7.5));
#2113 = ORIENTED_EDGE('',*,*,#1754,.T.);
#2114 = ORIENTED_EDGE('',*,*,#2042,.F.);
#2115 = ORIENTED_EDGE('',*,*,#955,.F.);
#2116 = CYLINDRICAL_SURFACE('',#2117,1.8);
#2117 = AXIS2_PLACEMENT_3D('',#2118,#2119,#2120);
#2118 = CARTESIAN_POINT('',(-168.2,-46.95,9.3));
#2119 = DIRECTION('',(0.,1.,0.));
#2120 = DIRECTION('',(-1.,0.,-1.224646799147E-16));
#2121 = ADVANCED_FACE('',(#2122),#2145,.F.);
#2122 = FACE_BOUND('',#2123,.F.);
#2123 = EDGE_LOOP('',(#2124,#2125,#2138,#2144));
#2124 = ORIENTED_EDGE('',*,*,#2092,.T.);
#2125 = ORIENTED_EDGE('',*,*,#2126,.T.);
#2126 = EDGE_CURVE('',#1738,#2127,#2129,.T.);
#2127 = VERTEX_POINT('',#2128);
#2128 = CARTESIAN_POINT('',(-168.65,-43.7,7.5));
#2129 = ( BOUNDED_CURVE() B_SPLINE_CURVE(7,(#2130,#2131,#2132,#2133,
    #2134,#2135,#2136,#2137),.UNSPECIFIED.,.F.,.F.) 
B_SPLINE_CURVE_WITH_KNOTS((8,8),(2.022197084219,3.25),
.PIECEWISE_BEZIER_KNOTS.) CURVE() GEOMETRIC_REPRESENTATION_ITEM() 
RATIONAL_B_SPLINE_CURVE((1.,1.,1.,1.,1.,1.,1.,1.)) REPRESENTATION_ITEM(
  '') );
#2130 = CARTESIAN_POINT('',(-168.2,-44.92780291578,7.5));
#2131 = CARTESIAN_POINT('',(-168.3485221674,-44.75240249924,7.5));
#2132 = CARTESIAN_POINT('',(-168.4546335626,-44.5770020827,7.5));
#2133 = CARTESIAN_POINT('',(-168.5358430793,-44.40160166616,7.5));
#2134 = CARTESIAN_POINT('',(-168.5931407738,-44.22620124962,7.5));
#2135 = CARTESIAN_POINT('',(-168.6311563839,-44.05080083308,7.5));
#2136 = CARTESIAN_POINT('',(-168.65,-43.87540041654,7.5));
#2137 = CARTESIAN_POINT('',(-168.65,-43.7,7.5));
#2138 = ORIENTED_EDGE('',*,*,#2139,.F.);
#2139 = EDGE_CURVE('',#930,#2127,#2140,.T.);
#2140 = ( BOUNDED_CURVE() B_SPLINE_CURVE(2,(#2141,#2142,#2143),
.UNSPECIFIED.,.F.,.F.) B_SPLINE_CURVE_WITH_KNOTS((3,3),(0.,
1.227802915781),.PIECEWISE_BEZIER_KNOTS.) CURVE() 
GEOMETRIC_REPRESENTATION_ITEM() RATIONAL_B_SPLINE_CURVE((1.,
0.790569415042,1.)) REPRESENTATION_ITEM('') );
#2141 = CARTESIAN_POINT('',(-170.,-43.7,9.242842505793));
#2142 = CARTESIAN_POINT('',(-170.,-43.7,7.848568501159));
#2143 = CARTESIAN_POINT('',(-168.65,-43.7,7.5));
#2144 = ORIENTED_EDGE('',*,*,#929,.F.);
#2145 = ( BOUNDED_SURFACE() B_SPLINE_SURFACE(2,7,(
    (#2146,#2147,#2148,#2149,#2150,#2151,#2152,#2153)
    ,(#2154,#2155,#2156,#2157,#2158,#2159,#2160,#2161)
    ,(#2162,#2163,#2164,#2165,#2166,#2167,#2168,#2169
)),.UNSPECIFIED.,.F.,.F.,.F.) B_SPLINE_SURFACE_WITH_KNOTS((3,3),(8,8),(
    0.,1.227802915781),(2.022197084219,3.25),.PIECEWISE_BEZIER_KNOTS.) 
GEOMETRIC_REPRESENTATION_ITEM() RATIONAL_B_SPLINE_SURFACE((
    (1.,1.,1.,1.,1.,1.,1.,1.)
    ,(0.707106781187,0.736279290016,0.755729720693,0.770481565016
      ,0.780552339111,0.787266065369,0.790569415042,0.790569415042)
,(1.,1.,1.,1.,1.,1.,1.,1.))) REPRESENTATION_ITEM('') SURFACE() );
#2146 = CARTESIAN_POINT('',(-170.,-44.92780291578,9.3));
#2147 = CARTESIAN_POINT('',(-170.,-44.75240249924,9.3));
#2148 = CARTESIAN_POINT('',(-170.,-44.5770020827,9.285786850564));
#2149 = CARTESIAN_POINT('',(-170.,-44.40160166616,9.271371504932));
#2150 = CARTESIAN_POINT('',(-170.,-44.22620124962,9.257307532372));
#2151 = CARTESIAN_POINT('',(-170.,-44.05080083308,9.247762929681));
#2152 = CARTESIAN_POINT('',(-170.,-43.87540041654,9.242842505793));
#2153 = CARTESIAN_POINT('',(-170.,-43.7,9.242842505793));
#2154 = CARTESIAN_POINT('',(-170.,-44.92780291578,7.5));
#2155 = CARTESIAN_POINT('',(-170.,-44.75935213135,7.642637492608));
#2156 = CARTESIAN_POINT('',(-170.,-44.58380923554,7.724929273305));
#2157 = CARTESIAN_POINT('',(-170.,-44.40752959876,7.780933900766));
#2158 = CARTESIAN_POINT('',(-170.,-44.22965784087,7.81571014576));
#2159 = CARTESIAN_POINT('',(-170.,-44.05231429956,7.837856385123));
#2160 = CARTESIAN_POINT('',(-170.,-43.87540041654,7.848568501159));
#2161 = CARTESIAN_POINT('',(-170.,-43.7,7.848568501159));
#2162 = CARTESIAN_POINT('',(-168.2,-44.92780291578,7.5));
#2163 = CARTESIAN_POINT('',(-168.3485221674,-44.75240249924,7.5));
#2164 = CARTESIAN_POINT('',(-168.4546335626,-44.5770020827,7.5));
#2165 = CARTESIAN_POINT('',(-168.5358430793,-44.40160166616,7.5));
#2166 = CARTESIAN_POINT('',(-168.5931407738,-44.22620124962,7.5));
#2167 = CARTESIAN_POINT('',(-168.6311563839,-44.05080083308,7.5));
#2168 = CARTESIAN_POINT('',(-168.65,-43.87540041654,7.5));
#2169 = CARTESIAN_POINT('',(-168.65,-43.7,7.5));
#2170 = ADVANCED_FACE('',(#2171),#2187,.F.);
#2171 = FACE_BOUND('',#2172,.F.);
#2172 = EDGE_LOOP('',(#2173,#2174,#2185,#2186));
#2173 = ORIENTED_EDGE('',*,*,#2139,.T.);
#2174 = ORIENTED_EDGE('',*,*,#2175,.T.);
#2175 = EDGE_CURVE('',#2127,#1746,#2176,.T.);
#2176 = ( BOUNDED_CURVE() B_SPLINE_CURVE(7,(#2177,#2178,#2179,#2180,
    #2181,#2182,#2183,#2184),.UNSPECIFIED.,.F.,.F.) 
B_SPLINE_CURVE_WITH_KNOTS((8,8),(3.25,4.477802915781),
.PIECEWISE_BEZIER_KNOTS.) CURVE() GEOMETRIC_REPRESENTATION_ITEM() 
RATIONAL_B_SPLINE_CURVE((1.,1.,1.,1.,1.,1.,1.,1.)) REPRESENTATION_ITEM(
  '') );
#2177 = CARTESIAN_POINT('',(-168.65,-43.7,7.5));
#2178 = CARTESIAN_POINT('',(-168.65,-43.52459958346,7.5));
#2179 = CARTESIAN_POINT('',(-168.6311563839,-43.34919916692,7.5));
#2180 = CARTESIAN_POINT('',(-168.5931407738,-43.17379875038,7.5));
#2181 = CARTESIAN_POINT('',(-168.5358430793,-42.99839833384,7.5));
#2182 = CARTESIAN_POINT('',(-168.4546335626,-42.82299791729,7.5));
#2183 = CARTESIAN_POINT('',(-168.3485221674,-42.64759750075,7.5));
#2184 = CARTESIAN_POINT('',(-168.2,-42.47219708421,7.5));
#2185 = ORIENTED_EDGE('',*,*,#2108,.F.);
#2186 = ORIENTED_EDGE('',*,*,#942,.F.);
#2187 = ( BOUNDED_SURFACE() B_SPLINE_SURFACE(2,7,(
    (#2188,#2189,#2190,#2191,#2192,#2193,#2194,#2195)
    ,(#2196,#2197,#2198,#2199,#2200,#2201,#2202,#2203)
    ,(#2204,#2205,#2206,#2207,#2208,#2209,#2210,#2211
)),.UNSPECIFIED.,.F.,.F.,.F.) B_SPLINE_SURFACE_WITH_KNOTS((3,3),(8,8),(
    0.,1.227802915781),(3.25,4.477802915781),.PIECEWISE_BEZIER_KNOTS.) 
GEOMETRIC_REPRESENTATION_ITEM() RATIONAL_B_SPLINE_SURFACE((
    (1.,1.,1.,1.,1.,1.,1.,1.)
    ,(0.790569415042,0.790569415042,0.787266065369,0.780552339111
      ,0.770481565016,0.755729720693,0.736279290016,0.707106781187)
,(1.,1.,1.,1.,1.,1.,1.,1.))) REPRESENTATION_ITEM('') SURFACE() );
#2188 = CARTESIAN_POINT('',(-170.,-43.7,9.242842505793));
#2189 = CARTESIAN_POINT('',(-170.,-43.52459958346,9.242842505793));
#2190 = CARTESIAN_POINT('',(-170.,-43.34919916692,9.247762929681));
#2191 = CARTESIAN_POINT('',(-170.,-43.17379875038,9.257307532372));
#2192 = CARTESIAN_POINT('',(-170.,-42.99839833384,9.271371504932));
#2193 = CARTESIAN_POINT('',(-170.,-42.82299791729,9.285786850564));
#2194 = CARTESIAN_POINT('',(-170.,-42.64759750075,9.3));
#2195 = CARTESIAN_POINT('',(-170.,-42.47219708421,9.3));
#2196 = CARTESIAN_POINT('',(-170.,-43.7,7.848568501159));
#2197 = CARTESIAN_POINT('',(-170.,-43.52459958346,7.848568501159));
#2198 = CARTESIAN_POINT('',(-170.,-43.34768570043,7.837856385123));
#2199 = CARTESIAN_POINT('',(-170.,-43.17034215912,7.81571014576));
#2200 = CARTESIAN_POINT('',(-170.,-42.99247040123,7.780933900766));
#2201 = CARTESIAN_POINT('',(-170.,-42.81619076445,7.724929273305));
#2202 = CARTESIAN_POINT('',(-170.,-42.64064786864,7.642637492608));
#2203 = CARTESIAN_POINT('',(-170.,-42.47219708421,7.5));
#2204 = CARTESIAN_POINT('',(-168.65,-43.7,7.5));
#2205 = CARTESIAN_POINT('',(-168.65,-43.52459958346,7.5));
#2206 = CARTESIAN_POINT('',(-168.6311563839,-43.34919916692,7.5));
#2207 = CARTESIAN_POINT('',(-168.5931407738,-43.17379875038,7.5));
#2208 = CARTESIAN_POINT('',(-168.5358430793,-42.99839833384,7.5));
#2209 = CARTESIAN_POINT('',(-168.4546335626,-42.82299791729,7.5));
#2210 = CARTESIAN_POINT('',(-168.3485221674,-42.64759750075,7.5));
#2211 = CARTESIAN_POINT('',(-168.2,-42.47219708421,7.5));
#2212 = ADVANCED_FACE('',(#2213),#2224,.T.);
#2213 = FACE_BOUND('',#2214,.F.);
#2214 = EDGE_LOOP('',(#2215,#2221,#2222,#2223));
#2215 = ORIENTED_EDGE('',*,*,#2216,.T.);
#2216 = EDGE_CURVE('',#1110,#1806,#2217,.T.);
#2217 = ( BOUNDED_CURVE() B_SPLINE_CURVE(2,(#2218,#2219,#2220),
.UNSPECIFIED.,.F.,.F.) B_SPLINE_CURVE_WITH_KNOTS((3,3),(0.,
2.455605831562),.PIECEWISE_BEZIER_KNOTS.) CURVE() 
GEOMETRIC_REPRESENTATION_ITEM() RATIONAL_B_SPLINE_CURVE((1.,
0.707106781187,1.)) REPRESENTATION_ITEM('') );
#2218 = CARTESIAN_POINT('',(-30.,-44.92780291578,9.3));
#2219 = CARTESIAN_POINT('',(-30.,-44.92780291578,7.5));
#2220 = CARTESIAN_POINT('',(-31.8,-44.92780291578,7.5));
#2221 = ORIENTED_EDGE('',*,*,#1814,.T.);
#2222 = ORIENTED_EDGE('',*,*,#1040,.F.);
#2223 = ORIENTED_EDGE('',*,*,#1125,.F.);
#2224 = CYLINDRICAL_SURFACE('',#2225,1.8);
#2225 = AXIS2_PLACEMENT_3D('',#2226,#2227,#2228);
#2226 = CARTESIAN_POINT('',(-31.8,46.95,9.3));
#2227 = DIRECTION('',(0.,-1.,0.));
#2228 = DIRECTION('',(1.,0.,1.224646799147E-16));
#2229 = ADVANCED_FACE('',(#2230),#2255,.F.);
#2230 = FACE_BOUND('',#2231,.F.);
#2231 = EDGE_LOOP('',(#2232,#2239,#2253,#2254));
#2232 = ORIENTED_EDGE('',*,*,#2233,.T.);
#2233 = EDGE_CURVE('',#1102,#1789,#2234,.T.);
#2234 = CIRCLE('',#2235,1.8);
#2235 = AXIS2_PLACEMENT_3D('',#2236,#2237,#2238);
#2236 = CARTESIAN_POINT('',(-31.8,-42.47219708421,9.3));
#2237 = DIRECTION('',(-0.,1.,0.));
#2238 = DIRECTION('',(1.,0.,1.224646799147E-16));
#2239 = ORIENTED_EDGE('',*,*,#2240,.T.);
#2240 = EDGE_CURVE('',#1789,#1806,#2241,.T.);
#2241 = ( BOUNDED_CURVE() B_SPLINE_CURVE(10,(#2242,#2243,#2244,#2245,
    #2246,#2247,#2248,#2249,#2250,#2251,#2252),.UNSPECIFIED.,.F.,.F.) 
B_SPLINE_CURVE_WITH_KNOTS((11,11),(89.422197084219,91.877802915781),
.PIECEWISE_BEZIER_KNOTS.) CURVE() GEOMETRIC_REPRESENTATION_ITEM() 
RATIONAL_B_SPLINE_CURVE((1.,1.,1.,1.,1.,1.,1.,1.,1.,1.,1.)) 
REPRESENTATION_ITEM('') );
#2242 = CARTESIAN_POINT('',(-31.8,-42.47219708421,7.5));
#2243 = CARTESIAN_POINT('',(-31.59206896551,-42.71775766737,7.5));
#2244 = CARTESIAN_POINT('',(-31.4634082901,-42.96331825053,7.5));
#2245 = CARTESIAN_POINT('',(-31.37215221753,-43.20887883368,7.5));
#2246 = CARTESIAN_POINT('',(-31.3262963322,-43.45443941684,7.5));
#2247 = CARTESIAN_POINT('',(-31.30512032638,-43.7,7.5));
#2248 = CARTESIAN_POINT('',(-31.32629633219,-43.94556058315,7.5));
#2249 = CARTESIAN_POINT('',(-31.37215221753,-44.19112116631,7.5));
#2250 = CARTESIAN_POINT('',(-31.4634082901,-44.43668174946,7.5));
#2251 = CARTESIAN_POINT('',(-31.59206896551,-44.68224233262,7.5));
#2252 = CARTESIAN_POINT('',(-31.8,-44.92780291578,7.5));
#2253 = ORIENTED_EDGE('',*,*,#2216,.F.);
#2254 = ORIENTED_EDGE('',*,*,#1109,.F.);
#2255 = ( BOUNDED_SURFACE() B_SPLINE_SURFACE(2,10,(
    (#2256,#2257,#2258,#2259,#2260,#2261,#2262,#2263,#2264,#2265,#2266)
    ,(#2267,#2268,#2269,#2270,#2271,#2272,#2273,#2274,#2275,#2276,#2277)
    ,(#2278,#2279,#2280,#2281,#2282,#2283,#2284,#2285,#2286,#2287,#2288
)),.UNSPECIFIED.,.F.,.F.,.F.) B_SPLINE_SURFACE_WITH_KNOTS((3,3),(11,11),
  (0.,2.455605831562),(89.422197084219,91.877802915781),
.PIECEWISE_BEZIER_KNOTS.) GEOMETRIC_REPRESENTATION_ITEM() 
RATIONAL_B_SPLINE_SURFACE((
    (1.,1.,1.,1.,1.,1.,1.,1.,1.,1.,1.)
    ,(0.707106781187,0.747948293548,0.770608224511,0.787137374093
      ,0.794344352614,0.798721241341,0.794344352614,0.787137374093
      ,0.770608224511,0.747948293548,0.707106781187)
,(1.,1.,1.,1.,1.,1.,1.,1.,1.,1.,1.
  ))) REPRESENTATION_ITEM('') SURFACE() );
#2256 = CARTESIAN_POINT('',(-30.,-42.47219708421,9.3));
#2257 = CARTESIAN_POINT('',(-30.,-42.71775766737,9.3));
#2258 = CARTESIAN_POINT('',(-30.,-42.96331825053,9.273375854225));
#2259 = CARTESIAN_POINT('',(-30.,-43.20887883368,9.253727851527));
#2260 = CARTESIAN_POINT('',(-30.,-43.45443941684,9.233550495092));
#2261 = CARTESIAN_POINT('',(-30.,-43.7,9.232069601845));
#2262 = CARTESIAN_POINT('',(-30.,-43.94556058315,9.233550495092));
#2263 = CARTESIAN_POINT('',(-30.,-44.19112116631,9.253727851527));
#2264 = CARTESIAN_POINT('',(-30.,-44.43668174946,9.273375854225));
#2265 = CARTESIAN_POINT('',(-30.,-44.68224233262,9.3));
#2266 = CARTESIAN_POINT('',(-30.,-44.92780291578,9.3));
#2267 = CARTESIAN_POINT('',(-30.,-42.47219708421,7.5));
#2268 = CARTESIAN_POINT('',(-30.,-42.70434889877,7.696577017115));
#2269 = CARTESIAN_POINT('',(-30.,-42.95166521122,7.784406204821));
#2270 = CARTESIAN_POINT('',(-30.,-43.1982730756,7.840348428134));
#2271 = CARTESIAN_POINT('',(-29.99999999999,-43.44987474174,
    7.85975082276));
#2272 = CARTESIAN_POINT('',(-30.,-43.7,7.873605130119));
#2273 = CARTESIAN_POINT('',(-29.99999999999,-43.95012525825,
    7.85975082276));
#2274 = CARTESIAN_POINT('',(-30.,-44.20172692439,7.840348428134));
#2275 = CARTESIAN_POINT('',(-30.,-44.44833478877,7.784406204821));
#2276 = CARTESIAN_POINT('',(-30.,-44.69565110122,7.696577017115));
#2277 = CARTESIAN_POINT('',(-30.,-44.92780291578,7.5));
#2278 = CARTESIAN_POINT('',(-31.8,-42.47219708421,7.5));
#2279 = CARTESIAN_POINT('',(-31.59206896551,-42.71775766737,7.5));
#2280 = CARTESIAN_POINT('',(-31.4634082901,-42.96331825053,7.5));
#2281 = CARTESIAN_POINT('',(-31.37215221753,-43.20887883368,7.5));
#2282 = CARTESIAN_POINT('',(-31.3262963322,-43.45443941684,7.5));
#2283 = CARTESIAN_POINT('',(-31.30512032638,-43.7,7.5));
#2284 = CARTESIAN_POINT('',(-31.32629633219,-43.94556058315,7.5));
#2285 = CARTESIAN_POINT('',(-31.37215221753,-44.19112116631,7.5));
#2286 = CARTESIAN_POINT('',(-31.4634082901,-44.43668174946,7.5));
#2287 = CARTESIAN_POINT('',(-31.59206896551,-44.68224233262,7.5));
#2288 = CARTESIAN_POINT('',(-31.8,-44.92780291578,7.5));
#2289 = ADVANCED_FACE('',(#2290),#2301,.T.);
#2290 = FACE_BOUND('',#2291,.F.);
#2291 = EDGE_LOOP('',(#2292,#2298,#2299,#2300));
#2292 = ORIENTED_EDGE('',*,*,#2293,.T.);
#2293 = EDGE_CURVE('',#1086,#1780,#2294,.T.);
#2294 = ( BOUNDED_CURVE() B_SPLINE_CURVE(2,(#2295,#2296,#2297),
.UNSPECIFIED.,.F.,.F.) B_SPLINE_CURVE_WITH_KNOTS((3,3),(0.,
2.455605831562),.PIECEWISE_BEZIER_KNOTS.) CURVE() 
GEOMETRIC_REPRESENTATION_ITEM() RATIONAL_B_SPLINE_CURVE((1.,
0.707106781187,1.)) REPRESENTATION_ITEM('') );
#2295 = CARTESIAN_POINT('',(-30.,42.472197084219,9.3));
#2296 = CARTESIAN_POINT('',(-30.,42.472197084219,7.5));
#2297 = CARTESIAN_POINT('',(-31.8,42.472197084219,7.5));
#2298 = ORIENTED_EDGE('',*,*,#1788,.T.);
#2299 = ORIENTED_EDGE('',*,*,#2233,.F.);
#2300 = ORIENTED_EDGE('',*,*,#1101,.F.);
#2301 = CYLINDRICAL_SURFACE('',#2302,1.8);
#2302 = AXIS2_PLACEMENT_3D('',#2303,#2304,#2305);
#2303 = CARTESIAN_POINT('',(-31.8,46.95,9.3));
#2304 = DIRECTION('',(0.,-1.,0.));
#2305 = DIRECTION('',(1.,0.,1.224646799147E-16));
#2306 = ADVANCED_FACE('',(#2307),#2326,.T.);
#2307 = FACE_BOUND('',#2308,.F.);
#2308 = EDGE_LOOP('',(#2309,#2310,#2318,#2325));
#2309 = ORIENTED_EDGE('',*,*,#1534,.T.);
#2310 = ORIENTED_EDGE('',*,*,#2311,.T.);
#2311 = EDGE_CURVE('',#1535,#2312,#2314,.T.);
#2312 = VERTEX_POINT('',#2313);
#2313 = CARTESIAN_POINT('',(-31.8,44.927802915781,7.5));
#2314 = LINE('',#2315,#2316);
#2315 = CARTESIAN_POINT('',(-31.8,46.95,7.5));
#2316 = VECTOR('',#2317,1.);
#2317 = DIRECTION('',(0.,-1.,0.));
#2318 = ORIENTED_EDGE('',*,*,#2319,.F.);
#2319 = EDGE_CURVE('',#1078,#2312,#2320,.T.);
#2320 = CIRCLE('',#2321,1.8);
#2321 = AXIS2_PLACEMENT_3D('',#2322,#2323,#2324);
#2322 = CARTESIAN_POINT('',(-31.8,44.927802915781,9.3));
#2323 = DIRECTION('',(-0.,1.,0.));
#2324 = DIRECTION('',(1.,0.,1.224646799147E-16));
#2325 = ORIENTED_EDGE('',*,*,#1077,.F.);
#2326 = CYLINDRICAL_SURFACE('',#2327,1.8);
#2327 = AXIS2_PLACEMENT_3D('',#2328,#2329,#2330);
#2328 = CARTESIAN_POINT('',(-31.8,46.95,9.3));
#2329 = DIRECTION('',(0.,-1.,0.));
#2330 = DIRECTION('',(1.,0.,1.224646799147E-16));
#2331 = ADVANCED_FACE('',(#2332),#2351,.F.);
#2332 = FACE_BOUND('',#2333,.F.);
#2333 = EDGE_LOOP('',(#2334,#2335,#2349,#2350));
#2334 = ORIENTED_EDGE('',*,*,#2319,.T.);
#2335 = ORIENTED_EDGE('',*,*,#2336,.T.);
#2336 = EDGE_CURVE('',#2312,#1780,#2337,.T.);
#2337 = ( BOUNDED_CURVE() B_SPLINE_CURVE(10,(#2338,#2339,#2340,#2341,
    #2342,#2343,#2344,#2345,#2346,#2347,#2348),.UNSPECIFIED.,.F.,.F.) 
B_SPLINE_CURVE_WITH_KNOTS((11,11),(2.022197084219,4.477802915781),
.PIECEWISE_BEZIER_KNOTS.) CURVE() GEOMETRIC_REPRESENTATION_ITEM() 
RATIONAL_B_SPLINE_CURVE((1.,1.,1.,1.,1.,1.,1.,1.,1.,1.,1.)) 
REPRESENTATION_ITEM('') );
#2338 = CARTESIAN_POINT('',(-31.8,44.927802915781,7.5));
#2339 = CARTESIAN_POINT('',(-31.59206896551,44.682242332625,7.5));
#2340 = CARTESIAN_POINT('',(-31.4634082901,44.436681749468,7.5));
#2341 = CARTESIAN_POINT('',(-31.37215221754,44.191121166312,7.5));
#2342 = CARTESIAN_POINT('',(-31.32629633219,43.945560583156,7.5));
#2343 = CARTESIAN_POINT('',(-31.30512032638,43.7,7.5));
#2344 = CARTESIAN_POINT('',(-31.32629633219,43.454439416844,7.5));
#2345 = CARTESIAN_POINT('',(-31.37215221754,43.208878833688,7.5));
#2346 = CARTESIAN_POINT('',(-31.4634082901,42.963318250531,7.5));
#2347 = CARTESIAN_POINT('',(-31.59206896551,42.717757667375,7.5));
#2348 = CARTESIAN_POINT('',(-31.8,42.472197084219,7.5));
#2349 = ORIENTED_EDGE('',*,*,#2293,.F.);
#2350 = ORIENTED_EDGE('',*,*,#1085,.F.);
#2351 = ( BOUNDED_SURFACE() B_SPLINE_SURFACE(2,10,(
    (#2352,#2353,#2354,#2355,#2356,#2357,#2358,#2359,#2360,#2361,#2362)
    ,(#2363,#2364,#2365,#2366,#2367,#2368,#2369,#2370,#2371,#2372,#2373)
    ,(#2374,#2375,#2376,#2377,#2378,#2379,#2380,#2381,#2382,#2383,#2384
)),.UNSPECIFIED.,.F.,.F.,.F.) B_SPLINE_SURFACE_WITH_KNOTS((3,3),(11,11),
  (0.,2.455605831562),(2.022197084219,4.477802915781),
.PIECEWISE_BEZIER_KNOTS.) GEOMETRIC_REPRESENTATION_ITEM() 
RATIONAL_B_SPLINE_SURFACE((
    (1.,1.,1.,1.,1.,1.,1.,1.,1.,1.,1.)
    ,(0.707106781187,0.747948293548,0.770608224511,0.787137374092
      ,0.794344352614,0.79872124134,0.794344352614,0.787137374092
      ,0.770608224511,0.747948293548,0.707106781187)
,(1.,1.,1.,1.,1.,1.,1.,1.,1.,1.,1.
  ))) REPRESENTATION_ITEM('') SURFACE() );
#2352 = CARTESIAN_POINT('',(-30.,44.927802915781,9.3));
#2353 = CARTESIAN_POINT('',(-30.,44.682242332625,9.3));
#2354 = CARTESIAN_POINT('',(-30.,44.436681749469,9.273375854225));
#2355 = CARTESIAN_POINT('',(-30.,44.191121166312,9.253727851527));
#2356 = CARTESIAN_POINT('',(-30.,43.945560583156,9.233550495092));
#2357 = CARTESIAN_POINT('',(-30.,43.7,9.232069601845));
#2358 = CARTESIAN_POINT('',(-30.,43.454439416844,9.233550495092));
#2359 = CARTESIAN_POINT('',(-30.,43.208878833688,9.253727851527));
#2360 = CARTESIAN_POINT('',(-30.,42.963318250531,9.273375854225));
#2361 = CARTESIAN_POINT('',(-30.,42.717757667375,9.3));
#2362 = CARTESIAN_POINT('',(-30.,42.472197084219,9.3));
#2363 = CARTESIAN_POINT('',(-30.,44.927802915781,7.5));
#2364 = CARTESIAN_POINT('',(-30.,44.695651101224,7.696577017115));
#2365 = CARTESIAN_POINT('',(-30.,44.448334788778,7.784406204821));
#2366 = CARTESIAN_POINT('',(-30.,44.201726924399,7.840348428133));
#2367 = CARTESIAN_POINT('',(-29.99999999999,43.950125258255,
    7.85975082276));
#2368 = CARTESIAN_POINT('',(-30.,43.7,7.873605130118));
#2369 = CARTESIAN_POINT('',(-29.99999999999,43.449874741744,
    7.85975082276));
#2370 = CARTESIAN_POINT('',(-30.,43.198273075602,7.840348428133));
#2371 = CARTESIAN_POINT('',(-30.,42.951665211222,7.784406204821));
#2372 = CARTESIAN_POINT('',(-30.,42.704348898776,7.696577017115));
#2373 = CARTESIAN_POINT('',(-30.,42.472197084219,7.5));
#2374 = CARTESIAN_POINT('',(-31.8,44.927802915781,7.5));
#2375 = CARTESIAN_POINT('',(-31.59206896551,44.682242332625,7.5));
#2376 = CARTESIAN_POINT('',(-31.4634082901,44.436681749468,7.5));
#2377 = CARTESIAN_POINT('',(-31.37215221754,44.191121166312,7.5));
#2378 = CARTESIAN_POINT('',(-31.32629633219,43.945560583156,7.5));
#2379 = CARTESIAN_POINT('',(-31.30512032638,43.7,7.5));
#2380 = CARTESIAN_POINT('',(-31.32629633219,43.454439416844,7.5));
#2381 = CARTESIAN_POINT('',(-31.37215221754,43.208878833688,7.5));
#2382 = CARTESIAN_POINT('',(-31.4634082901,42.963318250531,7.5));
#2383 = CARTESIAN_POINT('',(-31.59206896551,42.717757667375,7.5));
#2384 = CARTESIAN_POINT('',(-31.8,42.472197084219,7.5));
#2385 = ADVANCED_FACE('',(#2386),#2405,.F.);
#2386 = FACE_BOUND('',#2387,.F.);
#2387 = EDGE_LOOP('',(#2388,#2396,#2397,#2398));
#2388 = ORIENTED_EDGE('',*,*,#2389,.F.);
#2389 = EDGE_CURVE('',#1140,#2390,#2392,.T.);
#2390 = VERTEX_POINT('',#2391);
#2391 = CARTESIAN_POINT('',(-35.14299999993,-43.70000000006,8.9));
#2392 = LINE('',#2393,#2394);
#2393 = CARTESIAN_POINT('',(-34.29999999993,-43.70000000006,9.743));
#2394 = VECTOR('',#2395,1.);
#2395 = DIRECTION('',(-0.707106781187,0.,-0.707106781187));
#2396 = ORIENTED_EDGE('',*,*,#1147,.T.);
#2397 = ORIENTED_EDGE('',*,*,#2389,.T.);
#2398 = ORIENTED_EDGE('',*,*,#2399,.F.);
#2399 = EDGE_CURVE('',#2390,#2390,#2400,.T.);
#2400 = CIRCLE('',#2401,1.893);
#2401 = AXIS2_PLACEMENT_3D('',#2402,#2403,#2404);
#2402 = CARTESIAN_POINT('',(-33.24999999993,-43.70000000006,8.9));
#2403 = DIRECTION('',(1.224646799147E-16,0.,-1.));
#2404 = DIRECTION('',(-1.,0.,-1.224646799147E-16));
#2405 = CONICAL_SURFACE('',#2406,1.05,0.785398163397);
#2406 = AXIS2_PLACEMENT_3D('',#2407,#2408,#2409);
#2407 = CARTESIAN_POINT('',(-33.24999999993,-43.70000000006,9.743));
#2408 = DIRECTION('',(1.224646799147E-16,0.,-1.));
#2409 = DIRECTION('',(-1.,0.,-1.224646799147E-16));
#2410 = ADVANCED_FACE('',(#2411),#2430,.F.);
#2411 = FACE_BOUND('',#2412,.F.);
#2412 = EDGE_LOOP('',(#2413,#2421,#2422,#2423));
#2413 = ORIENTED_EDGE('',*,*,#2414,.F.);
#2414 = EDGE_CURVE('',#1165,#2415,#2417,.T.);
#2415 = VERTEX_POINT('',#2416);
#2416 = CARTESIAN_POINT('',(-168.643,-43.7,8.9));
#2417 = LINE('',#2418,#2419);
#2418 = CARTESIAN_POINT('',(-167.8,-43.7,9.743));
#2419 = VECTOR('',#2420,1.);
#2420 = DIRECTION('',(-0.707106781187,0.,-0.707106781187));
#2421 = ORIENTED_EDGE('',*,*,#1172,.T.);
#2422 = ORIENTED_EDGE('',*,*,#2414,.T.);
#2423 = ORIENTED_EDGE('',*,*,#2424,.F.);
#2424 = EDGE_CURVE('',#2415,#2415,#2425,.T.);
#2425 = CIRCLE('',#2426,1.893);
#2426 = AXIS2_PLACEMENT_3D('',#2427,#2428,#2429);
#2427 = CARTESIAN_POINT('',(-166.75,-43.7,8.9));
#2428 = DIRECTION('',(1.224646799147E-16,0.,-1.));
#2429 = DIRECTION('',(-1.,0.,-1.224646799147E-16));
#2430 = CONICAL_SURFACE('',#2431,1.05,0.785398163397);
#2431 = AXIS2_PLACEMENT_3D('',#2432,#2433,#2434);
#2432 = CARTESIAN_POINT('',(-166.75,-43.7,9.743));
#2433 = DIRECTION('',(1.224646799147E-16,0.,-1.));
#2434 = DIRECTION('',(-1.,0.,-1.224646799147E-16));
#2435 = ADVANCED_FACE('',(#2436),#2455,.F.);
#2436 = FACE_BOUND('',#2437,.F.);
#2437 = EDGE_LOOP('',(#2438,#2446,#2447,#2448));
#2438 = ORIENTED_EDGE('',*,*,#2439,.F.);
#2439 = EDGE_CURVE('',#1484,#2440,#2442,.T.);
#2440 = VERTEX_POINT('',#2441);
#2441 = CARTESIAN_POINT('',(-35.143,43.7,8.9));
#2442 = LINE('',#2443,#2444);
#2443 = CARTESIAN_POINT('',(-34.3,43.7,9.743));
#2444 = VECTOR('',#2445,1.);
#2445 = DIRECTION('',(-0.707106781187,0.,-0.707106781187));
#2446 = ORIENTED_EDGE('',*,*,#1491,.T.);
#2447 = ORIENTED_EDGE('',*,*,#2439,.T.);
#2448 = ORIENTED_EDGE('',*,*,#2449,.F.);
#2449 = EDGE_CURVE('',#2440,#2440,#2450,.T.);
#2450 = CIRCLE('',#2451,1.893);
#2451 = AXIS2_PLACEMENT_3D('',#2452,#2453,#2454);
#2452 = CARTESIAN_POINT('',(-33.25,43.7,8.9));
#2453 = DIRECTION('',(1.224646799147E-16,0.,-1.));
#2454 = DIRECTION('',(-1.,0.,-1.224646799147E-16));
#2455 = CONICAL_SURFACE('',#2456,1.05,0.785398163397);
#2456 = AXIS2_PLACEMENT_3D('',#2457,#2458,#2459);
#2457 = CARTESIAN_POINT('',(-33.25,43.7,9.743));
#2458 = DIRECTION('',(1.224646799147E-16,0.,-1.));
#2459 = DIRECTION('',(-1.,0.,-1.224646799147E-16));
#2460 = ADVANCED_FACE('',(#2461),#2480,.F.);
#2461 = FACE_BOUND('',#2462,.F.);
#2462 = EDGE_LOOP('',(#2463,#2471,#2472,#2473));
#2463 = ORIENTED_EDGE('',*,*,#2464,.F.);
#2464 = EDGE_CURVE('',#1509,#2465,#2467,.T.);
#2465 = VERTEX_POINT('',#2466);
#2466 = CARTESIAN_POINT('',(-168.643,43.7,8.9));
#2467 = LINE('',#2468,#2469);
#2468 = CARTESIAN_POINT('',(-167.8,43.7,9.743));
#2469 = VECTOR('',#2470,1.);
#2470 = DIRECTION('',(-0.707106781187,0.,-0.707106781187));
#2471 = ORIENTED_EDGE('',*,*,#1516,.T.);
#2472 = ORIENTED_EDGE('',*,*,#2464,.T.);
#2473 = ORIENTED_EDGE('',*,*,#2474,.F.);
#2474 = EDGE_CURVE('',#2465,#2465,#2475,.T.);
#2475 = CIRCLE('',#2476,1.893);
#2476 = AXIS2_PLACEMENT_3D('',#2477,#2478,#2479);
#2477 = CARTESIAN_POINT('',(-166.75,43.7,8.9));
#2478 = DIRECTION('',(1.224646799147E-16,0.,-1.));
#2479 = DIRECTION('',(-1.,0.,-1.224646799147E-16));
#2480 = CONICAL_SURFACE('',#2481,1.05,0.785398163397);
#2481 = AXIS2_PLACEMENT_3D('',#2482,#2483,#2484);
#2482 = CARTESIAN_POINT('',(-166.75,43.7,9.743));
#2483 = DIRECTION('',(1.224646799147E-16,0.,-1.));
#2484 = DIRECTION('',(-1.,0.,-1.224646799147E-16));
#2485 = ADVANCED_FACE('',(#2486),#2497,.T.);
#2486 = FACE_BOUND('',#2487,.T.);
#2487 = EDGE_LOOP('',(#2488,#2495,#2496));
#2488 = ORIENTED_EDGE('',*,*,#2489,.F.);
#2489 = EDGE_CURVE('',#1559,#2312,#2490,.T.);
#2490 = CIRCLE('',#2491,1.9);
#2491 = AXIS2_PLACEMENT_3D('',#2492,#2493,#2494);
#2492 = CARTESIAN_POINT('',(-33.25,43.7,7.5));
#2493 = DIRECTION('',(1.224646799147E-16,0.,-1.));
#2494 = DIRECTION('',(-1.,0.,-1.224646799147E-16));
#2495 = ORIENTED_EDGE('',*,*,#1566,.T.);
#2496 = ORIENTED_EDGE('',*,*,#2311,.T.);
#2497 = PLANE('',#2498);
#2498 = AXIS2_PLACEMENT_3D('',#2499,#2500,#2501);
#2499 = CARTESIAN_POINT('',(-100.,0.,7.5));
#2500 = DIRECTION('',(1.224646799147E-16,0.,-1.));
#2501 = DIRECTION('',(-1.,0.,-1.224646799147E-16));
#2502 = ADVANCED_FACE('',(#2503),#2526,.F.);
#2503 = FACE_BOUND('',#2504,.F.);
#2504 = EDGE_LOOP('',(#2505,#2506,#2514,#2521,#2522,#2523,#2524,#2525));
#2505 = ORIENTED_EDGE('',*,*,#1770,.F.);
#2506 = ORIENTED_EDGE('',*,*,#2507,.T.);
#2507 = EDGE_CURVE('',#1771,#2508,#2510,.T.);
#2508 = VERTEX_POINT('',#2509);
#2509 = CARTESIAN_POINT('',(-35.15,43.7,8.9));
#2510 = LINE('',#2511,#2512);
#2511 = CARTESIAN_POINT('',(-35.15,43.7,7.5));
#2512 = VECTOR('',#2513,1.);
#2513 = DIRECTION('',(-1.224646799147E-16,0.,1.));
#2514 = ORIENTED_EDGE('',*,*,#2515,.T.);
#2515 = EDGE_CURVE('',#2508,#2508,#2516,.T.);
#2516 = CIRCLE('',#2517,1.9);
#2517 = AXIS2_PLACEMENT_3D('',#2518,#2519,#2520);
#2518 = CARTESIAN_POINT('',(-33.25,43.7,8.9));
#2519 = DIRECTION('',(1.224646799147E-16,0.,-1.));
#2520 = DIRECTION('',(-1.,0.,-1.224646799147E-16));
#2521 = ORIENTED_EDGE('',*,*,#2507,.F.);
#2522 = ORIENTED_EDGE('',*,*,#1779,.F.);
#2523 = ORIENTED_EDGE('',*,*,#2336,.F.);
#2524 = ORIENTED_EDGE('',*,*,#2489,.F.);
#2525 = ORIENTED_EDGE('',*,*,#1591,.F.);
#2526 = CYLINDRICAL_SURFACE('',#2527,1.9);
#2527 = AXIS2_PLACEMENT_3D('',#2528,#2529,#2530);
#2528 = CARTESIAN_POINT('',(-33.25,43.7,7.5));
#2529 = DIRECTION('',(1.224646799147E-16,0.,-1.));
#2530 = DIRECTION('',(-1.,0.,-1.224646799147E-16));
#2531 = ADVANCED_FACE('',(#2532),#2553,.F.);
#2532 = FACE_BOUND('',#2533,.F.);
#2533 = EDGE_LOOP('',(#2534,#2535,#2543,#2550,#2551,#2552));
#2534 = ORIENTED_EDGE('',*,*,#1796,.F.);
#2535 = ORIENTED_EDGE('',*,*,#2536,.T.);
#2536 = EDGE_CURVE('',#1797,#2537,#2539,.T.);
#2537 = VERTEX_POINT('',#2538);
#2538 = CARTESIAN_POINT('',(-35.15,-43.7,8.9));
#2539 = LINE('',#2540,#2541);
#2540 = CARTESIAN_POINT('',(-35.15,-43.7,7.5));
#2541 = VECTOR('',#2542,1.);
#2542 = DIRECTION('',(-1.224646799147E-16,0.,1.));
#2543 = ORIENTED_EDGE('',*,*,#2544,.T.);
#2544 = EDGE_CURVE('',#2537,#2537,#2545,.T.);
#2545 = CIRCLE('',#2546,1.9);
#2546 = AXIS2_PLACEMENT_3D('',#2547,#2548,#2549);
#2547 = CARTESIAN_POINT('',(-33.25,-43.7,8.9));
#2548 = DIRECTION('',(1.224646799147E-16,0.,-1.));
#2549 = DIRECTION('',(-1.,0.,-1.224646799147E-16));
#2550 = ORIENTED_EDGE('',*,*,#2536,.F.);
#2551 = ORIENTED_EDGE('',*,*,#1805,.F.);
#2552 = ORIENTED_EDGE('',*,*,#2240,.F.);
#2553 = CYLINDRICAL_SURFACE('',#2554,1.9);
#2554 = AXIS2_PLACEMENT_3D('',#2555,#2556,#2557);
#2555 = CARTESIAN_POINT('',(-33.25,-43.7,7.5));
#2556 = DIRECTION('',(1.224646799147E-16,0.,-1.));
#2557 = DIRECTION('',(-1.,0.,-1.224646799147E-16));
#2558 = ADVANCED_FACE('',(#2559),#2580,.F.);
#2559 = FACE_BOUND('',#2560,.F.);
#2560 = EDGE_LOOP('',(#2561,#2562,#2563,#2571,#2578,#2579));
#2561 = ORIENTED_EDGE('',*,*,#1745,.F.);
#2562 = ORIENTED_EDGE('',*,*,#2175,.F.);
#2563 = ORIENTED_EDGE('',*,*,#2564,.T.);
#2564 = EDGE_CURVE('',#2127,#2565,#2567,.T.);
#2565 = VERTEX_POINT('',#2566);
#2566 = CARTESIAN_POINT('',(-168.65,-43.7,8.9));
#2567 = LINE('',#2568,#2569);
#2568 = CARTESIAN_POINT('',(-168.65,-43.7,7.5));
#2569 = VECTOR('',#2570,1.);
#2570 = DIRECTION('',(-1.224646799147E-16,0.,1.));
#2571 = ORIENTED_EDGE('',*,*,#2572,.T.);
#2572 = EDGE_CURVE('',#2565,#2565,#2573,.T.);
#2573 = CIRCLE('',#2574,1.9);
#2574 = AXIS2_PLACEMENT_3D('',#2575,#2576,#2577);
#2575 = CARTESIAN_POINT('',(-166.75,-43.7,8.9));
#2576 = DIRECTION('',(1.224646799147E-16,0.,-1.));
#2577 = DIRECTION('',(-1.,0.,-1.224646799147E-16));
#2578 = ORIENTED_EDGE('',*,*,#2564,.F.);
#2579 = ORIENTED_EDGE('',*,*,#2126,.F.);
#2580 = CYLINDRICAL_SURFACE('',#2581,1.9);
#2581 = AXIS2_PLACEMENT_3D('',#2582,#2583,#2584);
#2582 = CARTESIAN_POINT('',(-166.75,-43.7,7.5));
#2583 = DIRECTION('',(1.224646799147E-16,0.,-1.));
#2584 = DIRECTION('',(-1.,0.,-1.224646799147E-16));
#2585 = ADVANCED_FACE('',(#2586),#2615,.F.);
#2586 = FACE_BOUND('',#2587,.F.);
#2587 = EDGE_LOOP('',(#2588,#2595,#2596,#2604,#2611,#2612,#2613,#2614));
#2588 = ORIENTED_EDGE('',*,*,#2589,.F.);
#2589 = EDGE_CURVE('',#1970,#1866,#2590,.T.);
#2590 = CIRCLE('',#2591,1.9);
#2591 = AXIS2_PLACEMENT_3D('',#2592,#2593,#2594);
#2592 = CARTESIAN_POINT('',(-166.75,43.7,7.5));
#2593 = DIRECTION('',(1.224646799147E-16,0.,-1.));
#2594 = DIRECTION('',(-1.,0.,-1.224646799147E-16));
#2595 = ORIENTED_EDGE('',*,*,#2001,.F.);
#2596 = ORIENTED_EDGE('',*,*,#2597,.T.);
#2597 = EDGE_CURVE('',#1994,#2598,#2600,.T.);
#2598 = VERTEX_POINT('',#2599);
#2599 = CARTESIAN_POINT('',(-168.65,43.7,8.9));
#2600 = LINE('',#2601,#2602);
#2601 = CARTESIAN_POINT('',(-168.65,43.7,7.5));
#2602 = VECTOR('',#2603,1.);
#2603 = DIRECTION('',(-1.224646799147E-16,0.,1.));
#2604 = ORIENTED_EDGE('',*,*,#2605,.T.);
#2605 = EDGE_CURVE('',#2598,#2598,#2606,.T.);
#2606 = CIRCLE('',#2607,1.9);
#2607 = AXIS2_PLACEMENT_3D('',#2608,#2609,#2610);
#2608 = CARTESIAN_POINT('',(-166.75,43.7,8.9));
#2609 = DIRECTION('',(1.224646799147E-16,0.,-1.));
#2610 = DIRECTION('',(-1.,0.,-1.224646799147E-16));
#2611 = ORIENTED_EDGE('',*,*,#2597,.F.);
#2612 = ORIENTED_EDGE('',*,*,#2049,.F.);
#2613 = ORIENTED_EDGE('',*,*,#1762,.F.);
#2614 = ORIENTED_EDGE('',*,*,#1874,.F.);
#2615 = CYLINDRICAL_SURFACE('',#2616,1.9);
#2616 = AXIS2_PLACEMENT_3D('',#2617,#2618,#2619);
#2617 = CARTESIAN_POINT('',(-166.75,43.7,7.5));
#2618 = DIRECTION('',(1.224646799147E-16,0.,-1.));
#2619 = DIRECTION('',(-1.,0.,-1.224646799147E-16));
#2620 = ADVANCED_FACE('',(#2621),#2626,.T.);
#2621 = FACE_BOUND('',#2622,.T.);
#2622 = EDGE_LOOP('',(#2623,#2624,#2625));
#2623 = ORIENTED_EDGE('',*,*,#2589,.F.);
#2624 = ORIENTED_EDGE('',*,*,#1977,.T.);
#2625 = ORIENTED_EDGE('',*,*,#1936,.T.);
#2626 = PLANE('',#2627);
#2627 = AXIS2_PLACEMENT_3D('',#2628,#2629,#2630);
#2628 = CARTESIAN_POINT('',(-100.,0.,7.5));
#2629 = DIRECTION('',(1.224646799147E-16,0.,-1.));
#2630 = DIRECTION('',(-1.,0.,-1.224646799147E-16));
#2631 = ADVANCED_FACE('',(#2632,#2635),#2638,.T.);
#2632 = FACE_BOUND('',#2633,.T.);
#2633 = EDGE_LOOP('',(#2634));
#2634 = ORIENTED_EDGE('',*,*,#2399,.F.);
#2635 = FACE_BOUND('',#2636,.T.);
#2636 = EDGE_LOOP('',(#2637));
#2637 = ORIENTED_EDGE('',*,*,#2544,.T.);
#2638 = PLANE('',#2639);
#2639 = AXIS2_PLACEMENT_3D('',#2640,#2641,#2642);
#2640 = CARTESIAN_POINT('',(-100.,1.08E-15,8.9));
#2641 = DIRECTION('',(1.224646799147E-16,0.,-1.));
#2642 = DIRECTION('',(-1.,0.,-1.224646799147E-16));
#2643 = ADVANCED_FACE('',(#2644,#2647),#2650,.T.);
#2644 = FACE_BOUND('',#2645,.T.);
#2645 = EDGE_LOOP('',(#2646));
#2646 = ORIENTED_EDGE('',*,*,#2424,.F.);
#2647 = FACE_BOUND('',#2648,.T.);
#2648 = EDGE_LOOP('',(#2649));
#2649 = ORIENTED_EDGE('',*,*,#2572,.T.);
#2650 = PLANE('',#2651);
#2651 = AXIS2_PLACEMENT_3D('',#2652,#2653,#2654);
#2652 = CARTESIAN_POINT('',(-100.,1.08E-15,8.9));
#2653 = DIRECTION('',(1.224646799147E-16,0.,-1.));
#2654 = DIRECTION('',(-1.,0.,-1.224646799147E-16));
#2655 = ADVANCED_FACE('',(#2656,#2659),#2662,.T.);
#2656 = FACE_BOUND('',#2657,.T.);
#2657 = EDGE_LOOP('',(#2658));
#2658 = ORIENTED_EDGE('',*,*,#2449,.F.);
#2659 = FACE_BOUND('',#2660,.T.);
#2660 = EDGE_LOOP('',(#2661));
#2661 = ORIENTED_EDGE('',*,*,#2515,.T.);
#2662 = PLANE('',#2663);
#2663 = AXIS2_PLACEMENT_3D('',#2664,#2665,#2666);
#2664 = CARTESIAN_POINT('',(-100.,1.08E-15,8.9));
#2665 = DIRECTION('',(1.224646799147E-16,0.,-1.));
#2666 = DIRECTION('',(-1.,0.,-1.224646799147E-16));
#2667 = ADVANCED_FACE('',(#2668,#2671),#2674,.T.);
#2668 = FACE_BOUND('',#2669,.T.);
#2669 = EDGE_LOOP('',(#2670));
#2670 = ORIENTED_EDGE('',*,*,#2474,.F.);
#2671 = FACE_BOUND('',#2672,.T.);
#2672 = EDGE_LOOP('',(#2673));
#2673 = ORIENTED_EDGE('',*,*,#2605,.T.);
#2674 = PLANE('',#2675);
#2675 = AXIS2_PLACEMENT_3D('',#2676,#2677,#2678);
#2676 = CARTESIAN_POINT('',(-100.,1.08E-15,8.9));
#2677 = DIRECTION('',(1.224646799147E-16,0.,-1.));
#2678 = DIRECTION('',(-1.,0.,-1.224646799147E-16));
#2679 = ( GEOMETRIC_REPRESENTATION_CONTEXT(3) 
GLOBAL_UNCERTAINTY_ASSIGNED_CONTEXT((#2683)) 
GLOBAL_UNIT_ASSIGNED_CONTEXT((#2680,#2681,#2682)) REPRESENTATION_CONTEXT
('Context #1','3D Context with UNIT and UNCERTAINTY') );
#2680 = ( LENGTH_UNIT() NAMED_UNIT(*) SI_UNIT(.MILLI.,.METRE.) );
#2681 = ( NAMED_UNIT(*) PLANE_ANGLE_UNIT() SI_UNIT($,.RADIAN.) );
#2682 = ( NAMED_UNIT(*) SI_UNIT($,.STERADIAN.) SOLID_ANGLE_UNIT() );
#2683 = UNCERTAINTY_MEASURE_WITH_UNIT(LENGTH_MEASURE(1.E-05),#2680,
  'distance_accuracy_value','confusion accuracy');
#2684 = PRODUCT_RELATED_PRODUCT_CATEGORY('part',$,(#7));
#2685 = MECHANICAL_DESIGN_GEOMETRIC_PRESENTATION_REPRESENTATION('',(
    #2686),#2679);
#2686 = STYLED_ITEM('color',(#2687),#15);
#2687 = PRESENTATION_STYLE_ASSIGNMENT((#2688,#2694));
#2688 = SURFACE_STYLE_USAGE(.BOTH.,#2689);
#2689 = SURFACE_SIDE_STYLE('',(#2690));
#2690 = SURFACE_STYLE_FILL_AREA(#2691);
#2691 = FILL_AREA_STYLE('',(#2692));
#2692 = FILL_AREA_STYLE_COLOUR('',#2693);
#2693 = COLOUR_RGB('',0.,0.666666687201,1.);
#2694 = CURVE_STYLE('',#2695,POSITIVE_LENGTH_MEASURE(0.1),#2696);
#2695 = DRAUGHTING_PRE_DEFINED_CURVE_FONT('continuous');
#2696 = COLOUR_RGB('',0.678431390124,0.709803936702,0.741176476869);
ENDSEC;
END-ISO-10303-21;
