ISO-10303-21;
HEADER;
FILE_DESCRIPTION(('FreeCAD Model'),'2;1');
FILE_NAME('Open CASCADE Shape Model','2025-12-10T21:07:23',(''),(''),
  'Open CASCADE STEP processor 7.8','FreeCAD','Unknown');
FILE_SCHEMA(('AUTOMOTIVE_DESIGN { 1 0 10303 214 1 1 1 1 }'));
ENDSEC;
DATA;
#1 = APPLICATION_PROTOCOL_DEFINITION('international standard',
  'automotive_design',2000,#2);
#2 = APPLICATION_CONTEXT(
  'core data for automotive mechanical design processes');
#3 = SHAPE_DEFINITION_REPRESENTATION(#4,#10);
#4 = PRODUCT_DEFINITION_SHAPE('','',#5);
#5 = PRODUCT_DEFINITION('design','',#6,#9);
#6 = PRODUCT_DEFINITION_FORMATION('','',#7);
#7 = PRODUCT('Pocket027','Pocket027','',(#8));
#8 = PRODUCT_CONTEXT('',#2,'mechanical');
#9 = PRODUCT_DEFINITION_CONTEXT('part definition',#2,'design');
#10 = ADVANCED_BREP_SHAPE_REPRESENTATION('',(#11,#15),#8110);
#11 = AXIS2_PLACEMENT_3D('',#12,#13,#14);
#12 = CARTESIAN_POINT('',(0.,0.,0.));
#13 = DIRECTION('',(0.,0.,1.));
#14 = DIRECTION('',(1.,0.,-0.));
#15 = MANIFOLD_SOLID_BREP('',#16);
#16 = CLOSED_SHELL('',(#17,#125,#442,#467,#580,#605,#629,#654,#678,#703,
    #727,#752,#812,#829,#879,#904,#928,#953,#979,#1010,#1034,#1058,#1082
    ,#1106,#1123,#1154,#1178,#1202,#1226,#1250,#1267,#1298,#1322,#1346,
    #1370,#1394,#1411,#1442,#1466,#1490,#1514,#1538,#1555,#1586,#1610,
    #1634,#1658,#1682,#1699,#1738,#1762,#1786,#1811,#1849,#1884,#1909,
    #1934,#1959,#1977,#2002,#2027,#2044,#2069,#2086,#2103,#2120,#2145,
    #2162,#2179,#2196,#3637,#3647,#3659,#3676,#3707,#3731,#3755,#3772,
    #3803,#3827,#3851,#3868,#3899,#3923,#3947,#3964,#3995,#4019,#4043,
    #4060,#4085,#4110,#4135,#4160,#4185,#4216,#4240,#4264,#4281,#4306,
    #4337,#4361,#4385,#4402,#4427,#4452,#4483,#4507,#4531,#4548,#4573,
    #4598,#4623,#4648,#4673,#4698,#4723,#4754,#4778,#4802,#4819,#4850,
    #4874,#4898,#4915,#4946,#4970,#4994,#5011,#5042,#5066,#5090,#5107,
    #5132,#5157,#5182,#5207,#5232,#5263,#5287,#5311,#5328,#5353,#5384,
    #5408,#5432,#5449,#5474,#5499,#5524,#5549,#5574,#5605,#5629,#5653,
    #5670,#5695,#5726,#5750,#5774,#5791,#5816,#5841,#5872,#5896,#5920,
    #5937,#5962,#5987,#6012,#6037,#6062,#6087,#6118,#6142,#6166,#6183,
    #6208,#6239,#6263,#6287,#6304,#6329,#6354,#6385,#6409,#6433,#6450,
    #6475,#6500,#6525,#6550,#6575,#6600,#6631,#6655,#6679,#6696,#6721,
    #6752,#6776,#6800,#6817,#6848,#6872,#6896,#6913,#6944,#6968,#6992,
    #7009,#7034,#7059,#7084,#7109,#7134,#7165,#7189,#7213,#7230,#7255,
    #7286,#7310,#7334,#7351,#7363,#7375,#7387,#7399,#7408,#7417,#7426,
    #7435,#7444,#7456,#7465,#7477,#7486,#7495,#7507,#7516,#7525,#7534,
    #7543,#7552,#7561,#7570,#7582,#7594,#7606,#7618,#7627,#7636,#7645,
    #7654,#7663,#7675,#7684,#7696,#7705,#7714,#7723,#7732,#7741,#7753,
    #7762,#7774,#7783,#7792,#7804,#7813,#7822,#7831,#7840,#7849,#7858,
    #7870,#7879,#7891,#7900,#7909,#7921,#7930,#7939,#7948,#7957,#7966,
    #7975,#7987,#7996,#8008,#8020,#8032,#8041,#8050,#8059,#8068,#8077,
    #8089,#8098));
#17 = ADVANCED_FACE('',(#18),#120,.F.);
#18 = FACE_BOUND('',#19,.F.);
#19 = EDGE_LOOP('',(#20,#30,#38,#46,#55,#63,#72,#80,#89,#97,#106,#114));
#20 = ORIENTED_EDGE('',*,*,#21,.F.);
#21 = EDGE_CURVE('',#22,#24,#26,.T.);
#22 = VERTEX_POINT('',#23);
#23 = CARTESIAN_POINT('',(-31.8,46.95,-0.1));
#24 = VERTEX_POINT('',#25);
#25 = CARTESIAN_POINT('',(-168.2,46.95,-0.1));
#26 = LINE('',#27,#28);
#27 = CARTESIAN_POINT('',(-30.,46.95,-0.1));
#28 = VECTOR('',#29,1.);
#29 = DIRECTION('',(-1.,0.,0.));
#30 = ORIENTED_EDGE('',*,*,#31,.T.);
#31 = EDGE_CURVE('',#22,#32,#34,.T.);
#32 = VERTEX_POINT('',#33);
#33 = CARTESIAN_POINT('',(-31.8,46.95,10.5));
#34 = LINE('',#35,#36);
#35 = CARTESIAN_POINT('',(-31.8,46.95,-0.1));
#36 = VECTOR('',#37,1.);
#37 = DIRECTION('',(0.,0.,1.));
#38 = ORIENTED_EDGE('',*,*,#39,.T.);
#39 = EDGE_CURVE('',#32,#40,#42,.T.);
#40 = VERTEX_POINT('',#41);
#41 = CARTESIAN_POINT('',(-45.50200080064,46.95,10.5));
#42 = LINE('',#43,#44);
#43 = CARTESIAN_POINT('',(-30.,46.95,10.5));
#44 = VECTOR('',#45,1.);
#45 = DIRECTION('',(-1.,0.,0.));
#46 = ORIENTED_EDGE('',*,*,#47,.T.);
#47 = EDGE_CURVE('',#40,#48,#50,.T.);
#48 = VERTEX_POINT('',#49);
#49 = CARTESIAN_POINT('',(-45.5,46.95,10.4));
#50 = CIRCLE('',#51,2.5);
#51 = AXIS2_PLACEMENT_3D('',#52,#53,#54);
#52 = CARTESIAN_POINT('',(-48.,46.95,10.4));
#53 = DIRECTION('',(0.,1.,-0.));
#54 = DIRECTION('',(-1.,0.,0.));
#55 = ORIENTED_EDGE('',*,*,#56,.T.);
#56 = EDGE_CURVE('',#48,#57,#59,.T.);
#57 = VERTEX_POINT('',#58);
#58 = CARTESIAN_POINT('',(-45.5,46.95,7.4));
#59 = LINE('',#60,#61);
#60 = CARTESIAN_POINT('',(-45.5,46.95,10.4));
#61 = VECTOR('',#62,1.);
#62 = DIRECTION('',(0.,0.,-1.));
#63 = ORIENTED_EDGE('',*,*,#64,.T.);
#64 = EDGE_CURVE('',#57,#65,#67,.T.);
#65 = VERTEX_POINT('',#66);
#66 = CARTESIAN_POINT('',(-48.,46.95,4.9));
#67 = CIRCLE('',#68,2.5);
#68 = AXIS2_PLACEMENT_3D('',#69,#70,#71);
#69 = CARTESIAN_POINT('',(-48.,46.95,7.4));
#70 = DIRECTION('',(0.,1.,-0.));
#71 = DIRECTION('',(-1.,0.,0.));
#72 = ORIENTED_EDGE('',*,*,#73,.T.);
#73 = EDGE_CURVE('',#65,#74,#76,.T.);
#74 = VERTEX_POINT('',#75);
#75 = CARTESIAN_POINT('',(-57.,46.95,4.9));
#76 = LINE('',#77,#78);
#77 = CARTESIAN_POINT('',(-48.,46.95,4.9));
#78 = VECTOR('',#79,1.);
#79 = DIRECTION('',(-1.,0.,0.));
#80 = ORIENTED_EDGE('',*,*,#81,.T.);
#81 = EDGE_CURVE('',#74,#82,#84,.T.);
#82 = VERTEX_POINT('',#83);
#83 = CARTESIAN_POINT('',(-59.5,46.95,7.4));
#84 = CIRCLE('',#85,2.5);
#85 = AXIS2_PLACEMENT_3D('',#86,#87,#88);
#86 = CARTESIAN_POINT('',(-57.,46.95,7.4));
#87 = DIRECTION('',(0.,1.,-0.));
#88 = DIRECTION('',(-1.,0.,0.));
#89 = ORIENTED_EDGE('',*,*,#90,.T.);
#90 = EDGE_CURVE('',#82,#91,#93,.T.);
#91 = VERTEX_POINT('',#92);
#92 = CARTESIAN_POINT('',(-59.5,46.95,10.4));
#93 = LINE('',#94,#95);
#94 = CARTESIAN_POINT('',(-59.5,46.95,7.4));
#95 = VECTOR('',#96,1.);
#96 = DIRECTION('',(0.,0.,1.));
#97 = ORIENTED_EDGE('',*,*,#98,.T.);
#98 = EDGE_CURVE('',#91,#99,#101,.T.);
#99 = VERTEX_POINT('',#100);
#100 = CARTESIAN_POINT('',(-59.49799919935,46.95,10.5));
#101 = CIRCLE('',#102,2.5);
#102 = AXIS2_PLACEMENT_3D('',#103,#104,#105);
#103 = CARTESIAN_POINT('',(-57.,46.95,10.4));
#104 = DIRECTION('',(0.,1.,-0.));
#105 = DIRECTION('',(-1.,0.,0.));
#106 = ORIENTED_EDGE('',*,*,#107,.T.);
#107 = EDGE_CURVE('',#99,#108,#110,.T.);
#108 = VERTEX_POINT('',#109);
#109 = CARTESIAN_POINT('',(-168.2,46.95,10.5));
#110 = LINE('',#111,#112);
#111 = CARTESIAN_POINT('',(-30.,46.95,10.5));
#112 = VECTOR('',#113,1.);
#113 = DIRECTION('',(-1.,0.,0.));
#114 = ORIENTED_EDGE('',*,*,#115,.F.);
#115 = EDGE_CURVE('',#24,#108,#116,.T.);
#116 = LINE('',#117,#118);
#117 = CARTESIAN_POINT('',(-168.2,46.95,-0.1));
#118 = VECTOR('',#119,1.);
#119 = DIRECTION('',(0.,0.,1.));
#120 = PLANE('',#121);
#121 = AXIS2_PLACEMENT_3D('',#122,#123,#124);
#122 = CARTESIAN_POINT('',(-30.,46.95,-0.1));
#123 = DIRECTION('',(0.,-1.,0.));
#124 = DIRECTION('',(-1.,0.,0.));
#125 = ADVANCED_FACE('',(#126,#187,#237,#287,#337,#387),#437,.F.);
#126 = FACE_BOUND('',#127,.F.);
#127 = EDGE_LOOP('',(#128,#138,#145,#146,#155,#163,#172,#180));
#128 = ORIENTED_EDGE('',*,*,#129,.T.);
#129 = EDGE_CURVE('',#130,#132,#134,.T.);
#130 = VERTEX_POINT('',#131);
#131 = CARTESIAN_POINT('',(-30.,-130.15,-0.1));
#132 = VERTEX_POINT('',#133);
#133 = CARTESIAN_POINT('',(-30.,45.15,-0.1));
#134 = LINE('',#135,#136);
#135 = CARTESIAN_POINT('',(-30.,-46.95,-0.1));
#136 = VECTOR('',#137,1.);
#137 = DIRECTION('',(0.,1.,0.));
#138 = ORIENTED_EDGE('',*,*,#139,.F.);
#139 = EDGE_CURVE('',#22,#132,#140,.T.);
#140 = CIRCLE('',#141,1.8);
#141 = AXIS2_PLACEMENT_3D('',#142,#143,#144);
#142 = CARTESIAN_POINT('',(-31.8,45.15,-0.1));
#143 = DIRECTION('',(-0.,-0.,-1.));
#144 = DIRECTION('',(0.,-1.,0.));
#145 = ORIENTED_EDGE('',*,*,#21,.T.);
#146 = ORIENTED_EDGE('',*,*,#147,.T.);
#147 = EDGE_CURVE('',#24,#148,#150,.T.);
#148 = VERTEX_POINT('',#149);
#149 = CARTESIAN_POINT('',(-170.,45.15,-0.1));
#150 = CIRCLE('',#151,1.8);
#151 = AXIS2_PLACEMENT_3D('',#152,#153,#154);
#152 = CARTESIAN_POINT('',(-168.2,45.15,-0.1));
#153 = DIRECTION('',(-0.,0.,1.));
#154 = DIRECTION('',(0.,-1.,0.));
#155 = ORIENTED_EDGE('',*,*,#156,.T.);
#156 = EDGE_CURVE('',#148,#157,#159,.T.);
#157 = VERTEX_POINT('',#158);
#158 = CARTESIAN_POINT('',(-170.,-130.15,-0.1));
#159 = LINE('',#160,#161);
#160 = CARTESIAN_POINT('',(-170.,-46.95,-0.1));
#161 = VECTOR('',#162,1.);
#162 = DIRECTION('',(0.,-1.,0.));
#163 = ORIENTED_EDGE('',*,*,#164,.T.);
#164 = EDGE_CURVE('',#157,#165,#167,.T.);
#165 = VERTEX_POINT('',#166);
#166 = CARTESIAN_POINT('',(-168.2,-131.95,-0.1));
#167 = CIRCLE('',#168,1.8);
#168 = AXIS2_PLACEMENT_3D('',#169,#170,#171);
#169 = CARTESIAN_POINT('',(-168.2,-130.15,-0.1));
#170 = DIRECTION('',(-0.,0.,1.));
#171 = DIRECTION('',(0.,-1.,0.));
#172 = ORIENTED_EDGE('',*,*,#173,.T.);
#173 = EDGE_CURVE('',#165,#174,#176,.T.);
#174 = VERTEX_POINT('',#175);
#175 = CARTESIAN_POINT('',(-31.8,-131.95,-0.1));
#176 = LINE('',#177,#178);
#177 = CARTESIAN_POINT('',(-170.,-131.95,-0.1));
#178 = VECTOR('',#179,1.);
#179 = DIRECTION('',(1.,0.,0.));
#180 = ORIENTED_EDGE('',*,*,#181,.F.);
#181 = EDGE_CURVE('',#130,#174,#182,.T.);
#182 = CIRCLE('',#183,1.8);
#183 = AXIS2_PLACEMENT_3D('',#184,#185,#186);
#184 = CARTESIAN_POINT('',(-31.8,-130.15,-0.1));
#185 = DIRECTION('',(-0.,-0.,-1.));
#186 = DIRECTION('',(0.,-1.,0.));
#187 = FACE_BOUND('',#188,.F.);
#188 = EDGE_LOOP('',(#189,#199,#207,#215,#223,#231));
#189 = ORIENTED_EDGE('',*,*,#190,.T.);
#190 = EDGE_CURVE('',#191,#193,#195,.T.);
#191 = VERTEX_POINT('',#192);
#192 = CARTESIAN_POINT('',(-165.75,-41.96794919243,-0.1));
#193 = VERTEX_POINT('',#194);
#194 = CARTESIAN_POINT('',(-164.75,-43.7,-0.1));
#195 = LINE('',#196,#197);
#196 = CARTESIAN_POINT('',(-165.75,-41.96794919243,-0.1));
#197 = VECTOR('',#198,1.);
#198 = DIRECTION('',(0.5,-0.866025403784,0.));
#199 = ORIENTED_EDGE('',*,*,#200,.T.);
#200 = EDGE_CURVE('',#193,#201,#203,.T.);
#201 = VERTEX_POINT('',#202);
#202 = CARTESIAN_POINT('',(-165.75,-45.43205080756,-0.1));
#203 = LINE('',#204,#205);
#204 = CARTESIAN_POINT('',(-164.75,-43.7,-0.1));
#205 = VECTOR('',#206,1.);
#206 = DIRECTION('',(-0.5,-0.866025403784,0.));
#207 = ORIENTED_EDGE('',*,*,#208,.T.);
#208 = EDGE_CURVE('',#201,#209,#211,.T.);
#209 = VERTEX_POINT('',#210);
#210 = CARTESIAN_POINT('',(-167.75,-45.43205080756,-0.1));
#211 = LINE('',#212,#213);
#212 = CARTESIAN_POINT('',(-165.75,-45.43205080756,-0.1));
#213 = VECTOR('',#214,1.);
#214 = DIRECTION('',(-1.,0.,0.));
#215 = ORIENTED_EDGE('',*,*,#216,.T.);
#216 = EDGE_CURVE('',#209,#217,#219,.T.);
#217 = VERTEX_POINT('',#218);
#218 = CARTESIAN_POINT('',(-168.75,-43.7,-0.1));
#219 = LINE('',#220,#221);
#220 = CARTESIAN_POINT('',(-167.75,-45.43205080756,-0.1));
#221 = VECTOR('',#222,1.);
#222 = DIRECTION('',(-0.5,0.866025403784,-0.));
#223 = ORIENTED_EDGE('',*,*,#224,.T.);
#224 = EDGE_CURVE('',#217,#225,#227,.T.);
#225 = VERTEX_POINT('',#226);
#226 = CARTESIAN_POINT('',(-167.75,-41.96794919243,-0.1));
#227 = LINE('',#228,#229);
#228 = CARTESIAN_POINT('',(-168.75,-43.7,-0.1));
#229 = VECTOR('',#230,1.);
#230 = DIRECTION('',(0.5,0.866025403784,0.));
#231 = ORIENTED_EDGE('',*,*,#232,.T.);
#232 = EDGE_CURVE('',#225,#191,#233,.T.);
#233 = LINE('',#234,#235);
#234 = CARTESIAN_POINT('',(-167.75,-41.96794919243,-0.1));
#235 = VECTOR('',#236,1.);
#236 = DIRECTION('',(1.,0.,0.));
#237 = FACE_BOUND('',#238,.F.);
#238 = EDGE_LOOP('',(#239,#249,#257,#265,#273,#281));
#239 = ORIENTED_EDGE('',*,*,#240,.T.);
#240 = EDGE_CURVE('',#241,#243,#245,.T.);
#241 = VERTEX_POINT('',#242);
#242 = CARTESIAN_POINT('',(-103.05,1.732050807569,-0.1));
#243 = VERTEX_POINT('',#244);
#244 = CARTESIAN_POINT('',(-102.05,0.,-0.1));
#245 = LINE('',#246,#247);
#246 = CARTESIAN_POINT('',(-103.05,1.732050807569,-0.1));
#247 = VECTOR('',#248,1.);
#248 = DIRECTION('',(0.5,-0.866025403784,0.));
#249 = ORIENTED_EDGE('',*,*,#250,.T.);
#250 = EDGE_CURVE('',#243,#251,#253,.T.);
#251 = VERTEX_POINT('',#252);
#252 = CARTESIAN_POINT('',(-103.05,-1.732050807569,-0.1));
#253 = LINE('',#254,#255);
#254 = CARTESIAN_POINT('',(-102.05,0.,-0.1));
#255 = VECTOR('',#256,1.);
#256 = DIRECTION('',(-0.5,-0.866025403784,0.));
#257 = ORIENTED_EDGE('',*,*,#258,.T.);
#258 = EDGE_CURVE('',#251,#259,#261,.T.);
#259 = VERTEX_POINT('',#260);
#260 = CARTESIAN_POINT('',(-105.05,-1.732050807569,-0.1));
#261 = LINE('',#262,#263);
#262 = CARTESIAN_POINT('',(-103.05,-1.732050807569,-0.1));
#263 = VECTOR('',#264,1.);
#264 = DIRECTION('',(-1.,0.,0.));
#265 = ORIENTED_EDGE('',*,*,#266,.T.);
#266 = EDGE_CURVE('',#259,#267,#269,.T.);
#267 = VERTEX_POINT('',#268);
#268 = CARTESIAN_POINT('',(-106.05,0.,-0.1));
#269 = LINE('',#270,#271);
#270 = CARTESIAN_POINT('',(-105.05,-1.732050807569,-0.1));
#271 = VECTOR('',#272,1.);
#272 = DIRECTION('',(-0.5,0.866025403784,-0.));
#273 = ORIENTED_EDGE('',*,*,#274,.T.);
#274 = EDGE_CURVE('',#267,#275,#277,.T.);
#275 = VERTEX_POINT('',#276);
#276 = CARTESIAN_POINT('',(-105.05,1.732050807569,-0.1));
#277 = LINE('',#278,#279);
#278 = CARTESIAN_POINT('',(-106.05,0.,-0.1));
#279 = VECTOR('',#280,1.);
#280 = DIRECTION('',(0.5,0.866025403784,0.));
#281 = ORIENTED_EDGE('',*,*,#282,.T.);
#282 = EDGE_CURVE('',#275,#241,#283,.T.);
#283 = LINE('',#284,#285);
#284 = CARTESIAN_POINT('',(-105.05,1.732050807569,-0.1));
#285 = VECTOR('',#286,1.);
#286 = DIRECTION('',(1.,0.,0.));
#287 = FACE_BOUND('',#288,.F.);
#288 = EDGE_LOOP('',(#289,#299,#307,#315,#323,#331));
#289 = ORIENTED_EDGE('',*,*,#290,.F.);
#290 = EDGE_CURVE('',#291,#293,#295,.T.);
#291 = VERTEX_POINT('',#292);
#292 = CARTESIAN_POINT('',(-35.25,-43.7,-0.1));
#293 = VERTEX_POINT('',#294);
#294 = CARTESIAN_POINT('',(-34.25,-45.43205080756,-0.1));
#295 = LINE('',#296,#297);
#296 = CARTESIAN_POINT('',(-35.25,-43.7,-0.1));
#297 = VECTOR('',#298,1.);
#298 = DIRECTION('',(0.5,-0.866025403784,0.));
#299 = ORIENTED_EDGE('',*,*,#300,.F.);
#300 = EDGE_CURVE('',#301,#291,#303,.T.);
#301 = VERTEX_POINT('',#302);
#302 = CARTESIAN_POINT('',(-34.25,-41.96794919243,-0.1));
#303 = LINE('',#304,#305);
#304 = CARTESIAN_POINT('',(-34.25,-41.96794919243,-0.1));
#305 = VECTOR('',#306,1.);
#306 = DIRECTION('',(-0.5,-0.866025403784,0.));
#307 = ORIENTED_EDGE('',*,*,#308,.F.);
#308 = EDGE_CURVE('',#309,#301,#311,.T.);
#309 = VERTEX_POINT('',#310);
#310 = CARTESIAN_POINT('',(-32.25,-41.96794919243,-0.1));
#311 = LINE('',#312,#313);
#312 = CARTESIAN_POINT('',(-32.25,-41.96794919243,-0.1));
#313 = VECTOR('',#314,1.);
#314 = DIRECTION('',(-1.,0.,0.));
#315 = ORIENTED_EDGE('',*,*,#316,.F.);
#316 = EDGE_CURVE('',#317,#309,#319,.T.);
#317 = VERTEX_POINT('',#318);
#318 = CARTESIAN_POINT('',(-31.25,-43.7,-0.1));
#319 = LINE('',#320,#321);
#320 = CARTESIAN_POINT('',(-31.25,-43.7,-0.1));
#321 = VECTOR('',#322,1.);
#322 = DIRECTION('',(-0.5,0.866025403784,-0.));
#323 = ORIENTED_EDGE('',*,*,#324,.F.);
#324 = EDGE_CURVE('',#325,#317,#327,.T.);
#325 = VERTEX_POINT('',#326);
#326 = CARTESIAN_POINT('',(-32.25,-45.43205080756,-0.1));
#327 = LINE('',#328,#329);
#328 = CARTESIAN_POINT('',(-32.25,-45.43205080756,-0.1));
#329 = VECTOR('',#330,1.);
#330 = DIRECTION('',(0.5,0.866025403784,0.));
#331 = ORIENTED_EDGE('',*,*,#332,.F.);
#332 = EDGE_CURVE('',#293,#325,#333,.T.);
#333 = LINE('',#334,#335);
#334 = CARTESIAN_POINT('',(-34.25,-45.43205080756,-0.1));
#335 = VECTOR('',#336,1.);
#336 = DIRECTION('',(1.,0.,0.));
#337 = FACE_BOUND('',#338,.F.);
#338 = EDGE_LOOP('',(#339,#349,#357,#365,#373,#381));
#339 = ORIENTED_EDGE('',*,*,#340,.F.);
#340 = EDGE_CURVE('',#341,#343,#345,.T.);
#341 = VERTEX_POINT('',#342);
#342 = CARTESIAN_POINT('',(-164.75,43.7,-0.1));
#343 = VERTEX_POINT('',#344);
#344 = CARTESIAN_POINT('',(-165.75,45.432050807569,-0.1));
#345 = LINE('',#346,#347);
#346 = CARTESIAN_POINT('',(-164.75,43.7,-0.1));
#347 = VECTOR('',#348,1.);
#348 = DIRECTION('',(-0.5,0.866025403784,-0.));
#349 = ORIENTED_EDGE('',*,*,#350,.F.);
#350 = EDGE_CURVE('',#351,#341,#353,.T.);
#351 = VERTEX_POINT('',#352);
#352 = CARTESIAN_POINT('',(-165.75,41.967949192431,-0.1));
#353 = LINE('',#354,#355);
#354 = CARTESIAN_POINT('',(-165.75,41.967949192431,-0.1));
#355 = VECTOR('',#356,1.);
#356 = DIRECTION('',(0.5,0.866025403784,0.));
#357 = ORIENTED_EDGE('',*,*,#358,.F.);
#358 = EDGE_CURVE('',#359,#351,#361,.T.);
#359 = VERTEX_POINT('',#360);
#360 = CARTESIAN_POINT('',(-167.75,41.967949192431,-0.1));
#361 = LINE('',#362,#363);
#362 = CARTESIAN_POINT('',(-167.75,41.967949192431,-0.1));
#363 = VECTOR('',#364,1.);
#364 = DIRECTION('',(1.,0.,0.));
#365 = ORIENTED_EDGE('',*,*,#366,.F.);
#366 = EDGE_CURVE('',#367,#359,#369,.T.);
#367 = VERTEX_POINT('',#368);
#368 = CARTESIAN_POINT('',(-168.75,43.7,-0.1));
#369 = LINE('',#370,#371);
#370 = CARTESIAN_POINT('',(-168.75,43.7,-0.1));
#371 = VECTOR('',#372,1.);
#372 = DIRECTION('',(0.5,-0.866025403784,0.));
#373 = ORIENTED_EDGE('',*,*,#374,.F.);
#374 = EDGE_CURVE('',#375,#367,#377,.T.);
#375 = VERTEX_POINT('',#376);
#376 = CARTESIAN_POINT('',(-167.75,45.432050807569,-0.1));
#377 = LINE('',#378,#379);
#378 = CARTESIAN_POINT('',(-167.75,45.432050807569,-0.1));
#379 = VECTOR('',#380,1.);
#380 = DIRECTION('',(-0.5,-0.866025403784,0.));
#381 = ORIENTED_EDGE('',*,*,#382,.F.);
#382 = EDGE_CURVE('',#343,#375,#383,.T.);
#383 = LINE('',#384,#385);
#384 = CARTESIAN_POINT('',(-165.75,45.432050807569,-0.1));
#385 = VECTOR('',#386,1.);
#386 = DIRECTION('',(-1.,0.,0.));
#387 = FACE_BOUND('',#388,.F.);
#388 = EDGE_LOOP('',(#389,#399,#407,#415,#423,#431));
#389 = ORIENTED_EDGE('',*,*,#390,.T.);
#390 = EDGE_CURVE('',#391,#393,#395,.T.);
#391 = VERTEX_POINT('',#392);
#392 = CARTESIAN_POINT('',(-34.25,41.967949192431,-0.1));
#393 = VERTEX_POINT('',#394);
#394 = CARTESIAN_POINT('',(-35.25,43.7,-0.1));
#395 = LINE('',#396,#397);
#396 = CARTESIAN_POINT('',(-34.25,41.967949192431,-0.1));
#397 = VECTOR('',#398,1.);
#398 = DIRECTION('',(-0.5,0.866025403784,-0.));
#399 = ORIENTED_EDGE('',*,*,#400,.T.);
#400 = EDGE_CURVE('',#393,#401,#403,.T.);
#401 = VERTEX_POINT('',#402);
#402 = CARTESIAN_POINT('',(-34.25,45.432050807569,-0.1));
#403 = LINE('',#404,#405);
#404 = CARTESIAN_POINT('',(-35.25,43.7,-0.1));
#405 = VECTOR('',#406,1.);
#406 = DIRECTION('',(0.5,0.866025403784,0.));
#407 = ORIENTED_EDGE('',*,*,#408,.T.);
#408 = EDGE_CURVE('',#401,#409,#411,.T.);
#409 = VERTEX_POINT('',#410);
#410 = CARTESIAN_POINT('',(-32.25,45.432050807569,-0.1));
#411 = LINE('',#412,#413);
#412 = CARTESIAN_POINT('',(-34.25,45.432050807569,-0.1));
#413 = VECTOR('',#414,1.);
#414 = DIRECTION('',(1.,0.,0.));
#415 = ORIENTED_EDGE('',*,*,#416,.T.);
#416 = EDGE_CURVE('',#409,#417,#419,.T.);
#417 = VERTEX_POINT('',#418);
#418 = CARTESIAN_POINT('',(-31.25,43.7,-0.1));
#419 = LINE('',#420,#421);
#420 = CARTESIAN_POINT('',(-32.25,45.432050807569,-0.1));
#421 = VECTOR('',#422,1.);
#422 = DIRECTION('',(0.5,-0.866025403784,0.));
#423 = ORIENTED_EDGE('',*,*,#424,.T.);
#424 = EDGE_CURVE('',#417,#425,#427,.T.);
#425 = VERTEX_POINT('',#426);
#426 = CARTESIAN_POINT('',(-32.25,41.967949192431,-0.1));
#427 = LINE('',#428,#429);
#428 = CARTESIAN_POINT('',(-31.25,43.7,-0.1));
#429 = VECTOR('',#430,1.);
#430 = DIRECTION('',(-0.5,-0.866025403784,0.));
#431 = ORIENTED_EDGE('',*,*,#432,.T.);
#432 = EDGE_CURVE('',#425,#391,#433,.T.);
#433 = LINE('',#434,#435);
#434 = CARTESIAN_POINT('',(-32.25,41.967949192431,-0.1));
#435 = VECTOR('',#436,1.);
#436 = DIRECTION('',(-1.,0.,0.));
#437 = PLANE('',#438);
#438 = AXIS2_PLACEMENT_3D('',#439,#440,#441);
#439 = CARTESIAN_POINT('',(-100.,-42.5,-0.1));
#440 = DIRECTION('',(0.,0.,1.));
#441 = DIRECTION('',(1.,0.,0.));
#442 = ADVANCED_FACE('',(#443),#462,.T.);
#443 = FACE_BOUND('',#444,.T.);
#444 = EDGE_LOOP('',(#445,#446,#454,#461));
#445 = ORIENTED_EDGE('',*,*,#147,.T.);
#446 = ORIENTED_EDGE('',*,*,#447,.T.);
#447 = EDGE_CURVE('',#148,#448,#450,.T.);
#448 = VERTEX_POINT('',#449);
#449 = CARTESIAN_POINT('',(-170.,45.15,10.5));
#450 = LINE('',#451,#452);
#451 = CARTESIAN_POINT('',(-170.,45.15,-0.1));
#452 = VECTOR('',#453,1.);
#453 = DIRECTION('',(0.,0.,1.));
#454 = ORIENTED_EDGE('',*,*,#455,.F.);
#455 = EDGE_CURVE('',#108,#448,#456,.T.);
#456 = CIRCLE('',#457,1.8);
#457 = AXIS2_PLACEMENT_3D('',#458,#459,#460);
#458 = CARTESIAN_POINT('',(-168.2,45.15,10.5));
#459 = DIRECTION('',(-0.,0.,1.));
#460 = DIRECTION('',(0.,-1.,0.));
#461 = ORIENTED_EDGE('',*,*,#115,.F.);
#462 = CYLINDRICAL_SURFACE('',#463,1.8);
#463 = AXIS2_PLACEMENT_3D('',#464,#465,#466);
#464 = CARTESIAN_POINT('',(-168.2,45.15,-0.1));
#465 = DIRECTION('',(0.,0.,1.));
#466 = DIRECTION('',(0.,1.,0.));
#467 = ADVANCED_FACE('',(#468,#542,#553,#564),#575,.T.);
#468 = FACE_BOUND('',#469,.T.);
#469 = EDGE_LOOP('',(#470,#471,#479,#487,#495,#503,#511,#519,#527,#535,
    #541));
#470 = ORIENTED_EDGE('',*,*,#455,.T.);
#471 = ORIENTED_EDGE('',*,*,#472,.T.);
#472 = EDGE_CURVE('',#448,#473,#475,.T.);
#473 = VERTEX_POINT('',#474);
#474 = CARTESIAN_POINT('',(-170.,-46.95,10.5));
#475 = LINE('',#476,#477);
#476 = CARTESIAN_POINT('',(-170.,46.95,10.5));
#477 = VECTOR('',#478,1.);
#478 = DIRECTION('',(0.,-1.,0.));
#479 = ORIENTED_EDGE('',*,*,#480,.T.);
#480 = EDGE_CURVE('',#473,#481,#483,.T.);
#481 = VERTEX_POINT('',#482);
#482 = CARTESIAN_POINT('',(-30.,-46.95,10.5));
#483 = LINE('',#484,#485);
#484 = CARTESIAN_POINT('',(-170.,-46.95,10.5));
#485 = VECTOR('',#486,1.);
#486 = DIRECTION('',(1.,0.,0.));
#487 = ORIENTED_EDGE('',*,*,#488,.T.);
#488 = EDGE_CURVE('',#481,#489,#491,.T.);
#489 = VERTEX_POINT('',#490);
#490 = CARTESIAN_POINT('',(-30.,-36.59957624075,10.5));
#491 = LINE('',#492,#493);
#492 = CARTESIAN_POINT('',(-30.,-46.95,10.5));
#493 = VECTOR('',#494,1.);
#494 = DIRECTION('',(0.,1.,0.));
#495 = ORIENTED_EDGE('',*,*,#496,.F.);
#496 = EDGE_CURVE('',#497,#489,#499,.T.);
#497 = VERTEX_POINT('',#498);
#498 = CARTESIAN_POINT('',(-35.4,-36.59957624075,10.5));
#499 = LINE('',#500,#501);
#500 = CARTESIAN_POINT('',(-30.,-36.59957624075,10.5));
#501 = VECTOR('',#502,1.);
#502 = DIRECTION('',(1.,0.,0.));
#503 = ORIENTED_EDGE('',*,*,#504,.T.);
#504 = EDGE_CURVE('',#497,#505,#507,.T.);
#505 = VERTEX_POINT('',#506);
#506 = CARTESIAN_POINT('',(-35.4,-41.55,10.5));
#507 = LINE('',#508,#509);
#508 = CARTESIAN_POINT('',(-35.4,-20.775,10.5));
#509 = VECTOR('',#510,1.);
#510 = DIRECTION('',(0.,-1.,0.));
#511 = ORIENTED_EDGE('',*,*,#512,.T.);
#512 = EDGE_CURVE('',#505,#513,#515,.T.);
#513 = VERTEX_POINT('',#514);
#514 = CARTESIAN_POINT('',(-164.6,-41.55,10.5));
#515 = LINE('',#516,#517);
#516 = CARTESIAN_POINT('',(-132.3,-41.55,10.5));
#517 = VECTOR('',#518,1.);
#518 = DIRECTION('',(-1.,0.,0.));
#519 = ORIENTED_EDGE('',*,*,#520,.T.);
#520 = EDGE_CURVE('',#513,#521,#523,.T.);
#521 = VERTEX_POINT('',#522);
#522 = CARTESIAN_POINT('',(-164.6,41.55,10.5));
#523 = LINE('',#524,#525);
#524 = CARTESIAN_POINT('',(-164.6,20.775,10.5));
#525 = VECTOR('',#526,1.);
#526 = DIRECTION('',(0.,1.,0.));
#527 = ORIENTED_EDGE('',*,*,#528,.T.);
#528 = EDGE_CURVE('',#521,#529,#531,.T.);
#529 = VERTEX_POINT('',#530);
#530 = CARTESIAN_POINT('',(-59.49799919935,41.55,10.5));
#531 = LINE('',#532,#533);
#532 = CARTESIAN_POINT('',(-67.7,41.55,10.5));
#533 = VECTOR('',#534,1.);
#534 = DIRECTION('',(1.,0.,0.));
#535 = ORIENTED_EDGE('',*,*,#536,.T.);
#536 = EDGE_CURVE('',#529,#99,#537,.T.);
#537 = LINE('',#538,#539);
#538 = CARTESIAN_POINT('',(-59.49799919935,46.95,10.5));
#539 = VECTOR('',#540,1.);
#540 = DIRECTION('',(0.,1.,-2.2E-16));
#541 = ORIENTED_EDGE('',*,*,#107,.T.);
#542 = FACE_BOUND('',#543,.T.);
#543 = EDGE_LOOP('',(#544));
#544 = ORIENTED_EDGE('',*,*,#545,.F.);
#545 = EDGE_CURVE('',#546,#546,#548,.T.);
#546 = VERTEX_POINT('',#547);
#547 = CARTESIAN_POINT('',(-165.7,-43.7,10.5));
#548 = CIRCLE('',#549,1.05);
#549 = AXIS2_PLACEMENT_3D('',#550,#551,#552);
#550 = CARTESIAN_POINT('',(-166.75,-43.7,10.5));
#551 = DIRECTION('',(0.,0.,1.));
#552 = DIRECTION('',(1.,0.,0.));
#553 = FACE_BOUND('',#554,.T.);
#554 = EDGE_LOOP('',(#555));
#555 = ORIENTED_EDGE('',*,*,#556,.F.);
#556 = EDGE_CURVE('',#557,#557,#559,.T.);
#557 = VERTEX_POINT('',#558);
#558 = CARTESIAN_POINT('',(-32.2,-43.7,10.5));
#559 = CIRCLE('',#560,1.05);
#560 = AXIS2_PLACEMENT_3D('',#561,#562,#563);
#561 = CARTESIAN_POINT('',(-33.25,-43.7,10.5));
#562 = DIRECTION('',(0.,0.,1.));
#563 = DIRECTION('',(1.,0.,0.));
#564 = FACE_BOUND('',#565,.T.);
#565 = EDGE_LOOP('',(#566));
#566 = ORIENTED_EDGE('',*,*,#567,.F.);
#567 = EDGE_CURVE('',#568,#568,#570,.T.);
#568 = VERTEX_POINT('',#569);
#569 = CARTESIAN_POINT('',(-165.7,43.7,10.5));
#570 = CIRCLE('',#571,1.05);
#571 = AXIS2_PLACEMENT_3D('',#572,#573,#574);
#572 = CARTESIAN_POINT('',(-166.75,43.7,10.5));
#573 = DIRECTION('',(0.,0.,1.));
#574 = DIRECTION('',(1.,0.,0.));
#575 = PLANE('',#576);
#576 = AXIS2_PLACEMENT_3D('',#577,#578,#579);
#577 = CARTESIAN_POINT('',(-100.,0.,10.5));
#578 = DIRECTION('',(0.,0.,1.));
#579 = DIRECTION('',(1.,0.,0.));
#580 = ADVANCED_FACE('',(#581),#600,.F.);
#581 = FACE_BOUND('',#582,.F.);
#582 = EDGE_LOOP('',(#583,#584,#592,#599));
#583 = ORIENTED_EDGE('',*,*,#98,.F.);
#584 = ORIENTED_EDGE('',*,*,#585,.T.);
#585 = EDGE_CURVE('',#91,#586,#588,.T.);
#586 = VERTEX_POINT('',#587);
#587 = CARTESIAN_POINT('',(-59.5,41.55,10.4));
#588 = LINE('',#589,#590);
#589 = CARTESIAN_POINT('',(-59.5,46.95,10.4));
#590 = VECTOR('',#591,1.);
#591 = DIRECTION('',(0.,-1.,2.2E-16));
#592 = ORIENTED_EDGE('',*,*,#593,.T.);
#593 = EDGE_CURVE('',#586,#529,#594,.T.);
#594 = CIRCLE('',#595,2.5);
#595 = AXIS2_PLACEMENT_3D('',#596,#597,#598);
#596 = CARTESIAN_POINT('',(-57.,41.55,10.4));
#597 = DIRECTION('',(0.,1.,-2.2E-16));
#598 = DIRECTION('',(-1.,0.,0.));
#599 = ORIENTED_EDGE('',*,*,#536,.T.);
#600 = CYLINDRICAL_SURFACE('',#601,2.5);
#601 = AXIS2_PLACEMENT_3D('',#602,#603,#604);
#602 = CARTESIAN_POINT('',(-57.,46.95,10.4));
#603 = DIRECTION('',(0.,1.,-2.2E-16));
#604 = DIRECTION('',(-1.,0.,0.));
#605 = ADVANCED_FACE('',(#606),#624,.F.);
#606 = FACE_BOUND('',#607,.F.);
#607 = EDGE_LOOP('',(#608,#609,#617,#623));
#608 = ORIENTED_EDGE('',*,*,#90,.F.);
#609 = ORIENTED_EDGE('',*,*,#610,.T.);
#610 = EDGE_CURVE('',#82,#611,#613,.T.);
#611 = VERTEX_POINT('',#612);
#612 = CARTESIAN_POINT('',(-59.5,41.55,7.4));
#613 = LINE('',#614,#615);
#614 = CARTESIAN_POINT('',(-59.5,46.95,7.4));
#615 = VECTOR('',#616,1.);
#616 = DIRECTION('',(0.,-1.,2.2E-16));
#617 = ORIENTED_EDGE('',*,*,#618,.T.);
#618 = EDGE_CURVE('',#611,#586,#619,.T.);
#619 = LINE('',#620,#621);
#620 = CARTESIAN_POINT('',(-59.5,41.55,10.45));
#621 = VECTOR('',#622,1.);
#622 = DIRECTION('',(0.,0.,1.));
#623 = ORIENTED_EDGE('',*,*,#585,.F.);
#624 = PLANE('',#625);
#625 = AXIS2_PLACEMENT_3D('',#626,#627,#628);
#626 = CARTESIAN_POINT('',(-59.5,46.95,7.4));
#627 = DIRECTION('',(-1.,0.,0.));
#628 = DIRECTION('',(0.,2.2E-16,1.));
#629 = ADVANCED_FACE('',(#630),#649,.F.);
#630 = FACE_BOUND('',#631,.F.);
#631 = EDGE_LOOP('',(#632,#633,#641,#648));
#632 = ORIENTED_EDGE('',*,*,#81,.F.);
#633 = ORIENTED_EDGE('',*,*,#634,.T.);
#634 = EDGE_CURVE('',#74,#635,#637,.T.);
#635 = VERTEX_POINT('',#636);
#636 = CARTESIAN_POINT('',(-57.,41.55,4.9));
#637 = LINE('',#638,#639);
#638 = CARTESIAN_POINT('',(-57.,46.95,4.9));
#639 = VECTOR('',#640,1.);
#640 = DIRECTION('',(0.,-1.,2.2E-16));
#641 = ORIENTED_EDGE('',*,*,#642,.T.);
#642 = EDGE_CURVE('',#635,#611,#643,.T.);
#643 = CIRCLE('',#644,2.5);
#644 = AXIS2_PLACEMENT_3D('',#645,#646,#647);
#645 = CARTESIAN_POINT('',(-57.,41.55,7.4));
#646 = DIRECTION('',(0.,1.,-2.2E-16));
#647 = DIRECTION('',(-1.,0.,0.));
#648 = ORIENTED_EDGE('',*,*,#610,.F.);
#649 = CYLINDRICAL_SURFACE('',#650,2.5);
#650 = AXIS2_PLACEMENT_3D('',#651,#652,#653);
#651 = CARTESIAN_POINT('',(-57.,46.95,7.4));
#652 = DIRECTION('',(0.,1.,-2.2E-16));
#653 = DIRECTION('',(-1.,0.,0.));
#654 = ADVANCED_FACE('',(#655),#673,.F.);
#655 = FACE_BOUND('',#656,.F.);
#656 = EDGE_LOOP('',(#657,#658,#666,#672));
#657 = ORIENTED_EDGE('',*,*,#73,.F.);
#658 = ORIENTED_EDGE('',*,*,#659,.T.);
#659 = EDGE_CURVE('',#65,#660,#662,.T.);
#660 = VERTEX_POINT('',#661);
#661 = CARTESIAN_POINT('',(-48.,41.55,4.9));
#662 = LINE('',#663,#664);
#663 = CARTESIAN_POINT('',(-48.,46.95,4.9));
#664 = VECTOR('',#665,1.);
#665 = DIRECTION('',(0.,-1.,2.2E-16));
#666 = ORIENTED_EDGE('',*,*,#667,.T.);
#667 = EDGE_CURVE('',#660,#635,#668,.T.);
#668 = LINE('',#669,#670);
#669 = CARTESIAN_POINT('',(-41.7,41.55,4.9));
#670 = VECTOR('',#671,1.);
#671 = DIRECTION('',(-1.,0.,0.));
#672 = ORIENTED_EDGE('',*,*,#634,.F.);
#673 = PLANE('',#674);
#674 = AXIS2_PLACEMENT_3D('',#675,#676,#677);
#675 = CARTESIAN_POINT('',(-48.,46.95,4.9));
#676 = DIRECTION('',(-0.,-2.2E-16,-1.));
#677 = DIRECTION('',(-1.,0.,0.));
#678 = ADVANCED_FACE('',(#679),#698,.F.);
#679 = FACE_BOUND('',#680,.F.);
#680 = EDGE_LOOP('',(#681,#682,#690,#697));
#681 = ORIENTED_EDGE('',*,*,#64,.F.);
#682 = ORIENTED_EDGE('',*,*,#683,.T.);
#683 = EDGE_CURVE('',#57,#684,#686,.T.);
#684 = VERTEX_POINT('',#685);
#685 = CARTESIAN_POINT('',(-45.5,41.55,7.4));
#686 = LINE('',#687,#688);
#687 = CARTESIAN_POINT('',(-45.5,46.95,7.4));
#688 = VECTOR('',#689,1.);
#689 = DIRECTION('',(0.,-1.,2.2E-16));
#690 = ORIENTED_EDGE('',*,*,#691,.T.);
#691 = EDGE_CURVE('',#684,#660,#692,.T.);
#692 = CIRCLE('',#693,2.5);
#693 = AXIS2_PLACEMENT_3D('',#694,#695,#696);
#694 = CARTESIAN_POINT('',(-48.,41.55,7.4));
#695 = DIRECTION('',(0.,1.,-2.2E-16));
#696 = DIRECTION('',(-1.,0.,0.));
#697 = ORIENTED_EDGE('',*,*,#659,.F.);
#698 = CYLINDRICAL_SURFACE('',#699,2.5);
#699 = AXIS2_PLACEMENT_3D('',#700,#701,#702);
#700 = CARTESIAN_POINT('',(-48.,46.95,7.4));
#701 = DIRECTION('',(0.,1.,-2.2E-16));
#702 = DIRECTION('',(-1.,0.,0.));
#703 = ADVANCED_FACE('',(#704),#722,.F.);
#704 = FACE_BOUND('',#705,.F.);
#705 = EDGE_LOOP('',(#706,#707,#715,#721));
#706 = ORIENTED_EDGE('',*,*,#56,.F.);
#707 = ORIENTED_EDGE('',*,*,#708,.T.);
#708 = EDGE_CURVE('',#48,#709,#711,.T.);
#709 = VERTEX_POINT('',#710);
#710 = CARTESIAN_POINT('',(-45.5,41.55,10.4));
#711 = LINE('',#712,#713);
#712 = CARTESIAN_POINT('',(-45.5,46.95,10.4));
#713 = VECTOR('',#714,1.);
#714 = DIRECTION('',(0.,-1.,2.2E-16));
#715 = ORIENTED_EDGE('',*,*,#716,.T.);
#716 = EDGE_CURVE('',#709,#684,#717,.T.);
#717 = LINE('',#718,#719);
#718 = CARTESIAN_POINT('',(-45.5,41.55,11.95));
#719 = VECTOR('',#720,1.);
#720 = DIRECTION('',(0.,0.,-1.));
#721 = ORIENTED_EDGE('',*,*,#683,.F.);
#722 = PLANE('',#723);
#723 = AXIS2_PLACEMENT_3D('',#724,#725,#726);
#724 = CARTESIAN_POINT('',(-45.5,46.95,10.4));
#725 = DIRECTION('',(1.,0.,0.));
#726 = DIRECTION('',(0.,-2.2E-16,-1.));
#727 = ADVANCED_FACE('',(#728),#747,.F.);
#728 = FACE_BOUND('',#729,.F.);
#729 = EDGE_LOOP('',(#730,#731,#739,#746));
#730 = ORIENTED_EDGE('',*,*,#47,.F.);
#731 = ORIENTED_EDGE('',*,*,#732,.F.);
#732 = EDGE_CURVE('',#733,#40,#735,.T.);
#733 = VERTEX_POINT('',#734);
#734 = CARTESIAN_POINT('',(-45.50200080064,41.55,10.5));
#735 = LINE('',#736,#737);
#736 = CARTESIAN_POINT('',(-45.50200080064,46.95,10.5));
#737 = VECTOR('',#738,1.);
#738 = DIRECTION('',(0.,1.,-2.2E-16));
#739 = ORIENTED_EDGE('',*,*,#740,.T.);
#740 = EDGE_CURVE('',#733,#709,#741,.T.);
#741 = CIRCLE('',#742,2.5);
#742 = AXIS2_PLACEMENT_3D('',#743,#744,#745);
#743 = CARTESIAN_POINT('',(-48.,41.55,10.4));
#744 = DIRECTION('',(0.,1.,-2.2E-16));
#745 = DIRECTION('',(-1.,0.,0.));
#746 = ORIENTED_EDGE('',*,*,#708,.F.);
#747 = CYLINDRICAL_SURFACE('',#748,2.5);
#748 = AXIS2_PLACEMENT_3D('',#749,#750,#751);
#749 = CARTESIAN_POINT('',(-48.,46.95,10.4));
#750 = DIRECTION('',(0.,1.,-2.2E-16));
#751 = DIRECTION('',(-1.,0.,0.));
#752 = ADVANCED_FACE('',(#753,#796),#807,.T.);
#753 = FACE_BOUND('',#754,.T.);
#754 = EDGE_LOOP('',(#755,#756,#757,#765,#773,#781,#789));
#755 = ORIENTED_EDGE('',*,*,#39,.T.);
#756 = ORIENTED_EDGE('',*,*,#732,.F.);
#757 = ORIENTED_EDGE('',*,*,#758,.T.);
#758 = EDGE_CURVE('',#733,#759,#761,.T.);
#759 = VERTEX_POINT('',#760);
#760 = CARTESIAN_POINT('',(-35.4,41.55,10.5));
#761 = LINE('',#762,#763);
#762 = CARTESIAN_POINT('',(-67.7,41.55,10.5));
#763 = VECTOR('',#764,1.);
#764 = DIRECTION('',(1.,0.,0.));
#765 = ORIENTED_EDGE('',*,*,#766,.T.);
#766 = EDGE_CURVE('',#759,#767,#769,.T.);
#767 = VERTEX_POINT('',#768);
#768 = CARTESIAN_POINT('',(-35.4,-30.70042375925,10.5));
#769 = LINE('',#770,#771);
#770 = CARTESIAN_POINT('',(-35.4,-20.775,10.5));
#771 = VECTOR('',#772,1.);
#772 = DIRECTION('',(0.,-1.,0.));
#773 = ORIENTED_EDGE('',*,*,#774,.T.);
#774 = EDGE_CURVE('',#767,#775,#777,.T.);
#775 = VERTEX_POINT('',#776);
#776 = CARTESIAN_POINT('',(-30.,-30.70042375925,10.5));
#777 = LINE('',#778,#779);
#778 = CARTESIAN_POINT('',(-30.,-30.70042375924,10.5));
#779 = VECTOR('',#780,1.);
#780 = DIRECTION('',(1.,0.,0.));
#781 = ORIENTED_EDGE('',*,*,#782,.T.);
#782 = EDGE_CURVE('',#775,#783,#785,.T.);
#783 = VERTEX_POINT('',#784);
#784 = CARTESIAN_POINT('',(-30.,45.15,10.5));
#785 = LINE('',#786,#787);
#786 = CARTESIAN_POINT('',(-30.,-46.95,10.5));
#787 = VECTOR('',#788,1.);
#788 = DIRECTION('',(0.,1.,0.));
#789 = ORIENTED_EDGE('',*,*,#790,.F.);
#790 = EDGE_CURVE('',#32,#783,#791,.T.);
#791 = CIRCLE('',#792,1.8);
#792 = AXIS2_PLACEMENT_3D('',#793,#794,#795);
#793 = CARTESIAN_POINT('',(-31.8,45.15,10.5));
#794 = DIRECTION('',(-0.,-0.,-1.));
#795 = DIRECTION('',(0.,-1.,0.));
#796 = FACE_BOUND('',#797,.T.);
#797 = EDGE_LOOP('',(#798));
#798 = ORIENTED_EDGE('',*,*,#799,.F.);
#799 = EDGE_CURVE('',#800,#800,#802,.T.);
#800 = VERTEX_POINT('',#801);
#801 = CARTESIAN_POINT('',(-32.2,43.7,10.5));
#802 = CIRCLE('',#803,1.05);
#803 = AXIS2_PLACEMENT_3D('',#804,#805,#806);
#804 = CARTESIAN_POINT('',(-33.25,43.7,10.5));
#805 = DIRECTION('',(0.,0.,1.));
#806 = DIRECTION('',(1.,0.,0.));
#807 = PLANE('',#808);
#808 = AXIS2_PLACEMENT_3D('',#809,#810,#811);
#809 = CARTESIAN_POINT('',(-100.,0.,10.5));
#810 = DIRECTION('',(0.,0.,1.));
#811 = DIRECTION('',(1.,0.,0.));
#812 = ADVANCED_FACE('',(#813),#824,.T.);
#813 = FACE_BOUND('',#814,.F.);
#814 = EDGE_LOOP('',(#815,#816,#822,#823));
#815 = ORIENTED_EDGE('',*,*,#139,.T.);
#816 = ORIENTED_EDGE('',*,*,#817,.T.);
#817 = EDGE_CURVE('',#132,#783,#818,.T.);
#818 = LINE('',#819,#820);
#819 = CARTESIAN_POINT('',(-30.,45.15,-0.1));
#820 = VECTOR('',#821,1.);
#821 = DIRECTION('',(0.,0.,1.));
#822 = ORIENTED_EDGE('',*,*,#790,.F.);
#823 = ORIENTED_EDGE('',*,*,#31,.F.);
#824 = CYLINDRICAL_SURFACE('',#825,1.8);
#825 = AXIS2_PLACEMENT_3D('',#826,#827,#828);
#826 = CARTESIAN_POINT('',(-31.8,45.15,-0.1));
#827 = DIRECTION('',(0.,0.,1.));
#828 = DIRECTION('',(0.,1.,0.));
#829 = ADVANCED_FACE('',(#830),#874,.T.);
#830 = FACE_BOUND('',#831,.T.);
#831 = EDGE_LOOP('',(#832,#840,#848,#854,#855,#856,#857,#866,#873));
#832 = ORIENTED_EDGE('',*,*,#833,.F.);
#833 = EDGE_CURVE('',#834,#481,#836,.T.);
#834 = VERTEX_POINT('',#835);
#835 = CARTESIAN_POINT('',(-30.,-46.95,11.7));
#836 = LINE('',#837,#838);
#837 = CARTESIAN_POINT('',(-30.,-46.95,13.5));
#838 = VECTOR('',#839,1.);
#839 = DIRECTION('',(-0.,-0.,-1.));
#840 = ORIENTED_EDGE('',*,*,#841,.T.);
#841 = EDGE_CURVE('',#834,#842,#844,.T.);
#842 = VERTEX_POINT('',#843);
#843 = CARTESIAN_POINT('',(-30.,-130.15,11.7));
#844 = LINE('',#845,#846);
#845 = CARTESIAN_POINT('',(-30.,-46.95,11.7));
#846 = VECTOR('',#847,1.);
#847 = DIRECTION('',(0.,-1.,0.));
#848 = ORIENTED_EDGE('',*,*,#849,.F.);
#849 = EDGE_CURVE('',#130,#842,#850,.T.);
#850 = LINE('',#851,#852);
#851 = CARTESIAN_POINT('',(-30.,-130.15,-0.1));
#852 = VECTOR('',#853,1.);
#853 = DIRECTION('',(0.,0.,1.));
#854 = ORIENTED_EDGE('',*,*,#129,.T.);
#855 = ORIENTED_EDGE('',*,*,#817,.T.);
#856 = ORIENTED_EDGE('',*,*,#782,.F.);
#857 = ORIENTED_EDGE('',*,*,#858,.F.);
#858 = EDGE_CURVE('',#859,#775,#861,.T.);
#859 = VERTEX_POINT('',#860);
#860 = CARTESIAN_POINT('',(-30.,-28.8,6.65));
#861 = CIRCLE('',#862,4.85);
#862 = AXIS2_PLACEMENT_3D('',#863,#864,#865);
#863 = CARTESIAN_POINT('',(-30.,-33.65,6.65));
#864 = DIRECTION('',(1.,0.,0.));
#865 = DIRECTION('',(0.,1.,0.));
#866 = ORIENTED_EDGE('',*,*,#867,.F.);
#867 = EDGE_CURVE('',#489,#859,#868,.T.);
#868 = CIRCLE('',#869,4.85);
#869 = AXIS2_PLACEMENT_3D('',#870,#871,#872);
#870 = CARTESIAN_POINT('',(-30.,-33.65,6.65));
#871 = DIRECTION('',(1.,0.,0.));
#872 = DIRECTION('',(0.,1.,0.));
#873 = ORIENTED_EDGE('',*,*,#488,.F.);
#874 = PLANE('',#875);
#875 = AXIS2_PLACEMENT_3D('',#876,#877,#878);
#876 = CARTESIAN_POINT('',(-30.,-42.5,6.7));
#877 = DIRECTION('',(1.,0.,0.));
#878 = DIRECTION('',(0.,0.,1.));
#879 = ADVANCED_FACE('',(#880),#899,.T.);
#880 = FACE_BOUND('',#881,.F.);
#881 = EDGE_LOOP('',(#882,#883,#891,#898));
#882 = ORIENTED_EDGE('',*,*,#181,.T.);
#883 = ORIENTED_EDGE('',*,*,#884,.T.);
#884 = EDGE_CURVE('',#174,#885,#887,.T.);
#885 = VERTEX_POINT('',#886);
#886 = CARTESIAN_POINT('',(-31.8,-131.95,11.7));
#887 = LINE('',#888,#889);
#888 = CARTESIAN_POINT('',(-31.8,-131.95,-0.1));
#889 = VECTOR('',#890,1.);
#890 = DIRECTION('',(0.,0.,1.));
#891 = ORIENTED_EDGE('',*,*,#892,.F.);
#892 = EDGE_CURVE('',#842,#885,#893,.T.);
#893 = CIRCLE('',#894,1.8);
#894 = AXIS2_PLACEMENT_3D('',#895,#896,#897);
#895 = CARTESIAN_POINT('',(-31.8,-130.15,11.7));
#896 = DIRECTION('',(-0.,-6.E-17,-1.));
#897 = DIRECTION('',(0.,-1.,6.E-17));
#898 = ORIENTED_EDGE('',*,*,#849,.F.);
#899 = CYLINDRICAL_SURFACE('',#900,1.8);
#900 = AXIS2_PLACEMENT_3D('',#901,#902,#903);
#901 = CARTESIAN_POINT('',(-31.8,-130.15,-0.1));
#902 = DIRECTION('',(0.,0.,1.));
#903 = DIRECTION('',(1.,0.,0.));
#904 = ADVANCED_FACE('',(#905),#923,.F.);
#905 = FACE_BOUND('',#906,.F.);
#906 = EDGE_LOOP('',(#907,#908,#916,#922));
#907 = ORIENTED_EDGE('',*,*,#173,.F.);
#908 = ORIENTED_EDGE('',*,*,#909,.T.);
#909 = EDGE_CURVE('',#165,#910,#912,.T.);
#910 = VERTEX_POINT('',#911);
#911 = CARTESIAN_POINT('',(-168.2,-131.95,11.7));
#912 = LINE('',#913,#914);
#913 = CARTESIAN_POINT('',(-168.2,-131.95,-0.1));
#914 = VECTOR('',#915,1.);
#915 = DIRECTION('',(0.,0.,1.));
#916 = ORIENTED_EDGE('',*,*,#917,.T.);
#917 = EDGE_CURVE('',#910,#885,#918,.T.);
#918 = LINE('',#919,#920);
#919 = CARTESIAN_POINT('',(-170.,-131.95,11.7));
#920 = VECTOR('',#921,1.);
#921 = DIRECTION('',(1.,0.,0.));
#922 = ORIENTED_EDGE('',*,*,#884,.F.);
#923 = PLANE('',#924);
#924 = AXIS2_PLACEMENT_3D('',#925,#926,#927);
#925 = CARTESIAN_POINT('',(-170.,-131.95,-0.1));
#926 = DIRECTION('',(0.,1.,0.));
#927 = DIRECTION('',(1.,0.,0.));
#928 = ADVANCED_FACE('',(#929),#948,.T.);
#929 = FACE_BOUND('',#930,.T.);
#930 = EDGE_LOOP('',(#931,#932,#933,#942));
#931 = ORIENTED_EDGE('',*,*,#164,.T.);
#932 = ORIENTED_EDGE('',*,*,#909,.T.);
#933 = ORIENTED_EDGE('',*,*,#934,.T.);
#934 = EDGE_CURVE('',#910,#935,#937,.T.);
#935 = VERTEX_POINT('',#936);
#936 = CARTESIAN_POINT('',(-170.,-130.15,11.7));
#937 = CIRCLE('',#938,1.8);
#938 = AXIS2_PLACEMENT_3D('',#939,#940,#941);
#939 = CARTESIAN_POINT('',(-168.2,-130.15,11.7));
#940 = DIRECTION('',(-6.E-17,0.,-1.));
#941 = DIRECTION('',(-1.,0.,6.E-17));
#942 = ORIENTED_EDGE('',*,*,#943,.F.);
#943 = EDGE_CURVE('',#157,#935,#944,.T.);
#944 = LINE('',#945,#946);
#945 = CARTESIAN_POINT('',(-170.,-130.15,-0.1));
#946 = VECTOR('',#947,1.);
#947 = DIRECTION('',(0.,0.,1.));
#948 = CYLINDRICAL_SURFACE('',#949,1.8);
#949 = AXIS2_PLACEMENT_3D('',#950,#951,#952);
#950 = CARTESIAN_POINT('',(-168.2,-130.15,-0.1));
#951 = DIRECTION('',(0.,0.,1.));
#952 = DIRECTION('',(-1.,0.,0.));
#953 = ADVANCED_FACE('',(#954),#974,.T.);
#954 = FACE_BOUND('',#955,.T.);
#955 = EDGE_LOOP('',(#956,#957,#958,#959,#960,#968));
#956 = ORIENTED_EDGE('',*,*,#472,.F.);
#957 = ORIENTED_EDGE('',*,*,#447,.F.);
#958 = ORIENTED_EDGE('',*,*,#156,.T.);
#959 = ORIENTED_EDGE('',*,*,#943,.T.);
#960 = ORIENTED_EDGE('',*,*,#961,.F.);
#961 = EDGE_CURVE('',#962,#935,#964,.T.);
#962 = VERTEX_POINT('',#963);
#963 = CARTESIAN_POINT('',(-170.,-46.95,11.7));
#964 = LINE('',#965,#966);
#965 = CARTESIAN_POINT('',(-170.,-46.95,11.7));
#966 = VECTOR('',#967,1.);
#967 = DIRECTION('',(0.,-1.,0.));
#968 = ORIENTED_EDGE('',*,*,#969,.T.);
#969 = EDGE_CURVE('',#962,#473,#970,.T.);
#970 = LINE('',#971,#972);
#971 = CARTESIAN_POINT('',(-170.,-46.95,13.5));
#972 = VECTOR('',#973,1.);
#973 = DIRECTION('',(-0.,-0.,-1.));
#974 = PLANE('',#975);
#975 = AXIS2_PLACEMENT_3D('',#976,#977,#978);
#976 = CARTESIAN_POINT('',(-170.,-42.5,6.7));
#977 = DIRECTION('',(-1.,-0.,-0.));
#978 = DIRECTION('',(0.,0.,-1.));
#979 = ADVANCED_FACE('',(#980),#1005,.F.);
#980 = FACE_BOUND('',#981,.F.);
#981 = EDGE_LOOP('',(#982,#990,#998,#1004));
#982 = ORIENTED_EDGE('',*,*,#983,.T.);
#983 = EDGE_CURVE('',#191,#984,#986,.T.);
#984 = VERTEX_POINT('',#985);
#985 = CARTESIAN_POINT('',(-165.75,-41.96794919243,1.5));
#986 = LINE('',#987,#988);
#987 = CARTESIAN_POINT('',(-165.75,-41.96794919243,-0.1));
#988 = VECTOR('',#989,1.);
#989 = DIRECTION('',(0.,0.,1.));
#990 = ORIENTED_EDGE('',*,*,#991,.T.);
#991 = EDGE_CURVE('',#984,#992,#994,.T.);
#992 = VERTEX_POINT('',#993);
#993 = CARTESIAN_POINT('',(-164.75,-43.7,1.5));
#994 = LINE('',#995,#996);
#995 = CARTESIAN_POINT('',(-165.75,-41.96794919243,1.5));
#996 = VECTOR('',#997,1.);
#997 = DIRECTION('',(0.5,-0.866025403784,0.));
#998 = ORIENTED_EDGE('',*,*,#999,.F.);
#999 = EDGE_CURVE('',#193,#992,#1000,.T.);
#1000 = LINE('',#1001,#1002);
#1001 = CARTESIAN_POINT('',(-164.75,-43.7,-0.1));
#1002 = VECTOR('',#1003,1.);
#1003 = DIRECTION('',(0.,0.,1.));
#1004 = ORIENTED_EDGE('',*,*,#190,.F.);
#1005 = PLANE('',#1006);
#1006 = AXIS2_PLACEMENT_3D('',#1007,#1008,#1009);
#1007 = CARTESIAN_POINT('',(-165.75,-41.96794919243,-0.1));
#1008 = DIRECTION('',(0.866025403784,0.5,0.));
#1009 = DIRECTION('',(0.5,-0.866025403784,0.));
#1010 = ADVANCED_FACE('',(#1011),#1029,.F.);
#1011 = FACE_BOUND('',#1012,.F.);
#1012 = EDGE_LOOP('',(#1013,#1021,#1027,#1028));
#1013 = ORIENTED_EDGE('',*,*,#1014,.T.);
#1014 = EDGE_CURVE('',#225,#1015,#1017,.T.);
#1015 = VERTEX_POINT('',#1016);
#1016 = CARTESIAN_POINT('',(-167.75,-41.96794919243,1.5));
#1017 = LINE('',#1018,#1019);
#1018 = CARTESIAN_POINT('',(-167.75,-41.96794919243,-0.1));
#1019 = VECTOR('',#1020,1.);
#1020 = DIRECTION('',(0.,0.,1.));
#1021 = ORIENTED_EDGE('',*,*,#1022,.T.);
#1022 = EDGE_CURVE('',#1015,#984,#1023,.T.);
#1023 = LINE('',#1024,#1025);
#1024 = CARTESIAN_POINT('',(-167.75,-41.96794919243,1.5));
#1025 = VECTOR('',#1026,1.);
#1026 = DIRECTION('',(1.,0.,0.));
#1027 = ORIENTED_EDGE('',*,*,#983,.F.);
#1028 = ORIENTED_EDGE('',*,*,#232,.F.);
#1029 = PLANE('',#1030);
#1030 = AXIS2_PLACEMENT_3D('',#1031,#1032,#1033);
#1031 = CARTESIAN_POINT('',(-167.75,-41.96794919243,-0.1));
#1032 = DIRECTION('',(0.,1.,0.));
#1033 = DIRECTION('',(1.,0.,0.));
#1034 = ADVANCED_FACE('',(#1035),#1053,.F.);
#1035 = FACE_BOUND('',#1036,.F.);
#1036 = EDGE_LOOP('',(#1037,#1045,#1051,#1052));
#1037 = ORIENTED_EDGE('',*,*,#1038,.T.);
#1038 = EDGE_CURVE('',#217,#1039,#1041,.T.);
#1039 = VERTEX_POINT('',#1040);
#1040 = CARTESIAN_POINT('',(-168.75,-43.7,1.5));
#1041 = LINE('',#1042,#1043);
#1042 = CARTESIAN_POINT('',(-168.75,-43.7,-0.1));
#1043 = VECTOR('',#1044,1.);
#1044 = DIRECTION('',(0.,0.,1.));
#1045 = ORIENTED_EDGE('',*,*,#1046,.T.);
#1046 = EDGE_CURVE('',#1039,#1015,#1047,.T.);
#1047 = LINE('',#1048,#1049);
#1048 = CARTESIAN_POINT('',(-168.75,-43.7,1.5));
#1049 = VECTOR('',#1050,1.);
#1050 = DIRECTION('',(0.5,0.866025403784,0.));
#1051 = ORIENTED_EDGE('',*,*,#1014,.F.);
#1052 = ORIENTED_EDGE('',*,*,#224,.F.);
#1053 = PLANE('',#1054);
#1054 = AXIS2_PLACEMENT_3D('',#1055,#1056,#1057);
#1055 = CARTESIAN_POINT('',(-168.75,-43.7,-0.1));
#1056 = DIRECTION('',(-0.866025403784,0.5,0.));
#1057 = DIRECTION('',(0.5,0.866025403784,0.));
#1058 = ADVANCED_FACE('',(#1059),#1077,.F.);
#1059 = FACE_BOUND('',#1060,.F.);
#1060 = EDGE_LOOP('',(#1061,#1069,#1075,#1076));
#1061 = ORIENTED_EDGE('',*,*,#1062,.T.);
#1062 = EDGE_CURVE('',#209,#1063,#1065,.T.);
#1063 = VERTEX_POINT('',#1064);
#1064 = CARTESIAN_POINT('',(-167.75,-45.43205080756,1.5));
#1065 = LINE('',#1066,#1067);
#1066 = CARTESIAN_POINT('',(-167.75,-45.43205080756,-0.1));
#1067 = VECTOR('',#1068,1.);
#1068 = DIRECTION('',(0.,0.,1.));
#1069 = ORIENTED_EDGE('',*,*,#1070,.T.);
#1070 = EDGE_CURVE('',#1063,#1039,#1071,.T.);
#1071 = LINE('',#1072,#1073);
#1072 = CARTESIAN_POINT('',(-167.75,-45.43205080756,1.5));
#1073 = VECTOR('',#1074,1.);
#1074 = DIRECTION('',(-0.5,0.866025403784,-0.));
#1075 = ORIENTED_EDGE('',*,*,#1038,.F.);
#1076 = ORIENTED_EDGE('',*,*,#216,.F.);
#1077 = PLANE('',#1078);
#1078 = AXIS2_PLACEMENT_3D('',#1079,#1080,#1081);
#1079 = CARTESIAN_POINT('',(-167.75,-45.43205080756,-0.1));
#1080 = DIRECTION('',(-0.866025403784,-0.5,0.));
#1081 = DIRECTION('',(-0.5,0.866025403784,0.));
#1082 = ADVANCED_FACE('',(#1083),#1101,.F.);
#1083 = FACE_BOUND('',#1084,.F.);
#1084 = EDGE_LOOP('',(#1085,#1093,#1099,#1100));
#1085 = ORIENTED_EDGE('',*,*,#1086,.T.);
#1086 = EDGE_CURVE('',#201,#1087,#1089,.T.);
#1087 = VERTEX_POINT('',#1088);
#1088 = CARTESIAN_POINT('',(-165.75,-45.43205080756,1.5));
#1089 = LINE('',#1090,#1091);
#1090 = CARTESIAN_POINT('',(-165.75,-45.43205080756,-0.1));
#1091 = VECTOR('',#1092,1.);
#1092 = DIRECTION('',(0.,0.,1.));
#1093 = ORIENTED_EDGE('',*,*,#1094,.T.);
#1094 = EDGE_CURVE('',#1087,#1063,#1095,.T.);
#1095 = LINE('',#1096,#1097);
#1096 = CARTESIAN_POINT('',(-165.75,-45.43205080756,1.5));
#1097 = VECTOR('',#1098,1.);
#1098 = DIRECTION('',(-1.,0.,0.));
#1099 = ORIENTED_EDGE('',*,*,#1062,.F.);
#1100 = ORIENTED_EDGE('',*,*,#208,.F.);
#1101 = PLANE('',#1102);
#1102 = AXIS2_PLACEMENT_3D('',#1103,#1104,#1105);
#1103 = CARTESIAN_POINT('',(-165.75,-45.43205080756,-0.1));
#1104 = DIRECTION('',(0.,-1.,0.));
#1105 = DIRECTION('',(-1.,0.,0.));
#1106 = ADVANCED_FACE('',(#1107),#1118,.F.);
#1107 = FACE_BOUND('',#1108,.F.);
#1108 = EDGE_LOOP('',(#1109,#1110,#1116,#1117));
#1109 = ORIENTED_EDGE('',*,*,#999,.T.);
#1110 = ORIENTED_EDGE('',*,*,#1111,.T.);
#1111 = EDGE_CURVE('',#992,#1087,#1112,.T.);
#1112 = LINE('',#1113,#1114);
#1113 = CARTESIAN_POINT('',(-164.75,-43.7,1.5));
#1114 = VECTOR('',#1115,1.);
#1115 = DIRECTION('',(-0.5,-0.866025403784,0.));
#1116 = ORIENTED_EDGE('',*,*,#1086,.F.);
#1117 = ORIENTED_EDGE('',*,*,#200,.F.);
#1118 = PLANE('',#1119);
#1119 = AXIS2_PLACEMENT_3D('',#1120,#1121,#1122);
#1120 = CARTESIAN_POINT('',(-164.75,-43.7,-0.1));
#1121 = DIRECTION('',(0.866025403784,-0.5,0.));
#1122 = DIRECTION('',(-0.5,-0.866025403784,0.));
#1123 = ADVANCED_FACE('',(#1124),#1149,.F.);
#1124 = FACE_BOUND('',#1125,.F.);
#1125 = EDGE_LOOP('',(#1126,#1134,#1142,#1148));
#1126 = ORIENTED_EDGE('',*,*,#1127,.T.);
#1127 = EDGE_CURVE('',#241,#1128,#1130,.T.);
#1128 = VERTEX_POINT('',#1129);
#1129 = CARTESIAN_POINT('',(-103.05,1.732050807569,1.5));
#1130 = LINE('',#1131,#1132);
#1131 = CARTESIAN_POINT('',(-103.05,1.732050807569,-0.1));
#1132 = VECTOR('',#1133,1.);
#1133 = DIRECTION('',(0.,0.,1.));
#1134 = ORIENTED_EDGE('',*,*,#1135,.T.);
#1135 = EDGE_CURVE('',#1128,#1136,#1138,.T.);
#1136 = VERTEX_POINT('',#1137);
#1137 = CARTESIAN_POINT('',(-102.05,0.,1.5));
#1138 = LINE('',#1139,#1140);
#1139 = CARTESIAN_POINT('',(-103.05,1.732050807569,1.5));
#1140 = VECTOR('',#1141,1.);
#1141 = DIRECTION('',(0.5,-0.866025403784,0.));
#1142 = ORIENTED_EDGE('',*,*,#1143,.F.);
#1143 = EDGE_CURVE('',#243,#1136,#1144,.T.);
#1144 = LINE('',#1145,#1146);
#1145 = CARTESIAN_POINT('',(-102.05,0.,-0.1));
#1146 = VECTOR('',#1147,1.);
#1147 = DIRECTION('',(0.,0.,1.));
#1148 = ORIENTED_EDGE('',*,*,#240,.F.);
#1149 = PLANE('',#1150);
#1150 = AXIS2_PLACEMENT_3D('',#1151,#1152,#1153);
#1151 = CARTESIAN_POINT('',(-103.05,1.732050807569,-0.1));
#1152 = DIRECTION('',(0.866025403784,0.5,0.));
#1153 = DIRECTION('',(0.5,-0.866025403784,0.));
#1154 = ADVANCED_FACE('',(#1155),#1173,.F.);
#1155 = FACE_BOUND('',#1156,.F.);
#1156 = EDGE_LOOP('',(#1157,#1165,#1171,#1172));
#1157 = ORIENTED_EDGE('',*,*,#1158,.T.);
#1158 = EDGE_CURVE('',#275,#1159,#1161,.T.);
#1159 = VERTEX_POINT('',#1160);
#1160 = CARTESIAN_POINT('',(-105.05,1.732050807569,1.5));
#1161 = LINE('',#1162,#1163);
#1162 = CARTESIAN_POINT('',(-105.05,1.732050807569,-0.1));
#1163 = VECTOR('',#1164,1.);
#1164 = DIRECTION('',(0.,0.,1.));
#1165 = ORIENTED_EDGE('',*,*,#1166,.T.);
#1166 = EDGE_CURVE('',#1159,#1128,#1167,.T.);
#1167 = LINE('',#1168,#1169);
#1168 = CARTESIAN_POINT('',(-105.05,1.732050807569,1.5));
#1169 = VECTOR('',#1170,1.);
#1170 = DIRECTION('',(1.,0.,0.));
#1171 = ORIENTED_EDGE('',*,*,#1127,.F.);
#1172 = ORIENTED_EDGE('',*,*,#282,.F.);
#1173 = PLANE('',#1174);
#1174 = AXIS2_PLACEMENT_3D('',#1175,#1176,#1177);
#1175 = CARTESIAN_POINT('',(-105.05,1.732050807569,-0.1));
#1176 = DIRECTION('',(0.,1.,0.));
#1177 = DIRECTION('',(1.,0.,0.));
#1178 = ADVANCED_FACE('',(#1179),#1197,.F.);
#1179 = FACE_BOUND('',#1180,.F.);
#1180 = EDGE_LOOP('',(#1181,#1189,#1195,#1196));
#1181 = ORIENTED_EDGE('',*,*,#1182,.T.);
#1182 = EDGE_CURVE('',#267,#1183,#1185,.T.);
#1183 = VERTEX_POINT('',#1184);
#1184 = CARTESIAN_POINT('',(-106.05,0.,1.5));
#1185 = LINE('',#1186,#1187);
#1186 = CARTESIAN_POINT('',(-106.05,0.,-0.1));
#1187 = VECTOR('',#1188,1.);
#1188 = DIRECTION('',(0.,0.,1.));
#1189 = ORIENTED_EDGE('',*,*,#1190,.T.);
#1190 = EDGE_CURVE('',#1183,#1159,#1191,.T.);
#1191 = LINE('',#1192,#1193);
#1192 = CARTESIAN_POINT('',(-106.05,0.,1.5));
#1193 = VECTOR('',#1194,1.);
#1194 = DIRECTION('',(0.5,0.866025403784,0.));
#1195 = ORIENTED_EDGE('',*,*,#1158,.F.);
#1196 = ORIENTED_EDGE('',*,*,#274,.F.);
#1197 = PLANE('',#1198);
#1198 = AXIS2_PLACEMENT_3D('',#1199,#1200,#1201);
#1199 = CARTESIAN_POINT('',(-106.05,0.,-0.1));
#1200 = DIRECTION('',(-0.866025403784,0.5,0.));
#1201 = DIRECTION('',(0.5,0.866025403784,0.));
#1202 = ADVANCED_FACE('',(#1203),#1221,.F.);
#1203 = FACE_BOUND('',#1204,.F.);
#1204 = EDGE_LOOP('',(#1205,#1213,#1219,#1220));
#1205 = ORIENTED_EDGE('',*,*,#1206,.T.);
#1206 = EDGE_CURVE('',#259,#1207,#1209,.T.);
#1207 = VERTEX_POINT('',#1208);
#1208 = CARTESIAN_POINT('',(-105.05,-1.732050807569,1.5));
#1209 = LINE('',#1210,#1211);
#1210 = CARTESIAN_POINT('',(-105.05,-1.732050807569,-0.1));
#1211 = VECTOR('',#1212,1.);
#1212 = DIRECTION('',(0.,0.,1.));
#1213 = ORIENTED_EDGE('',*,*,#1214,.T.);
#1214 = EDGE_CURVE('',#1207,#1183,#1215,.T.);
#1215 = LINE('',#1216,#1217);
#1216 = CARTESIAN_POINT('',(-105.05,-1.732050807569,1.5));
#1217 = VECTOR('',#1218,1.);
#1218 = DIRECTION('',(-0.5,0.866025403784,-0.));
#1219 = ORIENTED_EDGE('',*,*,#1182,.F.);
#1220 = ORIENTED_EDGE('',*,*,#266,.F.);
#1221 = PLANE('',#1222);
#1222 = AXIS2_PLACEMENT_3D('',#1223,#1224,#1225);
#1223 = CARTESIAN_POINT('',(-105.05,-1.732050807569,-0.1));
#1224 = DIRECTION('',(-0.866025403784,-0.5,0.));
#1225 = DIRECTION('',(-0.5,0.866025403784,0.));
#1226 = ADVANCED_FACE('',(#1227),#1245,.F.);
#1227 = FACE_BOUND('',#1228,.F.);
#1228 = EDGE_LOOP('',(#1229,#1237,#1243,#1244));
#1229 = ORIENTED_EDGE('',*,*,#1230,.T.);
#1230 = EDGE_CURVE('',#251,#1231,#1233,.T.);
#1231 = VERTEX_POINT('',#1232);
#1232 = CARTESIAN_POINT('',(-103.05,-1.732050807569,1.5));
#1233 = LINE('',#1234,#1235);
#1234 = CARTESIAN_POINT('',(-103.05,-1.732050807569,-0.1));
#1235 = VECTOR('',#1236,1.);
#1236 = DIRECTION('',(0.,0.,1.));
#1237 = ORIENTED_EDGE('',*,*,#1238,.T.);
#1238 = EDGE_CURVE('',#1231,#1207,#1239,.T.);
#1239 = LINE('',#1240,#1241);
#1240 = CARTESIAN_POINT('',(-103.05,-1.732050807569,1.5));
#1241 = VECTOR('',#1242,1.);
#1242 = DIRECTION('',(-1.,0.,0.));
#1243 = ORIENTED_EDGE('',*,*,#1206,.F.);
#1244 = ORIENTED_EDGE('',*,*,#258,.F.);
#1245 = PLANE('',#1246);
#1246 = AXIS2_PLACEMENT_3D('',#1247,#1248,#1249);
#1247 = CARTESIAN_POINT('',(-103.05,-1.732050807569,-0.1));
#1248 = DIRECTION('',(0.,-1.,0.));
#1249 = DIRECTION('',(-1.,0.,0.));
#1250 = ADVANCED_FACE('',(#1251),#1262,.F.);
#1251 = FACE_BOUND('',#1252,.F.);
#1252 = EDGE_LOOP('',(#1253,#1254,#1260,#1261));
#1253 = ORIENTED_EDGE('',*,*,#1143,.T.);
#1254 = ORIENTED_EDGE('',*,*,#1255,.T.);
#1255 = EDGE_CURVE('',#1136,#1231,#1256,.T.);
#1256 = LINE('',#1257,#1258);
#1257 = CARTESIAN_POINT('',(-102.05,0.,1.5));
#1258 = VECTOR('',#1259,1.);
#1259 = DIRECTION('',(-0.5,-0.866025403784,0.));
#1260 = ORIENTED_EDGE('',*,*,#1230,.F.);
#1261 = ORIENTED_EDGE('',*,*,#250,.F.);
#1262 = PLANE('',#1263);
#1263 = AXIS2_PLACEMENT_3D('',#1264,#1265,#1266);
#1264 = CARTESIAN_POINT('',(-102.05,0.,-0.1));
#1265 = DIRECTION('',(0.866025403784,-0.5,0.));
#1266 = DIRECTION('',(-0.5,-0.866025403784,0.));
#1267 = ADVANCED_FACE('',(#1268),#1293,.T.);
#1268 = FACE_BOUND('',#1269,.T.);
#1269 = EDGE_LOOP('',(#1270,#1278,#1286,#1292));
#1270 = ORIENTED_EDGE('',*,*,#1271,.T.);
#1271 = EDGE_CURVE('',#291,#1272,#1274,.T.);
#1272 = VERTEX_POINT('',#1273);
#1273 = CARTESIAN_POINT('',(-35.25,-43.7,1.5));
#1274 = LINE('',#1275,#1276);
#1275 = CARTESIAN_POINT('',(-35.25,-43.7,-0.1));
#1276 = VECTOR('',#1277,1.);
#1277 = DIRECTION('',(0.,0.,1.));
#1278 = ORIENTED_EDGE('',*,*,#1279,.T.);
#1279 = EDGE_CURVE('',#1272,#1280,#1282,.T.);
#1280 = VERTEX_POINT('',#1281);
#1281 = CARTESIAN_POINT('',(-34.25,-45.43205080756,1.5));
#1282 = LINE('',#1283,#1284);
#1283 = CARTESIAN_POINT('',(-35.25,-43.7,1.5));
#1284 = VECTOR('',#1285,1.);
#1285 = DIRECTION('',(0.5,-0.866025403784,0.));
#1286 = ORIENTED_EDGE('',*,*,#1287,.F.);
#1287 = EDGE_CURVE('',#293,#1280,#1288,.T.);
#1288 = LINE('',#1289,#1290);
#1289 = CARTESIAN_POINT('',(-34.25,-45.43205080756,-0.1));
#1290 = VECTOR('',#1291,1.);
#1291 = DIRECTION('',(0.,0.,1.));
#1292 = ORIENTED_EDGE('',*,*,#290,.F.);
#1293 = PLANE('',#1294);
#1294 = AXIS2_PLACEMENT_3D('',#1295,#1296,#1297);
#1295 = CARTESIAN_POINT('',(-35.25,-43.7,-0.1));
#1296 = DIRECTION('',(0.866025403784,0.5,0.));
#1297 = DIRECTION('',(0.5,-0.866025403784,0.));
#1298 = ADVANCED_FACE('',(#1299),#1317,.T.);
#1299 = FACE_BOUND('',#1300,.T.);
#1300 = EDGE_LOOP('',(#1301,#1302,#1310,#1316));
#1301 = ORIENTED_EDGE('',*,*,#1287,.T.);
#1302 = ORIENTED_EDGE('',*,*,#1303,.T.);
#1303 = EDGE_CURVE('',#1280,#1304,#1306,.T.);
#1304 = VERTEX_POINT('',#1305);
#1305 = CARTESIAN_POINT('',(-32.25,-45.43205080756,1.5));
#1306 = LINE('',#1307,#1308);
#1307 = CARTESIAN_POINT('',(-34.25,-45.43205080756,1.5));
#1308 = VECTOR('',#1309,1.);
#1309 = DIRECTION('',(1.,0.,0.));
#1310 = ORIENTED_EDGE('',*,*,#1311,.F.);
#1311 = EDGE_CURVE('',#325,#1304,#1312,.T.);
#1312 = LINE('',#1313,#1314);
#1313 = CARTESIAN_POINT('',(-32.25,-45.43205080756,-0.1));
#1314 = VECTOR('',#1315,1.);
#1315 = DIRECTION('',(0.,0.,1.));
#1316 = ORIENTED_EDGE('',*,*,#332,.F.);
#1317 = PLANE('',#1318);
#1318 = AXIS2_PLACEMENT_3D('',#1319,#1320,#1321);
#1319 = CARTESIAN_POINT('',(-34.25,-45.43205080756,-0.1));
#1320 = DIRECTION('',(0.,1.,0.));
#1321 = DIRECTION('',(1.,0.,0.));
#1322 = ADVANCED_FACE('',(#1323),#1341,.T.);
#1323 = FACE_BOUND('',#1324,.T.);
#1324 = EDGE_LOOP('',(#1325,#1326,#1334,#1340));
#1325 = ORIENTED_EDGE('',*,*,#1311,.T.);
#1326 = ORIENTED_EDGE('',*,*,#1327,.T.);
#1327 = EDGE_CURVE('',#1304,#1328,#1330,.T.);
#1328 = VERTEX_POINT('',#1329);
#1329 = CARTESIAN_POINT('',(-31.25,-43.7,1.5));
#1330 = LINE('',#1331,#1332);
#1331 = CARTESIAN_POINT('',(-32.25,-45.43205080756,1.5));
#1332 = VECTOR('',#1333,1.);
#1333 = DIRECTION('',(0.5,0.866025403784,0.));
#1334 = ORIENTED_EDGE('',*,*,#1335,.F.);
#1335 = EDGE_CURVE('',#317,#1328,#1336,.T.);
#1336 = LINE('',#1337,#1338);
#1337 = CARTESIAN_POINT('',(-31.25,-43.7,-0.1));
#1338 = VECTOR('',#1339,1.);
#1339 = DIRECTION('',(0.,0.,1.));
#1340 = ORIENTED_EDGE('',*,*,#324,.F.);
#1341 = PLANE('',#1342);
#1342 = AXIS2_PLACEMENT_3D('',#1343,#1344,#1345);
#1343 = CARTESIAN_POINT('',(-32.25,-45.43205080756,-0.1));
#1344 = DIRECTION('',(-0.866025403784,0.5,0.));
#1345 = DIRECTION('',(0.5,0.866025403784,0.));
#1346 = ADVANCED_FACE('',(#1347),#1365,.T.);
#1347 = FACE_BOUND('',#1348,.T.);
#1348 = EDGE_LOOP('',(#1349,#1350,#1358,#1364));
#1349 = ORIENTED_EDGE('',*,*,#1335,.T.);
#1350 = ORIENTED_EDGE('',*,*,#1351,.T.);
#1351 = EDGE_CURVE('',#1328,#1352,#1354,.T.);
#1352 = VERTEX_POINT('',#1353);
#1353 = CARTESIAN_POINT('',(-32.25,-41.96794919243,1.5));
#1354 = LINE('',#1355,#1356);
#1355 = CARTESIAN_POINT('',(-31.25,-43.7,1.5));
#1356 = VECTOR('',#1357,1.);
#1357 = DIRECTION('',(-0.5,0.866025403784,-0.));
#1358 = ORIENTED_EDGE('',*,*,#1359,.F.);
#1359 = EDGE_CURVE('',#309,#1352,#1360,.T.);
#1360 = LINE('',#1361,#1362);
#1361 = CARTESIAN_POINT('',(-32.25,-41.96794919243,-0.1));
#1362 = VECTOR('',#1363,1.);
#1363 = DIRECTION('',(0.,0.,1.));
#1364 = ORIENTED_EDGE('',*,*,#316,.F.);
#1365 = PLANE('',#1366);
#1366 = AXIS2_PLACEMENT_3D('',#1367,#1368,#1369);
#1367 = CARTESIAN_POINT('',(-31.25,-43.7,-0.1));
#1368 = DIRECTION('',(-0.866025403784,-0.5,0.));
#1369 = DIRECTION('',(-0.5,0.866025403784,0.));
#1370 = ADVANCED_FACE('',(#1371),#1389,.T.);
#1371 = FACE_BOUND('',#1372,.T.);
#1372 = EDGE_LOOP('',(#1373,#1374,#1382,#1388));
#1373 = ORIENTED_EDGE('',*,*,#1359,.T.);
#1374 = ORIENTED_EDGE('',*,*,#1375,.T.);
#1375 = EDGE_CURVE('',#1352,#1376,#1378,.T.);
#1376 = VERTEX_POINT('',#1377);
#1377 = CARTESIAN_POINT('',(-34.25,-41.96794919243,1.5));
#1378 = LINE('',#1379,#1380);
#1379 = CARTESIAN_POINT('',(-32.25,-41.96794919243,1.5));
#1380 = VECTOR('',#1381,1.);
#1381 = DIRECTION('',(-1.,0.,0.));
#1382 = ORIENTED_EDGE('',*,*,#1383,.F.);
#1383 = EDGE_CURVE('',#301,#1376,#1384,.T.);
#1384 = LINE('',#1385,#1386);
#1385 = CARTESIAN_POINT('',(-34.25,-41.96794919243,-0.1));
#1386 = VECTOR('',#1387,1.);
#1387 = DIRECTION('',(0.,0.,1.));
#1388 = ORIENTED_EDGE('',*,*,#308,.F.);
#1389 = PLANE('',#1390);
#1390 = AXIS2_PLACEMENT_3D('',#1391,#1392,#1393);
#1391 = CARTESIAN_POINT('',(-32.25,-41.96794919243,-0.1));
#1392 = DIRECTION('',(0.,-1.,0.));
#1393 = DIRECTION('',(-1.,0.,0.));
#1394 = ADVANCED_FACE('',(#1395),#1406,.T.);
#1395 = FACE_BOUND('',#1396,.T.);
#1396 = EDGE_LOOP('',(#1397,#1398,#1404,#1405));
#1397 = ORIENTED_EDGE('',*,*,#1383,.T.);
#1398 = ORIENTED_EDGE('',*,*,#1399,.T.);
#1399 = EDGE_CURVE('',#1376,#1272,#1400,.T.);
#1400 = LINE('',#1401,#1402);
#1401 = CARTESIAN_POINT('',(-34.25,-41.96794919243,1.5));
#1402 = VECTOR('',#1403,1.);
#1403 = DIRECTION('',(-0.5,-0.866025403784,0.));
#1404 = ORIENTED_EDGE('',*,*,#1271,.F.);
#1405 = ORIENTED_EDGE('',*,*,#300,.F.);
#1406 = PLANE('',#1407);
#1407 = AXIS2_PLACEMENT_3D('',#1408,#1409,#1410);
#1408 = CARTESIAN_POINT('',(-34.25,-41.96794919243,-0.1));
#1409 = DIRECTION('',(0.866025403784,-0.5,0.));
#1410 = DIRECTION('',(-0.5,-0.866025403784,0.));
#1411 = ADVANCED_FACE('',(#1412),#1437,.T.);
#1412 = FACE_BOUND('',#1413,.T.);
#1413 = EDGE_LOOP('',(#1414,#1422,#1430,#1436));
#1414 = ORIENTED_EDGE('',*,*,#1415,.T.);
#1415 = EDGE_CURVE('',#341,#1416,#1418,.T.);
#1416 = VERTEX_POINT('',#1417);
#1417 = CARTESIAN_POINT('',(-164.75,43.7,1.5));
#1418 = LINE('',#1419,#1420);
#1419 = CARTESIAN_POINT('',(-164.75,43.7,-0.1));
#1420 = VECTOR('',#1421,1.);
#1421 = DIRECTION('',(0.,0.,1.));
#1422 = ORIENTED_EDGE('',*,*,#1423,.T.);
#1423 = EDGE_CURVE('',#1416,#1424,#1426,.T.);
#1424 = VERTEX_POINT('',#1425);
#1425 = CARTESIAN_POINT('',(-165.75,45.432050807569,1.5));
#1426 = LINE('',#1427,#1428);
#1427 = CARTESIAN_POINT('',(-164.75,43.7,1.5));
#1428 = VECTOR('',#1429,1.);
#1429 = DIRECTION('',(-0.5,0.866025403784,-0.));
#1430 = ORIENTED_EDGE('',*,*,#1431,.F.);
#1431 = EDGE_CURVE('',#343,#1424,#1432,.T.);
#1432 = LINE('',#1433,#1434);
#1433 = CARTESIAN_POINT('',(-165.75,45.432050807569,-0.1));
#1434 = VECTOR('',#1435,1.);
#1435 = DIRECTION('',(0.,0.,1.));
#1436 = ORIENTED_EDGE('',*,*,#340,.F.);
#1437 = PLANE('',#1438);
#1438 = AXIS2_PLACEMENT_3D('',#1439,#1440,#1441);
#1439 = CARTESIAN_POINT('',(-164.75,43.7,-0.1));
#1440 = DIRECTION('',(-0.866025403784,-0.5,0.));
#1441 = DIRECTION('',(-0.5,0.866025403784,0.));
#1442 = ADVANCED_FACE('',(#1443),#1461,.T.);
#1443 = FACE_BOUND('',#1444,.T.);
#1444 = EDGE_LOOP('',(#1445,#1446,#1454,#1460));
#1445 = ORIENTED_EDGE('',*,*,#1431,.T.);
#1446 = ORIENTED_EDGE('',*,*,#1447,.T.);
#1447 = EDGE_CURVE('',#1424,#1448,#1450,.T.);
#1448 = VERTEX_POINT('',#1449);
#1449 = CARTESIAN_POINT('',(-167.75,45.432050807569,1.5));
#1450 = LINE('',#1451,#1452);
#1451 = CARTESIAN_POINT('',(-165.75,45.432050807569,1.5));
#1452 = VECTOR('',#1453,1.);
#1453 = DIRECTION('',(-1.,0.,0.));
#1454 = ORIENTED_EDGE('',*,*,#1455,.F.);
#1455 = EDGE_CURVE('',#375,#1448,#1456,.T.);
#1456 = LINE('',#1457,#1458);
#1457 = CARTESIAN_POINT('',(-167.75,45.432050807569,-0.1));
#1458 = VECTOR('',#1459,1.);
#1459 = DIRECTION('',(0.,0.,1.));
#1460 = ORIENTED_EDGE('',*,*,#382,.F.);
#1461 = PLANE('',#1462);
#1462 = AXIS2_PLACEMENT_3D('',#1463,#1464,#1465);
#1463 = CARTESIAN_POINT('',(-165.75,45.432050807569,-0.1));
#1464 = DIRECTION('',(0.,-1.,0.));
#1465 = DIRECTION('',(-1.,0.,0.));
#1466 = ADVANCED_FACE('',(#1467),#1485,.T.);
#1467 = FACE_BOUND('',#1468,.T.);
#1468 = EDGE_LOOP('',(#1469,#1470,#1478,#1484));
#1469 = ORIENTED_EDGE('',*,*,#1455,.T.);
#1470 = ORIENTED_EDGE('',*,*,#1471,.T.);
#1471 = EDGE_CURVE('',#1448,#1472,#1474,.T.);
#1472 = VERTEX_POINT('',#1473);
#1473 = CARTESIAN_POINT('',(-168.75,43.7,1.5));
#1474 = LINE('',#1475,#1476);
#1475 = CARTESIAN_POINT('',(-167.75,45.432050807569,1.5));
#1476 = VECTOR('',#1477,1.);
#1477 = DIRECTION('',(-0.5,-0.866025403784,0.));
#1478 = ORIENTED_EDGE('',*,*,#1479,.F.);
#1479 = EDGE_CURVE('',#367,#1472,#1480,.T.);
#1480 = LINE('',#1481,#1482);
#1481 = CARTESIAN_POINT('',(-168.75,43.7,-0.1));
#1482 = VECTOR('',#1483,1.);
#1483 = DIRECTION('',(0.,0.,1.));
#1484 = ORIENTED_EDGE('',*,*,#374,.F.);
#1485 = PLANE('',#1486);
#1486 = AXIS2_PLACEMENT_3D('',#1487,#1488,#1489);
#1487 = CARTESIAN_POINT('',(-167.75,45.432050807569,-0.1));
#1488 = DIRECTION('',(0.866025403784,-0.5,0.));
#1489 = DIRECTION('',(-0.5,-0.866025403784,0.));
#1490 = ADVANCED_FACE('',(#1491),#1509,.T.);
#1491 = FACE_BOUND('',#1492,.T.);
#1492 = EDGE_LOOP('',(#1493,#1494,#1502,#1508));
#1493 = ORIENTED_EDGE('',*,*,#1479,.T.);
#1494 = ORIENTED_EDGE('',*,*,#1495,.T.);
#1495 = EDGE_CURVE('',#1472,#1496,#1498,.T.);
#1496 = VERTEX_POINT('',#1497);
#1497 = CARTESIAN_POINT('',(-167.75,41.967949192431,1.5));
#1498 = LINE('',#1499,#1500);
#1499 = CARTESIAN_POINT('',(-168.75,43.7,1.5));
#1500 = VECTOR('',#1501,1.);
#1501 = DIRECTION('',(0.5,-0.866025403784,0.));
#1502 = ORIENTED_EDGE('',*,*,#1503,.F.);
#1503 = EDGE_CURVE('',#359,#1496,#1504,.T.);
#1504 = LINE('',#1505,#1506);
#1505 = CARTESIAN_POINT('',(-167.75,41.967949192431,-0.1));
#1506 = VECTOR('',#1507,1.);
#1507 = DIRECTION('',(0.,0.,1.));
#1508 = ORIENTED_EDGE('',*,*,#366,.F.);
#1509 = PLANE('',#1510);
#1510 = AXIS2_PLACEMENT_3D('',#1511,#1512,#1513);
#1511 = CARTESIAN_POINT('',(-168.75,43.7,-0.1));
#1512 = DIRECTION('',(0.866025403784,0.5,0.));
#1513 = DIRECTION('',(0.5,-0.866025403784,0.));
#1514 = ADVANCED_FACE('',(#1515),#1533,.T.);
#1515 = FACE_BOUND('',#1516,.T.);
#1516 = EDGE_LOOP('',(#1517,#1518,#1526,#1532));
#1517 = ORIENTED_EDGE('',*,*,#1503,.T.);
#1518 = ORIENTED_EDGE('',*,*,#1519,.T.);
#1519 = EDGE_CURVE('',#1496,#1520,#1522,.T.);
#1520 = VERTEX_POINT('',#1521);
#1521 = CARTESIAN_POINT('',(-165.75,41.967949192431,1.5));
#1522 = LINE('',#1523,#1524);
#1523 = CARTESIAN_POINT('',(-167.75,41.967949192431,1.5));
#1524 = VECTOR('',#1525,1.);
#1525 = DIRECTION('',(1.,0.,0.));
#1526 = ORIENTED_EDGE('',*,*,#1527,.F.);
#1527 = EDGE_CURVE('',#351,#1520,#1528,.T.);
#1528 = LINE('',#1529,#1530);
#1529 = CARTESIAN_POINT('',(-165.75,41.967949192431,-0.1));
#1530 = VECTOR('',#1531,1.);
#1531 = DIRECTION('',(0.,0.,1.));
#1532 = ORIENTED_EDGE('',*,*,#358,.F.);
#1533 = PLANE('',#1534);
#1534 = AXIS2_PLACEMENT_3D('',#1535,#1536,#1537);
#1535 = CARTESIAN_POINT('',(-167.75,41.967949192431,-0.1));
#1536 = DIRECTION('',(0.,1.,0.));
#1537 = DIRECTION('',(1.,0.,0.));
#1538 = ADVANCED_FACE('',(#1539),#1550,.T.);
#1539 = FACE_BOUND('',#1540,.T.);
#1540 = EDGE_LOOP('',(#1541,#1542,#1548,#1549));
#1541 = ORIENTED_EDGE('',*,*,#1527,.T.);
#1542 = ORIENTED_EDGE('',*,*,#1543,.T.);
#1543 = EDGE_CURVE('',#1520,#1416,#1544,.T.);
#1544 = LINE('',#1545,#1546);
#1545 = CARTESIAN_POINT('',(-165.75,41.967949192431,1.5));
#1546 = VECTOR('',#1547,1.);
#1547 = DIRECTION('',(0.5,0.866025403784,0.));
#1548 = ORIENTED_EDGE('',*,*,#1415,.F.);
#1549 = ORIENTED_EDGE('',*,*,#350,.F.);
#1550 = PLANE('',#1551);
#1551 = AXIS2_PLACEMENT_3D('',#1552,#1553,#1554);
#1552 = CARTESIAN_POINT('',(-165.75,41.967949192431,-0.1));
#1553 = DIRECTION('',(-0.866025403784,0.5,0.));
#1554 = DIRECTION('',(0.5,0.866025403784,0.));
#1555 = ADVANCED_FACE('',(#1556),#1581,.F.);
#1556 = FACE_BOUND('',#1557,.F.);
#1557 = EDGE_LOOP('',(#1558,#1566,#1574,#1580));
#1558 = ORIENTED_EDGE('',*,*,#1559,.T.);
#1559 = EDGE_CURVE('',#391,#1560,#1562,.T.);
#1560 = VERTEX_POINT('',#1561);
#1561 = CARTESIAN_POINT('',(-34.25,41.967949192431,1.5));
#1562 = LINE('',#1563,#1564);
#1563 = CARTESIAN_POINT('',(-34.25,41.967949192431,-0.1));
#1564 = VECTOR('',#1565,1.);
#1565 = DIRECTION('',(0.,0.,1.));
#1566 = ORIENTED_EDGE('',*,*,#1567,.T.);
#1567 = EDGE_CURVE('',#1560,#1568,#1570,.T.);
#1568 = VERTEX_POINT('',#1569);
#1569 = CARTESIAN_POINT('',(-35.25,43.7,1.5));
#1570 = LINE('',#1571,#1572);
#1571 = CARTESIAN_POINT('',(-34.25,41.967949192431,1.5));
#1572 = VECTOR('',#1573,1.);
#1573 = DIRECTION('',(-0.5,0.866025403784,-0.));
#1574 = ORIENTED_EDGE('',*,*,#1575,.F.);
#1575 = EDGE_CURVE('',#393,#1568,#1576,.T.);
#1576 = LINE('',#1577,#1578);
#1577 = CARTESIAN_POINT('',(-35.25,43.7,-0.1));
#1578 = VECTOR('',#1579,1.);
#1579 = DIRECTION('',(0.,0.,1.));
#1580 = ORIENTED_EDGE('',*,*,#390,.F.);
#1581 = PLANE('',#1582);
#1582 = AXIS2_PLACEMENT_3D('',#1583,#1584,#1585);
#1583 = CARTESIAN_POINT('',(-34.25,41.967949192431,-0.1));
#1584 = DIRECTION('',(-0.866025403784,-0.5,0.));
#1585 = DIRECTION('',(-0.5,0.866025403784,0.));
#1586 = ADVANCED_FACE('',(#1587),#1605,.F.);
#1587 = FACE_BOUND('',#1588,.F.);
#1588 = EDGE_LOOP('',(#1589,#1597,#1603,#1604));
#1589 = ORIENTED_EDGE('',*,*,#1590,.T.);
#1590 = EDGE_CURVE('',#425,#1591,#1593,.T.);
#1591 = VERTEX_POINT('',#1592);
#1592 = CARTESIAN_POINT('',(-32.25,41.967949192431,1.5));
#1593 = LINE('',#1594,#1595);
#1594 = CARTESIAN_POINT('',(-32.25,41.967949192431,-0.1));
#1595 = VECTOR('',#1596,1.);
#1596 = DIRECTION('',(0.,0.,1.));
#1597 = ORIENTED_EDGE('',*,*,#1598,.T.);
#1598 = EDGE_CURVE('',#1591,#1560,#1599,.T.);
#1599 = LINE('',#1600,#1601);
#1600 = CARTESIAN_POINT('',(-32.25,41.967949192431,1.5));
#1601 = VECTOR('',#1602,1.);
#1602 = DIRECTION('',(-1.,0.,0.));
#1603 = ORIENTED_EDGE('',*,*,#1559,.F.);
#1604 = ORIENTED_EDGE('',*,*,#432,.F.);
#1605 = PLANE('',#1606);
#1606 = AXIS2_PLACEMENT_3D('',#1607,#1608,#1609);
#1607 = CARTESIAN_POINT('',(-32.25,41.967949192431,-0.1));
#1608 = DIRECTION('',(0.,-1.,0.));
#1609 = DIRECTION('',(-1.,0.,0.));
#1610 = ADVANCED_FACE('',(#1611),#1629,.F.);
#1611 = FACE_BOUND('',#1612,.F.);
#1612 = EDGE_LOOP('',(#1613,#1621,#1627,#1628));
#1613 = ORIENTED_EDGE('',*,*,#1614,.T.);
#1614 = EDGE_CURVE('',#417,#1615,#1617,.T.);
#1615 = VERTEX_POINT('',#1616);
#1616 = CARTESIAN_POINT('',(-31.25,43.7,1.5));
#1617 = LINE('',#1618,#1619);
#1618 = CARTESIAN_POINT('',(-31.25,43.7,-0.1));
#1619 = VECTOR('',#1620,1.);
#1620 = DIRECTION('',(0.,0.,1.));
#1621 = ORIENTED_EDGE('',*,*,#1622,.T.);
#1622 = EDGE_CURVE('',#1615,#1591,#1623,.T.);
#1623 = LINE('',#1624,#1625);
#1624 = CARTESIAN_POINT('',(-31.25,43.7,1.5));
#1625 = VECTOR('',#1626,1.);
#1626 = DIRECTION('',(-0.5,-0.866025403784,0.));
#1627 = ORIENTED_EDGE('',*,*,#1590,.F.);
#1628 = ORIENTED_EDGE('',*,*,#424,.F.);
#1629 = PLANE('',#1630);
#1630 = AXIS2_PLACEMENT_3D('',#1631,#1632,#1633);
#1631 = CARTESIAN_POINT('',(-31.25,43.7,-0.1));
#1632 = DIRECTION('',(0.866025403784,-0.5,0.));
#1633 = DIRECTION('',(-0.5,-0.866025403784,0.));
#1634 = ADVANCED_FACE('',(#1635),#1653,.F.);
#1635 = FACE_BOUND('',#1636,.F.);
#1636 = EDGE_LOOP('',(#1637,#1645,#1651,#1652));
#1637 = ORIENTED_EDGE('',*,*,#1638,.T.);
#1638 = EDGE_CURVE('',#409,#1639,#1641,.T.);
#1639 = VERTEX_POINT('',#1640);
#1640 = CARTESIAN_POINT('',(-32.25,45.432050807569,1.5));
#1641 = LINE('',#1642,#1643);
#1642 = CARTESIAN_POINT('',(-32.25,45.432050807569,-0.1));
#1643 = VECTOR('',#1644,1.);
#1644 = DIRECTION('',(0.,0.,1.));
#1645 = ORIENTED_EDGE('',*,*,#1646,.T.);
#1646 = EDGE_CURVE('',#1639,#1615,#1647,.T.);
#1647 = LINE('',#1648,#1649);
#1648 = CARTESIAN_POINT('',(-32.25,45.432050807569,1.5));
#1649 = VECTOR('',#1650,1.);
#1650 = DIRECTION('',(0.5,-0.866025403784,0.));
#1651 = ORIENTED_EDGE('',*,*,#1614,.F.);
#1652 = ORIENTED_EDGE('',*,*,#416,.F.);
#1653 = PLANE('',#1654);
#1654 = AXIS2_PLACEMENT_3D('',#1655,#1656,#1657);
#1655 = CARTESIAN_POINT('',(-32.25,45.432050807569,-0.1));
#1656 = DIRECTION('',(0.866025403784,0.5,0.));
#1657 = DIRECTION('',(0.5,-0.866025403784,0.));
#1658 = ADVANCED_FACE('',(#1659),#1677,.F.);
#1659 = FACE_BOUND('',#1660,.F.);
#1660 = EDGE_LOOP('',(#1661,#1669,#1675,#1676));
#1661 = ORIENTED_EDGE('',*,*,#1662,.T.);
#1662 = EDGE_CURVE('',#401,#1663,#1665,.T.);
#1663 = VERTEX_POINT('',#1664);
#1664 = CARTESIAN_POINT('',(-34.25,45.432050807569,1.5));
#1665 = LINE('',#1666,#1667);
#1666 = CARTESIAN_POINT('',(-34.25,45.432050807569,-0.1));
#1667 = VECTOR('',#1668,1.);
#1668 = DIRECTION('',(0.,0.,1.));
#1669 = ORIENTED_EDGE('',*,*,#1670,.T.);
#1670 = EDGE_CURVE('',#1663,#1639,#1671,.T.);
#1671 = LINE('',#1672,#1673);
#1672 = CARTESIAN_POINT('',(-34.25,45.432050807569,1.5));
#1673 = VECTOR('',#1674,1.);
#1674 = DIRECTION('',(1.,0.,0.));
#1675 = ORIENTED_EDGE('',*,*,#1638,.F.);
#1676 = ORIENTED_EDGE('',*,*,#408,.F.);
#1677 = PLANE('',#1678);
#1678 = AXIS2_PLACEMENT_3D('',#1679,#1680,#1681);
#1679 = CARTESIAN_POINT('',(-34.25,45.432050807569,-0.1));
#1680 = DIRECTION('',(0.,1.,0.));
#1681 = DIRECTION('',(1.,0.,0.));
#1682 = ADVANCED_FACE('',(#1683),#1694,.F.);
#1683 = FACE_BOUND('',#1684,.F.);
#1684 = EDGE_LOOP('',(#1685,#1686,#1692,#1693));
#1685 = ORIENTED_EDGE('',*,*,#1575,.T.);
#1686 = ORIENTED_EDGE('',*,*,#1687,.T.);
#1687 = EDGE_CURVE('',#1568,#1663,#1688,.T.);
#1688 = LINE('',#1689,#1690);
#1689 = CARTESIAN_POINT('',(-35.25,43.7,1.5));
#1690 = VECTOR('',#1691,1.);
#1691 = DIRECTION('',(0.5,0.866025403784,0.));
#1692 = ORIENTED_EDGE('',*,*,#1662,.F.);
#1693 = ORIENTED_EDGE('',*,*,#400,.F.);
#1694 = PLANE('',#1695);
#1695 = AXIS2_PLACEMENT_3D('',#1696,#1697,#1698);
#1696 = CARTESIAN_POINT('',(-35.25,43.7,-0.1));
#1697 = DIRECTION('',(-0.866025403784,0.5,0.));
#1698 = DIRECTION('',(0.5,0.866025403784,0.));
#1699 = ADVANCED_FACE('',(#1700),#1733,.F.);
#1700 = FACE_BOUND('',#1701,.F.);
#1701 = EDGE_LOOP('',(#1702,#1710,#1711,#1712,#1713,#1714,#1715,#1716,
    #1717,#1718,#1719,#1727));
#1702 = ORIENTED_EDGE('',*,*,#1703,.F.);
#1703 = EDGE_CURVE('',#521,#1704,#1706,.T.);
#1704 = VERTEX_POINT('',#1705);
#1705 = CARTESIAN_POINT('',(-164.6,41.55,2.5));
#1706 = LINE('',#1707,#1708);
#1707 = CARTESIAN_POINT('',(-164.6,41.55,13.5));
#1708 = VECTOR('',#1709,1.);
#1709 = DIRECTION('',(-0.,-0.,-1.));
#1710 = ORIENTED_EDGE('',*,*,#528,.T.);
#1711 = ORIENTED_EDGE('',*,*,#593,.F.);
#1712 = ORIENTED_EDGE('',*,*,#618,.F.);
#1713 = ORIENTED_EDGE('',*,*,#642,.F.);
#1714 = ORIENTED_EDGE('',*,*,#667,.F.);
#1715 = ORIENTED_EDGE('',*,*,#691,.F.);
#1716 = ORIENTED_EDGE('',*,*,#716,.F.);
#1717 = ORIENTED_EDGE('',*,*,#740,.F.);
#1718 = ORIENTED_EDGE('',*,*,#758,.T.);
#1719 = ORIENTED_EDGE('',*,*,#1720,.T.);
#1720 = EDGE_CURVE('',#759,#1721,#1723,.T.);
#1721 = VERTEX_POINT('',#1722);
#1722 = CARTESIAN_POINT('',(-35.4,41.55,2.5));
#1723 = LINE('',#1724,#1725);
#1724 = CARTESIAN_POINT('',(-35.4,41.55,13.5));
#1725 = VECTOR('',#1726,1.);
#1726 = DIRECTION('',(-0.,-0.,-1.));
#1727 = ORIENTED_EDGE('',*,*,#1728,.T.);
#1728 = EDGE_CURVE('',#1721,#1704,#1729,.T.);
#1729 = LINE('',#1730,#1731);
#1730 = CARTESIAN_POINT('',(-35.4,41.55,2.5));
#1731 = VECTOR('',#1732,1.);
#1732 = DIRECTION('',(-1.,0.,0.));
#1733 = PLANE('',#1734);
#1734 = AXIS2_PLACEMENT_3D('',#1735,#1736,#1737);
#1735 = CARTESIAN_POINT('',(-35.4,41.55,13.5));
#1736 = DIRECTION('',(0.,1.,0.));
#1737 = DIRECTION('',(-1.,0.,0.));
#1738 = ADVANCED_FACE('',(#1739),#1757,.F.);
#1739 = FACE_BOUND('',#1740,.F.);
#1740 = EDGE_LOOP('',(#1741,#1742,#1743,#1751));
#1741 = ORIENTED_EDGE('',*,*,#520,.T.);
#1742 = ORIENTED_EDGE('',*,*,#1703,.T.);
#1743 = ORIENTED_EDGE('',*,*,#1744,.T.);
#1744 = EDGE_CURVE('',#1704,#1745,#1747,.T.);
#1745 = VERTEX_POINT('',#1746);
#1746 = CARTESIAN_POINT('',(-164.6,-41.55,2.5));
#1747 = LINE('',#1748,#1749);
#1748 = CARTESIAN_POINT('',(-164.6,41.55,2.5));
#1749 = VECTOR('',#1750,1.);
#1750 = DIRECTION('',(0.,-1.,0.));
#1751 = ORIENTED_EDGE('',*,*,#1752,.F.);
#1752 = EDGE_CURVE('',#513,#1745,#1753,.T.);
#1753 = LINE('',#1754,#1755);
#1754 = CARTESIAN_POINT('',(-164.6,-41.55,13.5));
#1755 = VECTOR('',#1756,1.);
#1756 = DIRECTION('',(-0.,-0.,-1.));
#1757 = PLANE('',#1758);
#1758 = AXIS2_PLACEMENT_3D('',#1759,#1760,#1761);
#1759 = CARTESIAN_POINT('',(-164.6,41.55,13.5));
#1760 = DIRECTION('',(-1.,0.,0.));
#1761 = DIRECTION('',(0.,-1.,0.));
#1762 = ADVANCED_FACE('',(#1763),#1781,.F.);
#1763 = FACE_BOUND('',#1764,.F.);
#1764 = EDGE_LOOP('',(#1765,#1766,#1767,#1775));
#1765 = ORIENTED_EDGE('',*,*,#512,.T.);
#1766 = ORIENTED_EDGE('',*,*,#1752,.T.);
#1767 = ORIENTED_EDGE('',*,*,#1768,.T.);
#1768 = EDGE_CURVE('',#1745,#1769,#1771,.T.);
#1769 = VERTEX_POINT('',#1770);
#1770 = CARTESIAN_POINT('',(-35.4,-41.55,2.5));
#1771 = LINE('',#1772,#1773);
#1772 = CARTESIAN_POINT('',(-164.6,-41.55,2.5));
#1773 = VECTOR('',#1774,1.);
#1774 = DIRECTION('',(1.,0.,0.));
#1775 = ORIENTED_EDGE('',*,*,#1776,.F.);
#1776 = EDGE_CURVE('',#505,#1769,#1777,.T.);
#1777 = LINE('',#1778,#1779);
#1778 = CARTESIAN_POINT('',(-35.4,-41.55,13.5));
#1779 = VECTOR('',#1780,1.);
#1780 = DIRECTION('',(-0.,-0.,-1.));
#1781 = PLANE('',#1782);
#1782 = AXIS2_PLACEMENT_3D('',#1783,#1784,#1785);
#1783 = CARTESIAN_POINT('',(-164.6,-41.55,13.5));
#1784 = DIRECTION('',(0.,-1.,0.));
#1785 = DIRECTION('',(1.,0.,0.));
#1786 = ADVANCED_FACE('',(#1787),#1806,.F.);
#1787 = FACE_BOUND('',#1788,.F.);
#1788 = EDGE_LOOP('',(#1789,#1798,#1799,#1800));
#1789 = ORIENTED_EDGE('',*,*,#1790,.F.);
#1790 = EDGE_CURVE('',#497,#1791,#1793,.T.);
#1791 = VERTEX_POINT('',#1792);
#1792 = CARTESIAN_POINT('',(-35.4,-36.1599800796,2.5));
#1793 = CIRCLE('',#1794,4.85);
#1794 = AXIS2_PLACEMENT_3D('',#1795,#1796,#1797);
#1795 = CARTESIAN_POINT('',(-35.4,-33.65,6.65));
#1796 = DIRECTION('',(1.,0.,0.));
#1797 = DIRECTION('',(0.,1.,0.));
#1798 = ORIENTED_EDGE('',*,*,#504,.T.);
#1799 = ORIENTED_EDGE('',*,*,#1776,.T.);
#1800 = ORIENTED_EDGE('',*,*,#1801,.T.);
#1801 = EDGE_CURVE('',#1769,#1791,#1802,.T.);
#1802 = LINE('',#1803,#1804);
#1803 = CARTESIAN_POINT('',(-35.4,-41.55,2.5));
#1804 = VECTOR('',#1805,1.);
#1805 = DIRECTION('',(0.,1.,0.));
#1806 = PLANE('',#1807);
#1807 = AXIS2_PLACEMENT_3D('',#1808,#1809,#1810);
#1808 = CARTESIAN_POINT('',(-35.4,-41.55,13.5));
#1809 = DIRECTION('',(1.,0.,0.));
#1810 = DIRECTION('',(0.,1.,0.));
#1811 = ADVANCED_FACE('',(#1812),#1844,.F.);
#1812 = FACE_BOUND('',#1813,.F.);
#1813 = EDGE_LOOP('',(#1814,#1815,#1816,#1825,#1834,#1841,#1842,#1843));
#1814 = ORIENTED_EDGE('',*,*,#496,.F.);
#1815 = ORIENTED_EDGE('',*,*,#1790,.T.);
#1816 = ORIENTED_EDGE('',*,*,#1817,.T.);
#1817 = EDGE_CURVE('',#1791,#1818,#1820,.T.);
#1818 = VERTEX_POINT('',#1819);
#1819 = CARTESIAN_POINT('',(-35.4,-31.14001992039,2.5));
#1820 = CIRCLE('',#1821,4.85);
#1821 = AXIS2_PLACEMENT_3D('',#1822,#1823,#1824);
#1822 = CARTESIAN_POINT('',(-35.4,-33.65,6.65));
#1823 = DIRECTION('',(1.,0.,0.));
#1824 = DIRECTION('',(0.,1.,0.));
#1825 = ORIENTED_EDGE('',*,*,#1826,.T.);
#1826 = EDGE_CURVE('',#1818,#1827,#1829,.T.);
#1827 = VERTEX_POINT('',#1828);
#1828 = CARTESIAN_POINT('',(-35.4,-28.8,6.65));
#1829 = CIRCLE('',#1830,4.85);
#1830 = AXIS2_PLACEMENT_3D('',#1831,#1832,#1833);
#1831 = CARTESIAN_POINT('',(-35.4,-33.65,6.65));
#1832 = DIRECTION('',(1.,0.,0.));
#1833 = DIRECTION('',(0.,1.,0.));
#1834 = ORIENTED_EDGE('',*,*,#1835,.T.);
#1835 = EDGE_CURVE('',#1827,#767,#1836,.T.);
#1836 = CIRCLE('',#1837,4.85);
#1837 = AXIS2_PLACEMENT_3D('',#1838,#1839,#1840);
#1838 = CARTESIAN_POINT('',(-35.4,-33.65,6.65));
#1839 = DIRECTION('',(1.,0.,0.));
#1840 = DIRECTION('',(0.,1.,0.));
#1841 = ORIENTED_EDGE('',*,*,#774,.T.);
#1842 = ORIENTED_EDGE('',*,*,#858,.F.);
#1843 = ORIENTED_EDGE('',*,*,#867,.F.);
#1844 = CYLINDRICAL_SURFACE('',#1845,4.85);
#1845 = AXIS2_PLACEMENT_3D('',#1846,#1847,#1848);
#1846 = CARTESIAN_POINT('',(-30.,-33.65,6.65));
#1847 = DIRECTION('',(1.,0.,0.));
#1848 = DIRECTION('',(0.,1.,0.));
#1849 = ADVANCED_FACE('',(#1850),#1879,.F.);
#1850 = FACE_BOUND('',#1851,.F.);
#1851 = EDGE_LOOP('',(#1852,#1853,#1854,#1855,#1864,#1872));
#1852 = ORIENTED_EDGE('',*,*,#969,.T.);
#1853 = ORIENTED_EDGE('',*,*,#480,.T.);
#1854 = ORIENTED_EDGE('',*,*,#833,.F.);
#1855 = ORIENTED_EDGE('',*,*,#1856,.T.);
#1856 = EDGE_CURVE('',#834,#1857,#1859,.T.);
#1857 = VERTEX_POINT('',#1858);
#1858 = CARTESIAN_POINT('',(-31.8,-46.95,13.5));
#1859 = CIRCLE('',#1860,1.8);
#1860 = AXIS2_PLACEMENT_3D('',#1861,#1862,#1863);
#1861 = CARTESIAN_POINT('',(-31.8,-46.95,11.7));
#1862 = DIRECTION('',(0.,-1.,0.));
#1863 = DIRECTION('',(0.,0.,-1.));
#1864 = ORIENTED_EDGE('',*,*,#1865,.F.);
#1865 = EDGE_CURVE('',#1866,#1857,#1868,.T.);
#1866 = VERTEX_POINT('',#1867);
#1867 = CARTESIAN_POINT('',(-168.2,-46.95,13.5));
#1868 = LINE('',#1869,#1870);
#1869 = CARTESIAN_POINT('',(-170.,-46.95,13.5));
#1870 = VECTOR('',#1871,1.);
#1871 = DIRECTION('',(1.,0.,0.));
#1872 = ORIENTED_EDGE('',*,*,#1873,.F.);
#1873 = EDGE_CURVE('',#962,#1866,#1874,.T.);
#1874 = CIRCLE('',#1875,1.8);
#1875 = AXIS2_PLACEMENT_3D('',#1876,#1877,#1878);
#1876 = CARTESIAN_POINT('',(-168.2,-46.95,11.7));
#1877 = DIRECTION('',(0.,1.,0.));
#1878 = DIRECTION('',(0.,0.,-1.));
#1879 = PLANE('',#1880);
#1880 = AXIS2_PLACEMENT_3D('',#1881,#1882,#1883);
#1881 = CARTESIAN_POINT('',(-170.,-46.95,13.5));
#1882 = DIRECTION('',(0.,-1.,0.));
#1883 = DIRECTION('',(1.,0.,0.));
#1884 = ADVANCED_FACE('',(#1885),#1904,.F.);
#1885 = FACE_BOUND('',#1886,.F.);
#1886 = EDGE_LOOP('',(#1887,#1895,#1896,#1897));
#1887 = ORIENTED_EDGE('',*,*,#1888,.F.);
#1888 = EDGE_CURVE('',#546,#1889,#1891,.T.);
#1889 = VERTEX_POINT('',#1890);
#1890 = CARTESIAN_POINT('',(-165.7,-43.7,1.5));
#1891 = LINE('',#1892,#1893);
#1892 = CARTESIAN_POINT('',(-165.7,-43.7,13.5));
#1893 = VECTOR('',#1894,1.);
#1894 = DIRECTION('',(-0.,-0.,-1.));
#1895 = ORIENTED_EDGE('',*,*,#545,.F.);
#1896 = ORIENTED_EDGE('',*,*,#1888,.T.);
#1897 = ORIENTED_EDGE('',*,*,#1898,.T.);
#1898 = EDGE_CURVE('',#1889,#1889,#1899,.T.);
#1899 = CIRCLE('',#1900,1.05);
#1900 = AXIS2_PLACEMENT_3D('',#1901,#1902,#1903);
#1901 = CARTESIAN_POINT('',(-166.75,-43.7,1.5));
#1902 = DIRECTION('',(0.,0.,1.));
#1903 = DIRECTION('',(1.,0.,0.));
#1904 = CYLINDRICAL_SURFACE('',#1905,1.05);
#1905 = AXIS2_PLACEMENT_3D('',#1906,#1907,#1908);
#1906 = CARTESIAN_POINT('',(-166.75,-43.7,13.5));
#1907 = DIRECTION('',(0.,0.,1.));
#1908 = DIRECTION('',(1.,0.,0.));
#1909 = ADVANCED_FACE('',(#1910),#1929,.F.);
#1910 = FACE_BOUND('',#1911,.F.);
#1911 = EDGE_LOOP('',(#1912,#1920,#1921,#1922));
#1912 = ORIENTED_EDGE('',*,*,#1913,.F.);
#1913 = EDGE_CURVE('',#557,#1914,#1916,.T.);
#1914 = VERTEX_POINT('',#1915);
#1915 = CARTESIAN_POINT('',(-32.2,-43.7,1.5));
#1916 = LINE('',#1917,#1918);
#1917 = CARTESIAN_POINT('',(-32.2,-43.7,13.5));
#1918 = VECTOR('',#1919,1.);
#1919 = DIRECTION('',(-0.,-0.,-1.));
#1920 = ORIENTED_EDGE('',*,*,#556,.F.);
#1921 = ORIENTED_EDGE('',*,*,#1913,.T.);
#1922 = ORIENTED_EDGE('',*,*,#1923,.T.);
#1923 = EDGE_CURVE('',#1914,#1914,#1924,.T.);
#1924 = CIRCLE('',#1925,1.05);
#1925 = AXIS2_PLACEMENT_3D('',#1926,#1927,#1928);
#1926 = CARTESIAN_POINT('',(-33.25,-43.7,1.5));
#1927 = DIRECTION('',(0.,0.,1.));
#1928 = DIRECTION('',(1.,0.,0.));
#1929 = CYLINDRICAL_SURFACE('',#1930,1.05);
#1930 = AXIS2_PLACEMENT_3D('',#1931,#1932,#1933);
#1931 = CARTESIAN_POINT('',(-33.25,-43.7,13.5));
#1932 = DIRECTION('',(0.,0.,1.));
#1933 = DIRECTION('',(1.,0.,0.));
#1934 = ADVANCED_FACE('',(#1935),#1954,.F.);
#1935 = FACE_BOUND('',#1936,.F.);
#1936 = EDGE_LOOP('',(#1937,#1945,#1946,#1947));
#1937 = ORIENTED_EDGE('',*,*,#1938,.F.);
#1938 = EDGE_CURVE('',#568,#1939,#1941,.T.);
#1939 = VERTEX_POINT('',#1940);
#1940 = CARTESIAN_POINT('',(-165.7,43.7,1.5));
#1941 = LINE('',#1942,#1943);
#1942 = CARTESIAN_POINT('',(-165.7,43.7,13.5));
#1943 = VECTOR('',#1944,1.);
#1944 = DIRECTION('',(-0.,-0.,-1.));
#1945 = ORIENTED_EDGE('',*,*,#567,.F.);
#1946 = ORIENTED_EDGE('',*,*,#1938,.T.);
#1947 = ORIENTED_EDGE('',*,*,#1948,.T.);
#1948 = EDGE_CURVE('',#1939,#1939,#1949,.T.);
#1949 = CIRCLE('',#1950,1.05);
#1950 = AXIS2_PLACEMENT_3D('',#1951,#1952,#1953);
#1951 = CARTESIAN_POINT('',(-166.75,43.7,1.5));
#1952 = DIRECTION('',(0.,0.,1.));
#1953 = DIRECTION('',(1.,0.,0.));
#1954 = CYLINDRICAL_SURFACE('',#1955,1.05);
#1955 = AXIS2_PLACEMENT_3D('',#1956,#1957,#1958);
#1956 = CARTESIAN_POINT('',(-166.75,43.7,13.5));
#1957 = DIRECTION('',(0.,0.,1.));
#1958 = DIRECTION('',(1.,0.,0.));
#1959 = ADVANCED_FACE('',(#1960),#1972,.F.);
#1960 = FACE_BOUND('',#1961,.F.);
#1961 = EDGE_LOOP('',(#1962,#1963,#1964,#1965,#1966));
#1962 = ORIENTED_EDGE('',*,*,#1720,.F.);
#1963 = ORIENTED_EDGE('',*,*,#766,.T.);
#1964 = ORIENTED_EDGE('',*,*,#1835,.F.);
#1965 = ORIENTED_EDGE('',*,*,#1826,.F.);
#1966 = ORIENTED_EDGE('',*,*,#1967,.T.);
#1967 = EDGE_CURVE('',#1818,#1721,#1968,.T.);
#1968 = LINE('',#1969,#1970);
#1969 = CARTESIAN_POINT('',(-35.4,-41.55,2.5));
#1970 = VECTOR('',#1971,1.);
#1971 = DIRECTION('',(0.,1.,0.));
#1972 = PLANE('',#1973);
#1973 = AXIS2_PLACEMENT_3D('',#1974,#1975,#1976);
#1974 = CARTESIAN_POINT('',(-35.4,-41.55,13.5));
#1975 = DIRECTION('',(1.,0.,0.));
#1976 = DIRECTION('',(0.,1.,0.));
#1977 = ADVANCED_FACE('',(#1978),#1997,.F.);
#1978 = FACE_BOUND('',#1979,.F.);
#1979 = EDGE_LOOP('',(#1980,#1988,#1989,#1990));
#1980 = ORIENTED_EDGE('',*,*,#1981,.F.);
#1981 = EDGE_CURVE('',#800,#1982,#1984,.T.);
#1982 = VERTEX_POINT('',#1983);
#1983 = CARTESIAN_POINT('',(-32.2,43.7,1.5));
#1984 = LINE('',#1985,#1986);
#1985 = CARTESIAN_POINT('',(-32.2,43.7,13.5));
#1986 = VECTOR('',#1987,1.);
#1987 = DIRECTION('',(-0.,-0.,-1.));
#1988 = ORIENTED_EDGE('',*,*,#799,.F.);
#1989 = ORIENTED_EDGE('',*,*,#1981,.T.);
#1990 = ORIENTED_EDGE('',*,*,#1991,.T.);
#1991 = EDGE_CURVE('',#1982,#1982,#1992,.T.);
#1992 = CIRCLE('',#1993,1.05);
#1993 = AXIS2_PLACEMENT_3D('',#1994,#1995,#1996);
#1994 = CARTESIAN_POINT('',(-33.25,43.7,1.5));
#1995 = DIRECTION('',(0.,0.,1.));
#1996 = DIRECTION('',(1.,0.,0.));
#1997 = CYLINDRICAL_SURFACE('',#1998,1.05);
#1998 = AXIS2_PLACEMENT_3D('',#1999,#2000,#2001);
#1999 = CARTESIAN_POINT('',(-33.25,43.7,13.5));
#2000 = DIRECTION('',(0.,0.,1.));
#2001 = DIRECTION('',(1.,0.,0.));
#2002 = ADVANCED_FACE('',(#2003),#2022,.T.);
#2003 = FACE_BOUND('',#2004,.T.);
#2004 = EDGE_LOOP('',(#2005,#2006,#2014,#2021));
#2005 = ORIENTED_EDGE('',*,*,#1856,.T.);
#2006 = ORIENTED_EDGE('',*,*,#2007,.T.);
#2007 = EDGE_CURVE('',#1857,#2008,#2010,.T.);
#2008 = VERTEX_POINT('',#2009);
#2009 = CARTESIAN_POINT('',(-31.8,-130.15,13.5));
#2010 = LINE('',#2011,#2012);
#2011 = CARTESIAN_POINT('',(-31.8,-46.95,13.5));
#2012 = VECTOR('',#2013,1.);
#2013 = DIRECTION('',(0.,-1.,0.));
#2014 = ORIENTED_EDGE('',*,*,#2015,.F.);
#2015 = EDGE_CURVE('',#842,#2008,#2016,.T.);
#2016 = CIRCLE('',#2017,1.8);
#2017 = AXIS2_PLACEMENT_3D('',#2018,#2019,#2020);
#2018 = CARTESIAN_POINT('',(-31.8,-130.15,11.7));
#2019 = DIRECTION('',(0.,-1.,0.));
#2020 = DIRECTION('',(0.,0.,1.));
#2021 = ORIENTED_EDGE('',*,*,#841,.F.);
#2022 = CYLINDRICAL_SURFACE('',#2023,1.8);
#2023 = AXIS2_PLACEMENT_3D('',#2024,#2025,#2026);
#2024 = CARTESIAN_POINT('',(-31.8,-46.95,11.7));
#2025 = DIRECTION('',(0.,-1.,0.));
#2026 = DIRECTION('',(1.,0.,0.));
#2027 = ADVANCED_FACE('',(#2028),#2039,.T.);
#2028 = FACE_BOUND('',#2029,.F.);
#2029 = EDGE_LOOP('',(#2030,#2031,#2032));
#2030 = ORIENTED_EDGE('',*,*,#2015,.F.);
#2031 = ORIENTED_EDGE('',*,*,#892,.T.);
#2032 = ORIENTED_EDGE('',*,*,#2033,.F.);
#2033 = EDGE_CURVE('',#2008,#885,#2034,.T.);
#2034 = CIRCLE('',#2035,1.8);
#2035 = AXIS2_PLACEMENT_3D('',#2036,#2037,#2038);
#2036 = CARTESIAN_POINT('',(-31.8,-130.15,11.7));
#2037 = DIRECTION('',(1.,0.,-0.));
#2038 = DIRECTION('',(0.,0.,1.));
#2039 = SPHERICAL_SURFACE('',#2040,1.8);
#2040 = AXIS2_PLACEMENT_3D('',#2041,#2042,#2043);
#2041 = CARTESIAN_POINT('',(-31.8,-130.15,11.7));
#2042 = DIRECTION('',(-1.,0.,0.));
#2043 = DIRECTION('',(0.,0.,1.));
#2044 = ADVANCED_FACE('',(#2045),#2064,.T.);
#2045 = FACE_BOUND('',#2046,.F.);
#2046 = EDGE_LOOP('',(#2047,#2056,#2062,#2063));
#2047 = ORIENTED_EDGE('',*,*,#2048,.T.);
#2048 = EDGE_CURVE('',#910,#2049,#2051,.T.);
#2049 = VERTEX_POINT('',#2050);
#2050 = CARTESIAN_POINT('',(-168.2,-130.15,13.5));
#2051 = CIRCLE('',#2052,1.8);
#2052 = AXIS2_PLACEMENT_3D('',#2053,#2054,#2055);
#2053 = CARTESIAN_POINT('',(-168.2,-130.15,11.7));
#2054 = DIRECTION('',(-1.,0.,0.));
#2055 = DIRECTION('',(0.,0.,1.));
#2056 = ORIENTED_EDGE('',*,*,#2057,.T.);
#2057 = EDGE_CURVE('',#2049,#2008,#2058,.T.);
#2058 = LINE('',#2059,#2060);
#2059 = CARTESIAN_POINT('',(-170.,-130.15,13.5));
#2060 = VECTOR('',#2061,1.);
#2061 = DIRECTION('',(1.,0.,0.));
#2062 = ORIENTED_EDGE('',*,*,#2033,.T.);
#2063 = ORIENTED_EDGE('',*,*,#917,.F.);
#2064 = CYLINDRICAL_SURFACE('',#2065,1.8);
#2065 = AXIS2_PLACEMENT_3D('',#2066,#2067,#2068);
#2066 = CARTESIAN_POINT('',(-170.,-130.15,11.7));
#2067 = DIRECTION('',(1.,0.,0.));
#2068 = DIRECTION('',(0.,-1.,0.));
#2069 = ADVANCED_FACE('',(#2070),#2081,.T.);
#2070 = FACE_BOUND('',#2071,.F.);
#2071 = EDGE_LOOP('',(#2072,#2073,#2074));
#2072 = ORIENTED_EDGE('',*,*,#2048,.F.);
#2073 = ORIENTED_EDGE('',*,*,#934,.T.);
#2074 = ORIENTED_EDGE('',*,*,#2075,.F.);
#2075 = EDGE_CURVE('',#2049,#935,#2076,.T.);
#2076 = CIRCLE('',#2077,1.8);
#2077 = AXIS2_PLACEMENT_3D('',#2078,#2079,#2080);
#2078 = CARTESIAN_POINT('',(-168.2,-130.15,11.7));
#2079 = DIRECTION('',(0.,-1.,0.));
#2080 = DIRECTION('',(0.,0.,1.));
#2081 = SPHERICAL_SURFACE('',#2082,1.8);
#2082 = AXIS2_PLACEMENT_3D('',#2083,#2084,#2085);
#2083 = CARTESIAN_POINT('',(-168.2,-130.15,11.7));
#2084 = DIRECTION('',(0.,1.,0.));
#2085 = DIRECTION('',(0.,0.,1.));
#2086 = ADVANCED_FACE('',(#2087),#2098,.T.);
#2087 = FACE_BOUND('',#2088,.F.);
#2088 = EDGE_LOOP('',(#2089,#2090,#2096,#2097));
#2089 = ORIENTED_EDGE('',*,*,#1873,.T.);
#2090 = ORIENTED_EDGE('',*,*,#2091,.T.);
#2091 = EDGE_CURVE('',#1866,#2049,#2092,.T.);
#2092 = LINE('',#2093,#2094);
#2093 = CARTESIAN_POINT('',(-168.2,-46.95,13.5));
#2094 = VECTOR('',#2095,1.);
#2095 = DIRECTION('',(0.,-1.,0.));
#2096 = ORIENTED_EDGE('',*,*,#2075,.T.);
#2097 = ORIENTED_EDGE('',*,*,#961,.F.);
#2098 = CYLINDRICAL_SURFACE('',#2099,1.8);
#2099 = AXIS2_PLACEMENT_3D('',#2100,#2101,#2102);
#2100 = CARTESIAN_POINT('',(-168.2,-46.95,11.7));
#2101 = DIRECTION('',(0.,-1.,0.));
#2102 = DIRECTION('',(-1.,0.,0.));
#2103 = ADVANCED_FACE('',(#2104,#2112),#2115,.F.);
#2104 = FACE_BOUND('',#2105,.F.);
#2105 = EDGE_LOOP('',(#2106,#2107,#2108,#2109,#2110,#2111));
#2106 = ORIENTED_EDGE('',*,*,#1111,.F.);
#2107 = ORIENTED_EDGE('',*,*,#991,.F.);
#2108 = ORIENTED_EDGE('',*,*,#1022,.F.);
#2109 = ORIENTED_EDGE('',*,*,#1046,.F.);
#2110 = ORIENTED_EDGE('',*,*,#1070,.F.);
#2111 = ORIENTED_EDGE('',*,*,#1094,.F.);
#2112 = FACE_BOUND('',#2113,.F.);
#2113 = EDGE_LOOP('',(#2114));
#2114 = ORIENTED_EDGE('',*,*,#1898,.F.);
#2115 = PLANE('',#2116);
#2116 = AXIS2_PLACEMENT_3D('',#2117,#2118,#2119);
#2117 = CARTESIAN_POINT('',(-100.81,-6.6388E-13,1.5));
#2118 = DIRECTION('',(0.,0.,1.));
#2119 = DIRECTION('',(1.,0.,0.));
#2120 = ADVANCED_FACE('',(#2121,#2129),#2140,.F.);
#2121 = FACE_BOUND('',#2122,.F.);
#2122 = EDGE_LOOP('',(#2123,#2124,#2125,#2126,#2127,#2128));
#2123 = ORIENTED_EDGE('',*,*,#1255,.F.);
#2124 = ORIENTED_EDGE('',*,*,#1135,.F.);
#2125 = ORIENTED_EDGE('',*,*,#1166,.F.);
#2126 = ORIENTED_EDGE('',*,*,#1190,.F.);
#2127 = ORIENTED_EDGE('',*,*,#1214,.F.);
#2128 = ORIENTED_EDGE('',*,*,#1238,.F.);
#2129 = FACE_BOUND('',#2130,.F.);
#2130 = EDGE_LOOP('',(#2131));
#2131 = ORIENTED_EDGE('',*,*,#2132,.F.);
#2132 = EDGE_CURVE('',#2133,#2133,#2135,.T.);
#2133 = VERTEX_POINT('',#2134);
#2134 = CARTESIAN_POINT('',(-103.,0.,1.5));
#2135 = CIRCLE('',#2136,1.05);
#2136 = AXIS2_PLACEMENT_3D('',#2137,#2138,#2139);
#2137 = CARTESIAN_POINT('',(-104.05,0.,1.5));
#2138 = DIRECTION('',(0.,0.,1.));
#2139 = DIRECTION('',(1.,0.,0.));
#2140 = PLANE('',#2141);
#2141 = AXIS2_PLACEMENT_3D('',#2142,#2143,#2144);
#2142 = CARTESIAN_POINT('',(-100.81,-6.6388E-13,1.5));
#2143 = DIRECTION('',(0.,0.,1.));
#2144 = DIRECTION('',(1.,0.,0.));
#2145 = ADVANCED_FACE('',(#2146,#2154),#2157,.F.);
#2146 = FACE_BOUND('',#2147,.F.);
#2147 = EDGE_LOOP('',(#2148,#2149,#2150,#2151,#2152,#2153));
#2148 = ORIENTED_EDGE('',*,*,#1279,.T.);
#2149 = ORIENTED_EDGE('',*,*,#1303,.T.);
#2150 = ORIENTED_EDGE('',*,*,#1327,.T.);
#2151 = ORIENTED_EDGE('',*,*,#1351,.T.);
#2152 = ORIENTED_EDGE('',*,*,#1375,.T.);
#2153 = ORIENTED_EDGE('',*,*,#1399,.T.);
#2154 = FACE_BOUND('',#2155,.F.);
#2155 = EDGE_LOOP('',(#2156));
#2156 = ORIENTED_EDGE('',*,*,#1923,.F.);
#2157 = PLANE('',#2158);
#2158 = AXIS2_PLACEMENT_3D('',#2159,#2160,#2161);
#2159 = CARTESIAN_POINT('',(-100.81,-6.6388E-13,1.5));
#2160 = DIRECTION('',(0.,0.,1.));
#2161 = DIRECTION('',(1.,0.,0.));
#2162 = ADVANCED_FACE('',(#2163,#2171),#2174,.F.);
#2163 = FACE_BOUND('',#2164,.F.);
#2164 = EDGE_LOOP('',(#2165,#2166,#2167,#2168,#2169,#2170));
#2165 = ORIENTED_EDGE('',*,*,#1423,.T.);
#2166 = ORIENTED_EDGE('',*,*,#1447,.T.);
#2167 = ORIENTED_EDGE('',*,*,#1471,.T.);
#2168 = ORIENTED_EDGE('',*,*,#1495,.T.);
#2169 = ORIENTED_EDGE('',*,*,#1519,.T.);
#2170 = ORIENTED_EDGE('',*,*,#1543,.T.);
#2171 = FACE_BOUND('',#2172,.F.);
#2172 = EDGE_LOOP('',(#2173));
#2173 = ORIENTED_EDGE('',*,*,#1948,.F.);
#2174 = PLANE('',#2175);
#2175 = AXIS2_PLACEMENT_3D('',#2176,#2177,#2178);
#2176 = CARTESIAN_POINT('',(-100.81,-6.6388E-13,1.5));
#2177 = DIRECTION('',(0.,0.,1.));
#2178 = DIRECTION('',(1.,0.,0.));
#2179 = ADVANCED_FACE('',(#2180,#2188),#2191,.F.);
#2180 = FACE_BOUND('',#2181,.F.);
#2181 = EDGE_LOOP('',(#2182,#2183,#2184,#2185,#2186,#2187));
#2182 = ORIENTED_EDGE('',*,*,#1687,.F.);
#2183 = ORIENTED_EDGE('',*,*,#1567,.F.);
#2184 = ORIENTED_EDGE('',*,*,#1598,.F.);
#2185 = ORIENTED_EDGE('',*,*,#1622,.F.);
#2186 = ORIENTED_EDGE('',*,*,#1646,.F.);
#2187 = ORIENTED_EDGE('',*,*,#1670,.F.);
#2188 = FACE_BOUND('',#2189,.F.);
#2189 = EDGE_LOOP('',(#2190));
#2190 = ORIENTED_EDGE('',*,*,#1991,.F.);
#2191 = PLANE('',#2192);
#2192 = AXIS2_PLACEMENT_3D('',#2193,#2194,#2195);
#2193 = CARTESIAN_POINT('',(-100.81,-6.6388E-13,1.5));
#2194 = DIRECTION('',(0.,0.,1.));
#2195 = DIRECTION('',(1.,0.,0.));
#2196 = ADVANCED_FACE('',(#2197,#2210,#2244,#2278,#2312,#2346,#2357,
    #2368,#2379,#2390,#2401,#2435,#2446,#2480,#2491,#2502,#2536,#2547,
    #2558,#2569,#2580,#2591,#2602,#2613,#2647,#2681,#2715,#2749,#2760,
    #2771,#2782,#2793,#2804,#2838,#2849,#2883,#2894,#2905,#2916,#2927,
    #2938,#2972,#2983,#3017,#3028,#3039,#3050,#3084,#3095,#3106,#3117,
    #3128,#3139,#3150,#3184,#3195,#3229,#3240,#3251,#3285,#3296,#3307,
    #3318,#3329,#3340,#3351,#3385,#3396,#3430,#3464,#3498,#3509,#3520,
    #3531,#3542,#3553,#3587,#3598),#3632,.T.);
#2197 = FACE_BOUND('',#2198,.T.);
#2198 = EDGE_LOOP('',(#2199,#2200,#2201,#2207,#2208,#2209));
#2199 = ORIENTED_EDGE('',*,*,#1768,.T.);
#2200 = ORIENTED_EDGE('',*,*,#1801,.T.);
#2201 = ORIENTED_EDGE('',*,*,#2202,.T.);
#2202 = EDGE_CURVE('',#1791,#1818,#2203,.T.);
#2203 = LINE('',#2204,#2205);
#2204 = CARTESIAN_POINT('',(-35.4,-41.55,2.5));
#2205 = VECTOR('',#2206,1.);
#2206 = DIRECTION('',(0.,1.,0.));
#2207 = ORIENTED_EDGE('',*,*,#1967,.T.);
#2208 = ORIENTED_EDGE('',*,*,#1728,.T.);
#2209 = ORIENTED_EDGE('',*,*,#1744,.T.);
#2210 = FACE_BOUND('',#2211,.T.);
#2211 = EDGE_LOOP('',(#2212,#2222,#2230,#2238));
#2212 = ORIENTED_EDGE('',*,*,#2213,.F.);
#2213 = EDGE_CURVE('',#2214,#2216,#2218,.T.);
#2214 = VERTEX_POINT('',#2215);
#2215 = CARTESIAN_POINT('',(-103.5,-28.3,2.5));
#2216 = VERTEX_POINT('',#2217);
#2217 = CARTESIAN_POINT('',(-160.,-28.3,2.5));
#2218 = LINE('',#2219,#2220);
#2219 = CARTESIAN_POINT('',(-103.5,-28.3,2.5));
#2220 = VECTOR('',#2221,1.);
#2221 = DIRECTION('',(-1.,0.,0.));
#2222 = ORIENTED_EDGE('',*,*,#2223,.F.);
#2223 = EDGE_CURVE('',#2224,#2214,#2226,.T.);
#2224 = VERTEX_POINT('',#2225);
#2225 = CARTESIAN_POINT('',(-103.5,-30.7,2.5));
#2226 = LINE('',#2227,#2228);
#2227 = CARTESIAN_POINT('',(-103.5,-30.7,2.5));
#2228 = VECTOR('',#2229,1.);
#2229 = DIRECTION('',(0.,1.,0.));
#2230 = ORIENTED_EDGE('',*,*,#2231,.F.);
#2231 = EDGE_CURVE('',#2232,#2224,#2234,.T.);
#2232 = VERTEX_POINT('',#2233);
#2233 = CARTESIAN_POINT('',(-160.,-30.7,2.5));
#2234 = LINE('',#2235,#2236);
#2235 = CARTESIAN_POINT('',(-160.,-30.7,2.5));
#2236 = VECTOR('',#2237,1.);
#2237 = DIRECTION('',(1.,0.,0.));
#2238 = ORIENTED_EDGE('',*,*,#2239,.F.);
#2239 = EDGE_CURVE('',#2216,#2232,#2240,.T.);
#2240 = LINE('',#2241,#2242);
#2241 = CARTESIAN_POINT('',(-160.,-28.3,2.5));
#2242 = VECTOR('',#2243,1.);
#2243 = DIRECTION('',(0.,-1.,0.));
#2244 = FACE_BOUND('',#2245,.T.);
#2245 = EDGE_LOOP('',(#2246,#2256,#2264,#2272));
#2246 = ORIENTED_EDGE('',*,*,#2247,.F.);
#2247 = EDGE_CURVE('',#2248,#2250,#2252,.T.);
#2248 = VERTEX_POINT('',#2249);
#2249 = CARTESIAN_POINT('',(-103.5,-23.7,2.5));
#2250 = VERTEX_POINT('',#2251);
#2251 = CARTESIAN_POINT('',(-160.,-23.7,2.5));
#2252 = LINE('',#2253,#2254);
#2253 = CARTESIAN_POINT('',(-103.5,-23.7,2.5));
#2254 = VECTOR('',#2255,1.);
#2255 = DIRECTION('',(-1.,0.,0.));
#2256 = ORIENTED_EDGE('',*,*,#2257,.F.);
#2257 = EDGE_CURVE('',#2258,#2248,#2260,.T.);
#2258 = VERTEX_POINT('',#2259);
#2259 = CARTESIAN_POINT('',(-103.5,-26.1,2.5));
#2260 = LINE('',#2261,#2262);
#2261 = CARTESIAN_POINT('',(-103.5,-26.1,2.5));
#2262 = VECTOR('',#2263,1.);
#2263 = DIRECTION('',(0.,1.,0.));
#2264 = ORIENTED_EDGE('',*,*,#2265,.F.);
#2265 = EDGE_CURVE('',#2266,#2258,#2268,.T.);
#2266 = VERTEX_POINT('',#2267);
#2267 = CARTESIAN_POINT('',(-160.,-26.1,2.5));
#2268 = LINE('',#2269,#2270);
#2269 = CARTESIAN_POINT('',(-160.,-26.1,2.5));
#2270 = VECTOR('',#2271,1.);
#2271 = DIRECTION('',(1.,0.,0.));
#2272 = ORIENTED_EDGE('',*,*,#2273,.F.);
#2273 = EDGE_CURVE('',#2250,#2266,#2274,.T.);
#2274 = LINE('',#2275,#2276);
#2275 = CARTESIAN_POINT('',(-160.,-23.7,2.5));
#2276 = VECTOR('',#2277,1.);
#2277 = DIRECTION('',(0.,-1.,0.));
#2278 = FACE_BOUND('',#2279,.T.);
#2279 = EDGE_LOOP('',(#2280,#2290,#2298,#2306));
#2280 = ORIENTED_EDGE('',*,*,#2281,.F.);
#2281 = EDGE_CURVE('',#2282,#2284,#2286,.T.);
#2282 = VERTEX_POINT('',#2283);
#2283 = CARTESIAN_POINT('',(-103.5,-19.1,2.5));
#2284 = VERTEX_POINT('',#2285);
#2285 = CARTESIAN_POINT('',(-160.,-19.1,2.5));
#2286 = LINE('',#2287,#2288);
#2287 = CARTESIAN_POINT('',(-103.5,-19.1,2.5));
#2288 = VECTOR('',#2289,1.);
#2289 = DIRECTION('',(-1.,0.,0.));
#2290 = ORIENTED_EDGE('',*,*,#2291,.F.);
#2291 = EDGE_CURVE('',#2292,#2282,#2294,.T.);
#2292 = VERTEX_POINT('',#2293);
#2293 = CARTESIAN_POINT('',(-103.5,-21.5,2.5));
#2294 = LINE('',#2295,#2296);
#2295 = CARTESIAN_POINT('',(-103.5,-21.5,2.5));
#2296 = VECTOR('',#2297,1.);
#2297 = DIRECTION('',(0.,1.,0.));
#2298 = ORIENTED_EDGE('',*,*,#2299,.F.);
#2299 = EDGE_CURVE('',#2300,#2292,#2302,.T.);
#2300 = VERTEX_POINT('',#2301);
#2301 = CARTESIAN_POINT('',(-160.,-21.5,2.5));
#2302 = LINE('',#2303,#2304);
#2303 = CARTESIAN_POINT('',(-160.,-21.5,2.5));
#2304 = VECTOR('',#2305,1.);
#2305 = DIRECTION('',(1.,0.,0.));
#2306 = ORIENTED_EDGE('',*,*,#2307,.F.);
#2307 = EDGE_CURVE('',#2284,#2300,#2308,.T.);
#2308 = LINE('',#2309,#2310);
#2309 = CARTESIAN_POINT('',(-160.,-19.1,2.5));
#2310 = VECTOR('',#2311,1.);
#2311 = DIRECTION('',(0.,-1.,0.));
#2312 = FACE_BOUND('',#2313,.T.);
#2313 = EDGE_LOOP('',(#2314,#2324,#2332,#2340));
#2314 = ORIENTED_EDGE('',*,*,#2315,.F.);
#2315 = EDGE_CURVE('',#2316,#2318,#2320,.T.);
#2316 = VERTEX_POINT('',#2317);
#2317 = CARTESIAN_POINT('',(-103.5,-32.9,2.5));
#2318 = VERTEX_POINT('',#2319);
#2319 = CARTESIAN_POINT('',(-126.,-32.9,2.5));
#2320 = LINE('',#2321,#2322);
#2321 = CARTESIAN_POINT('',(-103.5,-32.9,2.5));
#2322 = VECTOR('',#2323,1.);
#2323 = DIRECTION('',(-1.,0.,0.));
#2324 = ORIENTED_EDGE('',*,*,#2325,.F.);
#2325 = EDGE_CURVE('',#2326,#2316,#2328,.T.);
#2326 = VERTEX_POINT('',#2327);
#2327 = CARTESIAN_POINT('',(-103.5,-35.3,2.5));
#2328 = LINE('',#2329,#2330);
#2329 = CARTESIAN_POINT('',(-103.5,-35.3,2.5));
#2330 = VECTOR('',#2331,1.);
#2331 = DIRECTION('',(0.,1.,0.));
#2332 = ORIENTED_EDGE('',*,*,#2333,.F.);
#2333 = EDGE_CURVE('',#2334,#2326,#2336,.T.);
#2334 = VERTEX_POINT('',#2335);
#2335 = CARTESIAN_POINT('',(-126.,-35.3,2.5));
#2336 = LINE('',#2337,#2338);
#2337 = CARTESIAN_POINT('',(-126.,-35.3,2.5));
#2338 = VECTOR('',#2339,1.);
#2339 = DIRECTION('',(1.,0.,0.));
#2340 = ORIENTED_EDGE('',*,*,#2341,.F.);
#2341 = EDGE_CURVE('',#2318,#2334,#2342,.T.);
#2342 = LINE('',#2343,#2344);
#2343 = CARTESIAN_POINT('',(-126.,-32.9,2.5));
#2344 = VECTOR('',#2345,1.);
#2345 = DIRECTION('',(0.,-1.,0.));
#2346 = FACE_BOUND('',#2347,.T.);
#2347 = EDGE_LOOP('',(#2348));
#2348 = ORIENTED_EDGE('',*,*,#2349,.F.);
#2349 = EDGE_CURVE('',#2350,#2350,#2352,.T.);
#2350 = VERTEX_POINT('',#2351);
#2351 = CARTESIAN_POINT('',(-147.95,-15.25,2.5));
#2352 = CIRCLE('',#2353,1.);
#2353 = AXIS2_PLACEMENT_3D('',#2354,#2355,#2356);
#2354 = CARTESIAN_POINT('',(-148.95,-15.25,2.5));
#2355 = DIRECTION('',(0.,0.,1.));
#2356 = DIRECTION('',(1.,0.,0.));
#2357 = FACE_BOUND('',#2358,.T.);
#2358 = EDGE_LOOP('',(#2359));
#2359 = ORIENTED_EDGE('',*,*,#2360,.F.);
#2360 = EDGE_CURVE('',#2361,#2361,#2363,.T.);
#2361 = VERTEX_POINT('',#2362);
#2362 = CARTESIAN_POINT('',(-154.95,-14.2,2.5));
#2363 = CIRCLE('',#2364,1.);
#2364 = AXIS2_PLACEMENT_3D('',#2365,#2366,#2367);
#2365 = CARTESIAN_POINT('',(-155.95,-14.2,2.5));
#2366 = DIRECTION('',(0.,0.,1.));
#2367 = DIRECTION('',(1.,0.,0.));
#2368 = FACE_BOUND('',#2369,.T.);
#2369 = EDGE_LOOP('',(#2370));
#2370 = ORIENTED_EDGE('',*,*,#2371,.F.);
#2371 = EDGE_CURVE('',#2372,#2372,#2374,.T.);
#2372 = VERTEX_POINT('',#2373);
#2373 = CARTESIAN_POINT('',(-128.95,-15.25,2.5));
#2374 = CIRCLE('',#2375,1.);
#2375 = AXIS2_PLACEMENT_3D('',#2376,#2377,#2378);
#2376 = CARTESIAN_POINT('',(-129.95,-15.25,2.5));
#2377 = DIRECTION('',(0.,0.,1.));
#2378 = DIRECTION('',(1.,0.,0.));
#2379 = FACE_BOUND('',#2380,.T.);
#2380 = EDGE_LOOP('',(#2381));
#2381 = ORIENTED_EDGE('',*,*,#2382,.F.);
#2382 = EDGE_CURVE('',#2383,#2383,#2385,.T.);
#2383 = VERTEX_POINT('',#2384);
#2384 = CARTESIAN_POINT('',(-135.95,-14.2,2.5));
#2385 = CIRCLE('',#2386,1.);
#2386 = AXIS2_PLACEMENT_3D('',#2387,#2388,#2389);
#2387 = CARTESIAN_POINT('',(-136.95,-14.2,2.5));
#2388 = DIRECTION('',(0.,0.,1.));
#2389 = DIRECTION('',(1.,0.,0.));
#2390 = FACE_BOUND('',#2391,.T.);
#2391 = EDGE_LOOP('',(#2392));
#2392 = ORIENTED_EDGE('',*,*,#2393,.F.);
#2393 = EDGE_CURVE('',#2394,#2394,#2396,.T.);
#2394 = VERTEX_POINT('',#2395);
#2395 = CARTESIAN_POINT('',(-148.85,-9.5,2.5));
#2396 = CIRCLE('',#2397,2.7);
#2397 = AXIS2_PLACEMENT_3D('',#2398,#2399,#2400);
#2398 = CARTESIAN_POINT('',(-151.55,-9.5,2.5));
#2399 = DIRECTION('',(0.,0.,1.));
#2400 = DIRECTION('',(1.,0.,0.));
#2401 = FACE_BOUND('',#2402,.T.);
#2402 = EDGE_LOOP('',(#2403,#2413,#2421,#2429));
#2403 = ORIENTED_EDGE('',*,*,#2404,.F.);
#2404 = EDGE_CURVE('',#2405,#2407,#2409,.T.);
#2405 = VERTEX_POINT('',#2406);
#2406 = CARTESIAN_POINT('',(-155.85,-2.45,2.5));
#2407 = VERTEX_POINT('',#2408);
#2408 = CARTESIAN_POINT('',(-155.85,-6.25,2.5));
#2409 = LINE('',#2410,#2411);
#2410 = CARTESIAN_POINT('',(-155.85,-2.45,2.5));
#2411 = VECTOR('',#2412,1.);
#2412 = DIRECTION('',(0.,-1.,0.));
#2413 = ORIENTED_EDGE('',*,*,#2414,.F.);
#2414 = EDGE_CURVE('',#2415,#2405,#2417,.T.);
#2415 = VERTEX_POINT('',#2416);
#2416 = CARTESIAN_POINT('',(-148.85,-2.45,2.5));
#2417 = LINE('',#2418,#2419);
#2418 = CARTESIAN_POINT('',(-148.85,-2.45,2.5));
#2419 = VECTOR('',#2420,1.);
#2420 = DIRECTION('',(-1.,0.,0.));
#2421 = ORIENTED_EDGE('',*,*,#2422,.F.);
#2422 = EDGE_CURVE('',#2423,#2415,#2425,.T.);
#2423 = VERTEX_POINT('',#2424);
#2424 = CARTESIAN_POINT('',(-148.85,-6.25,2.5));
#2425 = LINE('',#2426,#2427);
#2426 = CARTESIAN_POINT('',(-148.85,-6.25,2.5));
#2427 = VECTOR('',#2428,1.);
#2428 = DIRECTION('',(0.,1.,0.));
#2429 = ORIENTED_EDGE('',*,*,#2430,.F.);
#2430 = EDGE_CURVE('',#2407,#2423,#2431,.T.);
#2431 = LINE('',#2432,#2433);
#2432 = CARTESIAN_POINT('',(-155.85,-6.25,2.5));
#2433 = VECTOR('',#2434,1.);
#2434 = DIRECTION('',(1.,0.,0.));
#2435 = FACE_BOUND('',#2436,.T.);
#2436 = EDGE_LOOP('',(#2437));
#2437 = ORIENTED_EDGE('',*,*,#2438,.F.);
#2438 = EDGE_CURVE('',#2439,#2439,#2441,.T.);
#2439 = VERTEX_POINT('',#2440);
#2440 = CARTESIAN_POINT('',(-129.85,-9.5,2.5));
#2441 = CIRCLE('',#2442,2.7);
#2442 = AXIS2_PLACEMENT_3D('',#2443,#2444,#2445);
#2443 = CARTESIAN_POINT('',(-132.55,-9.5,2.5));
#2444 = DIRECTION('',(0.,0.,1.));
#2445 = DIRECTION('',(1.,0.,0.));
#2446 = FACE_BOUND('',#2447,.T.);
#2447 = EDGE_LOOP('',(#2448,#2458,#2466,#2474));
#2448 = ORIENTED_EDGE('',*,*,#2449,.F.);
#2449 = EDGE_CURVE('',#2450,#2452,#2454,.T.);
#2450 = VERTEX_POINT('',#2451);
#2451 = CARTESIAN_POINT('',(-136.85,-2.45,2.5));
#2452 = VERTEX_POINT('',#2453);
#2453 = CARTESIAN_POINT('',(-136.85,-6.25,2.5));
#2454 = LINE('',#2455,#2456);
#2455 = CARTESIAN_POINT('',(-136.85,-2.45,2.5));
#2456 = VECTOR('',#2457,1.);
#2457 = DIRECTION('',(0.,-1.,0.));
#2458 = ORIENTED_EDGE('',*,*,#2459,.F.);
#2459 = EDGE_CURVE('',#2460,#2450,#2462,.T.);
#2460 = VERTEX_POINT('',#2461);
#2461 = CARTESIAN_POINT('',(-129.85,-2.45,2.5));
#2462 = LINE('',#2463,#2464);
#2463 = CARTESIAN_POINT('',(-129.85,-2.45,2.5));
#2464 = VECTOR('',#2465,1.);
#2465 = DIRECTION('',(-1.,0.,0.));
#2466 = ORIENTED_EDGE('',*,*,#2467,.F.);
#2467 = EDGE_CURVE('',#2468,#2460,#2470,.T.);
#2468 = VERTEX_POINT('',#2469);
#2469 = CARTESIAN_POINT('',(-129.85,-6.25,2.5));
#2470 = LINE('',#2471,#2472);
#2471 = CARTESIAN_POINT('',(-129.85,-6.25,2.5));
#2472 = VECTOR('',#2473,1.);
#2473 = DIRECTION('',(0.,1.,0.));
#2474 = ORIENTED_EDGE('',*,*,#2475,.F.);
#2475 = EDGE_CURVE('',#2452,#2468,#2476,.T.);
#2476 = LINE('',#2477,#2478);
#2477 = CARTESIAN_POINT('',(-136.85,-6.25,2.5));
#2478 = VECTOR('',#2479,1.);
#2479 = DIRECTION('',(1.,0.,0.));
#2480 = FACE_BOUND('',#2481,.T.);
#2481 = EDGE_LOOP('',(#2482));
#2482 = ORIENTED_EDGE('',*,*,#2483,.F.);
#2483 = EDGE_CURVE('',#2484,#2484,#2486,.T.);
#2484 = VERTEX_POINT('',#2485);
#2485 = CARTESIAN_POINT('',(-116.95,-14.2,2.5));
#2486 = CIRCLE('',#2487,1.);
#2487 = AXIS2_PLACEMENT_3D('',#2488,#2489,#2490);
#2488 = CARTESIAN_POINT('',(-117.95,-14.2,2.5));
#2489 = DIRECTION('',(0.,0.,1.));
#2490 = DIRECTION('',(1.,0.,0.));
#2491 = FACE_BOUND('',#2492,.T.);
#2492 = EDGE_LOOP('',(#2493));
#2493 = ORIENTED_EDGE('',*,*,#2494,.F.);
#2494 = EDGE_CURVE('',#2495,#2495,#2497,.T.);
#2495 = VERTEX_POINT('',#2496);
#2496 = CARTESIAN_POINT('',(-109.95,-15.25,2.5));
#2497 = CIRCLE('',#2498,1.);
#2498 = AXIS2_PLACEMENT_3D('',#2499,#2500,#2501);
#2499 = CARTESIAN_POINT('',(-110.95,-15.25,2.5));
#2500 = DIRECTION('',(0.,0.,1.));
#2501 = DIRECTION('',(1.,0.,0.));
#2502 = FACE_BOUND('',#2503,.T.);
#2503 = EDGE_LOOP('',(#2504,#2514,#2522,#2530));
#2504 = ORIENTED_EDGE('',*,*,#2505,.F.);
#2505 = EDGE_CURVE('',#2506,#2508,#2510,.T.);
#2506 = VERTEX_POINT('',#2507);
#2507 = CARTESIAN_POINT('',(-117.85,-2.45,2.5));
#2508 = VERTEX_POINT('',#2509);
#2509 = CARTESIAN_POINT('',(-117.85,-6.25,2.5));
#2510 = LINE('',#2511,#2512);
#2511 = CARTESIAN_POINT('',(-117.85,-2.45,2.5));
#2512 = VECTOR('',#2513,1.);
#2513 = DIRECTION('',(0.,-1.,0.));
#2514 = ORIENTED_EDGE('',*,*,#2515,.F.);
#2515 = EDGE_CURVE('',#2516,#2506,#2518,.T.);
#2516 = VERTEX_POINT('',#2517);
#2517 = CARTESIAN_POINT('',(-110.85,-2.45,2.5));
#2518 = LINE('',#2519,#2520);
#2519 = CARTESIAN_POINT('',(-110.85,-2.45,2.5));
#2520 = VECTOR('',#2521,1.);
#2521 = DIRECTION('',(-1.,0.,0.));
#2522 = ORIENTED_EDGE('',*,*,#2523,.F.);
#2523 = EDGE_CURVE('',#2524,#2516,#2526,.T.);
#2524 = VERTEX_POINT('',#2525);
#2525 = CARTESIAN_POINT('',(-110.85,-6.25,2.5));
#2526 = LINE('',#2527,#2528);
#2527 = CARTESIAN_POINT('',(-110.85,-6.25,2.5));
#2528 = VECTOR('',#2529,1.);
#2529 = DIRECTION('',(0.,1.,0.));
#2530 = ORIENTED_EDGE('',*,*,#2531,.F.);
#2531 = EDGE_CURVE('',#2508,#2524,#2532,.T.);
#2532 = LINE('',#2533,#2534);
#2533 = CARTESIAN_POINT('',(-117.85,-6.25,2.5));
#2534 = VECTOR('',#2535,1.);
#2535 = DIRECTION('',(1.,0.,0.));
#2536 = FACE_BOUND('',#2537,.T.);
#2537 = EDGE_LOOP('',(#2538));
#2538 = ORIENTED_EDGE('',*,*,#2539,.F.);
#2539 = EDGE_CURVE('',#2540,#2540,#2542,.T.);
#2540 = VERTEX_POINT('',#2541);
#2541 = CARTESIAN_POINT('',(-110.85,-9.5,2.5));
#2542 = CIRCLE('',#2543,2.7);
#2543 = AXIS2_PLACEMENT_3D('',#2544,#2545,#2546);
#2544 = CARTESIAN_POINT('',(-113.55,-9.5,2.5));
#2545 = DIRECTION('',(0.,0.,1.));
#2546 = DIRECTION('',(1.,0.,0.));
#2547 = FACE_BOUND('',#2548,.T.);
#2548 = EDGE_LOOP('',(#2549));
#2549 = ORIENTED_EDGE('',*,*,#2550,.F.);
#2550 = EDGE_CURVE('',#2551,#2551,#2553,.T.);
#2551 = VERTEX_POINT('',#2552);
#2552 = CARTESIAN_POINT('',(-97.95,-33.2,2.5));
#2553 = CIRCLE('',#2554,1.);
#2554 = AXIS2_PLACEMENT_3D('',#2555,#2556,#2557);
#2555 = CARTESIAN_POINT('',(-98.95,-33.2,2.5));
#2556 = DIRECTION('',(0.,0.,1.));
#2557 = DIRECTION('',(1.,0.,0.));
#2558 = FACE_BOUND('',#2559,.T.);
#2559 = EDGE_LOOP('',(#2560));
#2560 = ORIENTED_EDGE('',*,*,#2561,.F.);
#2561 = EDGE_CURVE('',#2562,#2562,#2564,.T.);
#2562 = VERTEX_POINT('',#2563);
#2563 = CARTESIAN_POINT('',(-90.95,-34.25,2.5));
#2564 = CIRCLE('',#2565,1.);
#2565 = AXIS2_PLACEMENT_3D('',#2566,#2567,#2568);
#2566 = CARTESIAN_POINT('',(-91.95,-34.25,2.5));
#2567 = DIRECTION('',(0.,0.,1.));
#2568 = DIRECTION('',(1.,0.,0.));
#2569 = FACE_BOUND('',#2570,.T.);
#2570 = EDGE_LOOP('',(#2571));
#2571 = ORIENTED_EDGE('',*,*,#2572,.F.);
#2572 = EDGE_CURVE('',#2573,#2573,#2575,.T.);
#2573 = VERTEX_POINT('',#2574);
#2574 = CARTESIAN_POINT('',(-91.85,-28.5,2.5));
#2575 = CIRCLE('',#2576,2.7);
#2576 = AXIS2_PLACEMENT_3D('',#2577,#2578,#2579);
#2577 = CARTESIAN_POINT('',(-94.55,-28.5,2.5));
#2578 = DIRECTION('',(0.,0.,1.));
#2579 = DIRECTION('',(1.,0.,0.));
#2580 = FACE_BOUND('',#2581,.T.);
#2581 = EDGE_LOOP('',(#2582));
#2582 = ORIENTED_EDGE('',*,*,#2583,.F.);
#2583 = EDGE_CURVE('',#2584,#2584,#2586,.T.);
#2584 = VERTEX_POINT('',#2585);
#2585 = CARTESIAN_POINT('',(-78.95,-33.2,2.5));
#2586 = CIRCLE('',#2587,1.);
#2587 = AXIS2_PLACEMENT_3D('',#2588,#2589,#2590);
#2588 = CARTESIAN_POINT('',(-79.95,-33.2,2.5));
#2589 = DIRECTION('',(0.,0.,1.));
#2590 = DIRECTION('',(1.,0.,0.));
#2591 = FACE_BOUND('',#2592,.T.);
#2592 = EDGE_LOOP('',(#2593));
#2593 = ORIENTED_EDGE('',*,*,#2594,.F.);
#2594 = EDGE_CURVE('',#2595,#2595,#2597,.T.);
#2595 = VERTEX_POINT('',#2596);
#2596 = CARTESIAN_POINT('',(-71.95,-34.25,2.5));
#2597 = CIRCLE('',#2598,1.);
#2598 = AXIS2_PLACEMENT_3D('',#2599,#2600,#2601);
#2599 = CARTESIAN_POINT('',(-72.95,-34.25,2.5));
#2600 = DIRECTION('',(0.,0.,1.));
#2601 = DIRECTION('',(1.,0.,0.));
#2602 = FACE_BOUND('',#2603,.T.);
#2603 = EDGE_LOOP('',(#2604));
#2604 = ORIENTED_EDGE('',*,*,#2605,.F.);
#2605 = EDGE_CURVE('',#2606,#2606,#2608,.T.);
#2606 = VERTEX_POINT('',#2607);
#2607 = CARTESIAN_POINT('',(-72.85,-28.5,2.5));
#2608 = CIRCLE('',#2609,2.7);
#2609 = AXIS2_PLACEMENT_3D('',#2610,#2611,#2612);
#2610 = CARTESIAN_POINT('',(-75.55,-28.5,2.5));
#2611 = DIRECTION('',(0.,0.,1.));
#2612 = DIRECTION('',(1.,0.,0.));
#2613 = FACE_BOUND('',#2614,.T.);
#2614 = EDGE_LOOP('',(#2615,#2625,#2633,#2641));
#2615 = ORIENTED_EDGE('',*,*,#2616,.F.);
#2616 = EDGE_CURVE('',#2617,#2619,#2621,.T.);
#2617 = VERTEX_POINT('',#2618);
#2618 = CARTESIAN_POINT('',(-98.85,-21.45,2.5));
#2619 = VERTEX_POINT('',#2620);
#2620 = CARTESIAN_POINT('',(-98.85,-25.25,2.5));
#2621 = LINE('',#2622,#2623);
#2622 = CARTESIAN_POINT('',(-98.85,-21.45,2.5));
#2623 = VECTOR('',#2624,1.);
#2624 = DIRECTION('',(0.,-1.,0.));
#2625 = ORIENTED_EDGE('',*,*,#2626,.F.);
#2626 = EDGE_CURVE('',#2627,#2617,#2629,.T.);
#2627 = VERTEX_POINT('',#2628);
#2628 = CARTESIAN_POINT('',(-91.85,-21.45,2.5));
#2629 = LINE('',#2630,#2631);
#2630 = CARTESIAN_POINT('',(-91.85,-21.45,2.5));
#2631 = VECTOR('',#2632,1.);
#2632 = DIRECTION('',(-1.,0.,0.));
#2633 = ORIENTED_EDGE('',*,*,#2634,.F.);
#2634 = EDGE_CURVE('',#2635,#2627,#2637,.T.);
#2635 = VERTEX_POINT('',#2636);
#2636 = CARTESIAN_POINT('',(-91.85,-25.25,2.5));
#2637 = LINE('',#2638,#2639);
#2638 = CARTESIAN_POINT('',(-91.85,-25.25,2.5));
#2639 = VECTOR('',#2640,1.);
#2640 = DIRECTION('',(0.,1.,0.));
#2641 = ORIENTED_EDGE('',*,*,#2642,.F.);
#2642 = EDGE_CURVE('',#2619,#2635,#2643,.T.);
#2643 = LINE('',#2644,#2645);
#2644 = CARTESIAN_POINT('',(-98.85,-25.25,2.5));
#2645 = VECTOR('',#2646,1.);
#2646 = DIRECTION('',(1.,0.,0.));
#2647 = FACE_BOUND('',#2648,.T.);
#2648 = EDGE_LOOP('',(#2649,#2659,#2667,#2675));
#2649 = ORIENTED_EDGE('',*,*,#2650,.F.);
#2650 = EDGE_CURVE('',#2651,#2653,#2655,.T.);
#2651 = VERTEX_POINT('',#2652);
#2652 = CARTESIAN_POINT('',(-79.85,-21.45,2.5));
#2653 = VERTEX_POINT('',#2654);
#2654 = CARTESIAN_POINT('',(-79.85,-25.25,2.5));
#2655 = LINE('',#2656,#2657);
#2656 = CARTESIAN_POINT('',(-79.85,-21.45,2.5));
#2657 = VECTOR('',#2658,1.);
#2658 = DIRECTION('',(0.,-1.,0.));
#2659 = ORIENTED_EDGE('',*,*,#2660,.F.);
#2660 = EDGE_CURVE('',#2661,#2651,#2663,.T.);
#2661 = VERTEX_POINT('',#2662);
#2662 = CARTESIAN_POINT('',(-72.85,-21.45,2.5));
#2663 = LINE('',#2664,#2665);
#2664 = CARTESIAN_POINT('',(-72.85,-21.45,2.5));
#2665 = VECTOR('',#2666,1.);
#2666 = DIRECTION('',(-1.,0.,0.));
#2667 = ORIENTED_EDGE('',*,*,#2668,.F.);
#2668 = EDGE_CURVE('',#2669,#2661,#2671,.T.);
#2669 = VERTEX_POINT('',#2670);
#2670 = CARTESIAN_POINT('',(-72.85,-25.25,2.5));
#2671 = LINE('',#2672,#2673);
#2672 = CARTESIAN_POINT('',(-72.85,-25.25,2.5));
#2673 = VECTOR('',#2674,1.);
#2674 = DIRECTION('',(0.,1.,0.));
#2675 = ORIENTED_EDGE('',*,*,#2676,.F.);
#2676 = EDGE_CURVE('',#2653,#2669,#2677,.T.);
#2677 = LINE('',#2678,#2679);
#2678 = CARTESIAN_POINT('',(-79.85,-25.25,2.5));
#2679 = VECTOR('',#2680,1.);
#2680 = DIRECTION('',(1.,0.,0.));
#2681 = FACE_BOUND('',#2682,.T.);
#2682 = EDGE_LOOP('',(#2683,#2693,#2701,#2709));
#2683 = ORIENTED_EDGE('',*,*,#2684,.F.);
#2684 = EDGE_CURVE('',#2685,#2687,#2689,.T.);
#2685 = VERTEX_POINT('',#2686);
#2686 = CARTESIAN_POINT('',(-38.125,-37.375,2.5));
#2687 = VERTEX_POINT('',#2688);
#2688 = CARTESIAN_POINT('',(-38.125,-27.375,2.5));
#2689 = LINE('',#2690,#2691);
#2690 = CARTESIAN_POINT('',(-38.125,-37.375,2.5));
#2691 = VECTOR('',#2692,1.);
#2692 = DIRECTION('',(0.,1.,0.));
#2693 = ORIENTED_EDGE('',*,*,#2694,.F.);
#2694 = EDGE_CURVE('',#2695,#2685,#2697,.T.);
#2695 = VERTEX_POINT('',#2696);
#2696 = CARTESIAN_POINT('',(-53.125,-37.375,2.5));
#2697 = LINE('',#2698,#2699);
#2698 = CARTESIAN_POINT('',(-53.125,-37.375,2.5));
#2699 = VECTOR('',#2700,1.);
#2700 = DIRECTION('',(1.,0.,0.));
#2701 = ORIENTED_EDGE('',*,*,#2702,.F.);
#2702 = EDGE_CURVE('',#2703,#2695,#2705,.T.);
#2703 = VERTEX_POINT('',#2704);
#2704 = CARTESIAN_POINT('',(-53.125,-27.375,2.5));
#2705 = LINE('',#2706,#2707);
#2706 = CARTESIAN_POINT('',(-53.125,-27.375,2.5));
#2707 = VECTOR('',#2708,1.);
#2708 = DIRECTION('',(0.,-1.,0.));
#2709 = ORIENTED_EDGE('',*,*,#2710,.F.);
#2710 = EDGE_CURVE('',#2687,#2703,#2711,.T.);
#2711 = LINE('',#2712,#2713);
#2712 = CARTESIAN_POINT('',(-38.125,-27.375,2.5));
#2713 = VECTOR('',#2714,1.);
#2714 = DIRECTION('',(-1.,0.,0.));
#2715 = FACE_BOUND('',#2716,.T.);
#2716 = EDGE_LOOP('',(#2717,#2727,#2735,#2743));
#2717 = ORIENTED_EDGE('',*,*,#2718,.F.);
#2718 = EDGE_CURVE('',#2719,#2721,#2723,.T.);
#2719 = VERTEX_POINT('',#2720);
#2720 = CARTESIAN_POINT('',(-57.5,-18.,2.5));
#2721 = VERTEX_POINT('',#2722);
#2722 = CARTESIAN_POINT('',(-57.5,-20.6,2.5));
#2723 = LINE('',#2724,#2725);
#2724 = CARTESIAN_POINT('',(-57.5,-18.,2.5));
#2725 = VECTOR('',#2726,1.);
#2726 = DIRECTION('',(0.,-1.,0.));
#2727 = ORIENTED_EDGE('',*,*,#2728,.F.);
#2728 = EDGE_CURVE('',#2729,#2719,#2731,.T.);
#2729 = VERTEX_POINT('',#2730);
#2730 = CARTESIAN_POINT('',(-47.5,-18.,2.5));
#2731 = LINE('',#2732,#2733);
#2732 = CARTESIAN_POINT('',(-47.5,-18.,2.5));
#2733 = VECTOR('',#2734,1.);
#2734 = DIRECTION('',(-1.,0.,0.));
#2735 = ORIENTED_EDGE('',*,*,#2736,.F.);
#2736 = EDGE_CURVE('',#2737,#2729,#2739,.T.);
#2737 = VERTEX_POINT('',#2738);
#2738 = CARTESIAN_POINT('',(-47.5,-20.6,2.5));
#2739 = LINE('',#2740,#2741);
#2740 = CARTESIAN_POINT('',(-47.5,-20.6,2.5));
#2741 = VECTOR('',#2742,1.);
#2742 = DIRECTION('',(0.,1.,0.));
#2743 = ORIENTED_EDGE('',*,*,#2744,.F.);
#2744 = EDGE_CURVE('',#2721,#2737,#2745,.T.);
#2745 = LINE('',#2746,#2747);
#2746 = CARTESIAN_POINT('',(-57.5,-20.6,2.5));
#2747 = VECTOR('',#2748,1.);
#2748 = DIRECTION('',(1.,0.,0.));
#2749 = FACE_BOUND('',#2750,.T.);
#2750 = EDGE_LOOP('',(#2751));
#2751 = ORIENTED_EDGE('',*,*,#2752,.F.);
#2752 = EDGE_CURVE('',#2753,#2753,#2755,.T.);
#2753 = VERTEX_POINT('',#2754);
#2754 = CARTESIAN_POINT('',(-90.95,-15.25,2.5));
#2755 = CIRCLE('',#2756,1.);
#2756 = AXIS2_PLACEMENT_3D('',#2757,#2758,#2759);
#2757 = CARTESIAN_POINT('',(-91.95,-15.25,2.5));
#2758 = DIRECTION('',(0.,0.,1.));
#2759 = DIRECTION('',(1.,0.,0.));
#2760 = FACE_BOUND('',#2761,.T.);
#2761 = EDGE_LOOP('',(#2762));
#2762 = ORIENTED_EDGE('',*,*,#2763,.F.);
#2763 = EDGE_CURVE('',#2764,#2764,#2766,.T.);
#2764 = VERTEX_POINT('',#2765);
#2765 = CARTESIAN_POINT('',(-97.95,-14.2,2.5));
#2766 = CIRCLE('',#2767,1.);
#2767 = AXIS2_PLACEMENT_3D('',#2768,#2769,#2770);
#2768 = CARTESIAN_POINT('',(-98.95,-14.2,2.5));
#2769 = DIRECTION('',(0.,0.,1.));
#2770 = DIRECTION('',(1.,0.,0.));
#2771 = FACE_BOUND('',#2772,.T.);
#2772 = EDGE_LOOP('',(#2773));
#2773 = ORIENTED_EDGE('',*,*,#2774,.F.);
#2774 = EDGE_CURVE('',#2775,#2775,#2777,.T.);
#2775 = VERTEX_POINT('',#2776);
#2776 = CARTESIAN_POINT('',(-71.95,-15.25,2.5));
#2777 = CIRCLE('',#2778,1.);
#2778 = AXIS2_PLACEMENT_3D('',#2779,#2780,#2781);
#2779 = CARTESIAN_POINT('',(-72.95,-15.25,2.5));
#2780 = DIRECTION('',(0.,0.,1.));
#2781 = DIRECTION('',(1.,0.,0.));
#2782 = FACE_BOUND('',#2783,.T.);
#2783 = EDGE_LOOP('',(#2784));
#2784 = ORIENTED_EDGE('',*,*,#2785,.F.);
#2785 = EDGE_CURVE('',#2786,#2786,#2788,.T.);
#2786 = VERTEX_POINT('',#2787);
#2787 = CARTESIAN_POINT('',(-78.95,-14.2,2.5));
#2788 = CIRCLE('',#2789,1.);
#2789 = AXIS2_PLACEMENT_3D('',#2790,#2791,#2792);
#2790 = CARTESIAN_POINT('',(-79.95,-14.2,2.5));
#2791 = DIRECTION('',(0.,0.,1.));
#2792 = DIRECTION('',(1.,0.,0.));
#2793 = FACE_BOUND('',#2794,.T.);
#2794 = EDGE_LOOP('',(#2795));
#2795 = ORIENTED_EDGE('',*,*,#2796,.F.);
#2796 = EDGE_CURVE('',#2797,#2797,#2799,.T.);
#2797 = VERTEX_POINT('',#2798);
#2798 = CARTESIAN_POINT('',(-91.85,-9.5,2.5));
#2799 = CIRCLE('',#2800,2.7);
#2800 = AXIS2_PLACEMENT_3D('',#2801,#2802,#2803);
#2801 = CARTESIAN_POINT('',(-94.55,-9.5,2.5));
#2802 = DIRECTION('',(0.,0.,1.));
#2803 = DIRECTION('',(1.,0.,0.));
#2804 = FACE_BOUND('',#2805,.T.);
#2805 = EDGE_LOOP('',(#2806,#2816,#2824,#2832));
#2806 = ORIENTED_EDGE('',*,*,#2807,.F.);
#2807 = EDGE_CURVE('',#2808,#2810,#2812,.T.);
#2808 = VERTEX_POINT('',#2809);
#2809 = CARTESIAN_POINT('',(-98.85,-2.45,2.5));
#2810 = VERTEX_POINT('',#2811);
#2811 = CARTESIAN_POINT('',(-98.85,-6.25,2.5));
#2812 = LINE('',#2813,#2814);
#2813 = CARTESIAN_POINT('',(-98.85,-2.45,2.5));
#2814 = VECTOR('',#2815,1.);
#2815 = DIRECTION('',(0.,-1.,0.));
#2816 = ORIENTED_EDGE('',*,*,#2817,.F.);
#2817 = EDGE_CURVE('',#2818,#2808,#2820,.T.);
#2818 = VERTEX_POINT('',#2819);
#2819 = CARTESIAN_POINT('',(-91.85,-2.45,2.5));
#2820 = LINE('',#2821,#2822);
#2821 = CARTESIAN_POINT('',(-91.85,-2.45,2.5));
#2822 = VECTOR('',#2823,1.);
#2823 = DIRECTION('',(-1.,0.,0.));
#2824 = ORIENTED_EDGE('',*,*,#2825,.F.);
#2825 = EDGE_CURVE('',#2826,#2818,#2828,.T.);
#2826 = VERTEX_POINT('',#2827);
#2827 = CARTESIAN_POINT('',(-91.85,-6.25,2.5));
#2828 = LINE('',#2829,#2830);
#2829 = CARTESIAN_POINT('',(-91.85,-6.25,2.5));
#2830 = VECTOR('',#2831,1.);
#2831 = DIRECTION('',(0.,1.,0.));
#2832 = ORIENTED_EDGE('',*,*,#2833,.F.);
#2833 = EDGE_CURVE('',#2810,#2826,#2834,.T.);
#2834 = LINE('',#2835,#2836);
#2835 = CARTESIAN_POINT('',(-98.85,-6.25,2.5));
#2836 = VECTOR('',#2837,1.);
#2837 = DIRECTION('',(1.,0.,0.));
#2838 = FACE_BOUND('',#2839,.T.);
#2839 = EDGE_LOOP('',(#2840));
#2840 = ORIENTED_EDGE('',*,*,#2841,.F.);
#2841 = EDGE_CURVE('',#2842,#2842,#2844,.T.);
#2842 = VERTEX_POINT('',#2843);
#2843 = CARTESIAN_POINT('',(-72.85,-9.5,2.5));
#2844 = CIRCLE('',#2845,2.7);
#2845 = AXIS2_PLACEMENT_3D('',#2846,#2847,#2848);
#2846 = CARTESIAN_POINT('',(-75.55,-9.5,2.5));
#2847 = DIRECTION('',(0.,0.,1.));
#2848 = DIRECTION('',(1.,0.,0.));
#2849 = FACE_BOUND('',#2850,.T.);
#2850 = EDGE_LOOP('',(#2851,#2861,#2869,#2877));
#2851 = ORIENTED_EDGE('',*,*,#2852,.F.);
#2852 = EDGE_CURVE('',#2853,#2855,#2857,.T.);
#2853 = VERTEX_POINT('',#2854);
#2854 = CARTESIAN_POINT('',(-79.85,-2.45,2.5));
#2855 = VERTEX_POINT('',#2856);
#2856 = CARTESIAN_POINT('',(-79.85,-6.25,2.5));
#2857 = LINE('',#2858,#2859);
#2858 = CARTESIAN_POINT('',(-79.85,-2.45,2.5));
#2859 = VECTOR('',#2860,1.);
#2860 = DIRECTION('',(0.,-1.,0.));
#2861 = ORIENTED_EDGE('',*,*,#2862,.F.);
#2862 = EDGE_CURVE('',#2863,#2853,#2865,.T.);
#2863 = VERTEX_POINT('',#2864);
#2864 = CARTESIAN_POINT('',(-72.85,-2.45,2.5));
#2865 = LINE('',#2866,#2867);
#2866 = CARTESIAN_POINT('',(-72.85,-2.45,2.5));
#2867 = VECTOR('',#2868,1.);
#2868 = DIRECTION('',(-1.,0.,0.));
#2869 = ORIENTED_EDGE('',*,*,#2870,.F.);
#2870 = EDGE_CURVE('',#2871,#2863,#2873,.T.);
#2871 = VERTEX_POINT('',#2872);
#2872 = CARTESIAN_POINT('',(-72.85,-6.25,2.5));
#2873 = LINE('',#2874,#2875);
#2874 = CARTESIAN_POINT('',(-72.85,-6.25,2.5));
#2875 = VECTOR('',#2876,1.);
#2876 = DIRECTION('',(0.,1.,0.));
#2877 = ORIENTED_EDGE('',*,*,#2878,.F.);
#2878 = EDGE_CURVE('',#2855,#2871,#2879,.T.);
#2879 = LINE('',#2880,#2881);
#2880 = CARTESIAN_POINT('',(-79.85,-6.25,2.5));
#2881 = VECTOR('',#2882,1.);
#2882 = DIRECTION('',(1.,0.,0.));
#2883 = FACE_BOUND('',#2884,.T.);
#2884 = EDGE_LOOP('',(#2885));
#2885 = ORIENTED_EDGE('',*,*,#2886,.F.);
#2886 = EDGE_CURVE('',#2887,#2887,#2889,.T.);
#2887 = VERTEX_POINT('',#2888);
#2888 = CARTESIAN_POINT('',(-147.95,3.75,2.5));
#2889 = CIRCLE('',#2890,1.);
#2890 = AXIS2_PLACEMENT_3D('',#2891,#2892,#2893);
#2891 = CARTESIAN_POINT('',(-148.95,3.75,2.5));
#2892 = DIRECTION('',(0.,0.,1.));
#2893 = DIRECTION('',(1.,0.,0.));
#2894 = FACE_BOUND('',#2895,.T.);
#2895 = EDGE_LOOP('',(#2896));
#2896 = ORIENTED_EDGE('',*,*,#2897,.F.);
#2897 = EDGE_CURVE('',#2898,#2898,#2900,.T.);
#2898 = VERTEX_POINT('',#2899);
#2899 = CARTESIAN_POINT('',(-154.95,4.8,2.5));
#2900 = CIRCLE('',#2901,1.);
#2901 = AXIS2_PLACEMENT_3D('',#2902,#2903,#2904);
#2902 = CARTESIAN_POINT('',(-155.95,4.8,2.5));
#2903 = DIRECTION('',(0.,0.,1.));
#2904 = DIRECTION('',(1.,0.,0.));
#2905 = FACE_BOUND('',#2906,.T.);
#2906 = EDGE_LOOP('',(#2907));
#2907 = ORIENTED_EDGE('',*,*,#2908,.F.);
#2908 = EDGE_CURVE('',#2909,#2909,#2911,.T.);
#2909 = VERTEX_POINT('',#2910);
#2910 = CARTESIAN_POINT('',(-128.95,3.75,2.5));
#2911 = CIRCLE('',#2912,1.);
#2912 = AXIS2_PLACEMENT_3D('',#2913,#2914,#2915);
#2913 = CARTESIAN_POINT('',(-129.95,3.75,2.5));
#2914 = DIRECTION('',(0.,0.,1.));
#2915 = DIRECTION('',(1.,0.,0.));
#2916 = FACE_BOUND('',#2917,.T.);
#2917 = EDGE_LOOP('',(#2918));
#2918 = ORIENTED_EDGE('',*,*,#2919,.F.);
#2919 = EDGE_CURVE('',#2920,#2920,#2922,.T.);
#2920 = VERTEX_POINT('',#2921);
#2921 = CARTESIAN_POINT('',(-135.95,4.8,2.5));
#2922 = CIRCLE('',#2923,1.);
#2923 = AXIS2_PLACEMENT_3D('',#2924,#2925,#2926);
#2924 = CARTESIAN_POINT('',(-136.95,4.8,2.5));
#2925 = DIRECTION('',(0.,0.,1.));
#2926 = DIRECTION('',(1.,0.,0.));
#2927 = FACE_BOUND('',#2928,.T.);
#2928 = EDGE_LOOP('',(#2929));
#2929 = ORIENTED_EDGE('',*,*,#2930,.F.);
#2930 = EDGE_CURVE('',#2931,#2931,#2933,.T.);
#2931 = VERTEX_POINT('',#2932);
#2932 = CARTESIAN_POINT('',(-148.85,9.5,2.5));
#2933 = CIRCLE('',#2934,2.7);
#2934 = AXIS2_PLACEMENT_3D('',#2935,#2936,#2937);
#2935 = CARTESIAN_POINT('',(-151.55,9.5,2.5));
#2936 = DIRECTION('',(0.,0.,1.));
#2937 = DIRECTION('',(1.,0.,0.));
#2938 = FACE_BOUND('',#2939,.T.);
#2939 = EDGE_LOOP('',(#2940,#2950,#2958,#2966));
#2940 = ORIENTED_EDGE('',*,*,#2941,.F.);
#2941 = EDGE_CURVE('',#2942,#2944,#2946,.T.);
#2942 = VERTEX_POINT('',#2943);
#2943 = CARTESIAN_POINT('',(-155.85,16.55,2.5));
#2944 = VERTEX_POINT('',#2945);
#2945 = CARTESIAN_POINT('',(-155.85,12.75,2.5));
#2946 = LINE('',#2947,#2948);
#2947 = CARTESIAN_POINT('',(-155.85,16.55,2.5));
#2948 = VECTOR('',#2949,1.);
#2949 = DIRECTION('',(0.,-1.,0.));
#2950 = ORIENTED_EDGE('',*,*,#2951,.F.);
#2951 = EDGE_CURVE('',#2952,#2942,#2954,.T.);
#2952 = VERTEX_POINT('',#2953);
#2953 = CARTESIAN_POINT('',(-148.85,16.55,2.5));
#2954 = LINE('',#2955,#2956);
#2955 = CARTESIAN_POINT('',(-148.85,16.55,2.5));
#2956 = VECTOR('',#2957,1.);
#2957 = DIRECTION('',(-1.,0.,0.));
#2958 = ORIENTED_EDGE('',*,*,#2959,.F.);
#2959 = EDGE_CURVE('',#2960,#2952,#2962,.T.);
#2960 = VERTEX_POINT('',#2961);
#2961 = CARTESIAN_POINT('',(-148.85,12.75,2.5));
#2962 = LINE('',#2963,#2964);
#2963 = CARTESIAN_POINT('',(-148.85,12.75,2.5));
#2964 = VECTOR('',#2965,1.);
#2965 = DIRECTION('',(0.,1.,0.));
#2966 = ORIENTED_EDGE('',*,*,#2967,.F.);
#2967 = EDGE_CURVE('',#2944,#2960,#2968,.T.);
#2968 = LINE('',#2969,#2970);
#2969 = CARTESIAN_POINT('',(-155.85,12.75,2.5));
#2970 = VECTOR('',#2971,1.);
#2971 = DIRECTION('',(1.,0.,0.));
#2972 = FACE_BOUND('',#2973,.T.);
#2973 = EDGE_LOOP('',(#2974));
#2974 = ORIENTED_EDGE('',*,*,#2975,.F.);
#2975 = EDGE_CURVE('',#2976,#2976,#2978,.T.);
#2976 = VERTEX_POINT('',#2977);
#2977 = CARTESIAN_POINT('',(-129.85,9.5,2.5));
#2978 = CIRCLE('',#2979,2.7);
#2979 = AXIS2_PLACEMENT_3D('',#2980,#2981,#2982);
#2980 = CARTESIAN_POINT('',(-132.55,9.5,2.5));
#2981 = DIRECTION('',(0.,0.,1.));
#2982 = DIRECTION('',(1.,0.,0.));
#2983 = FACE_BOUND('',#2984,.T.);
#2984 = EDGE_LOOP('',(#2985,#2995,#3003,#3011));
#2985 = ORIENTED_EDGE('',*,*,#2986,.F.);
#2986 = EDGE_CURVE('',#2987,#2989,#2991,.T.);
#2987 = VERTEX_POINT('',#2988);
#2988 = CARTESIAN_POINT('',(-136.85,16.55,2.5));
#2989 = VERTEX_POINT('',#2990);
#2990 = CARTESIAN_POINT('',(-136.85,12.75,2.5));
#2991 = LINE('',#2992,#2993);
#2992 = CARTESIAN_POINT('',(-136.85,16.55,2.5));
#2993 = VECTOR('',#2994,1.);
#2994 = DIRECTION('',(0.,-1.,0.));
#2995 = ORIENTED_EDGE('',*,*,#2996,.F.);
#2996 = EDGE_CURVE('',#2997,#2987,#2999,.T.);
#2997 = VERTEX_POINT('',#2998);
#2998 = CARTESIAN_POINT('',(-129.85,16.55,2.5));
#2999 = LINE('',#3000,#3001);
#3000 = CARTESIAN_POINT('',(-129.85,16.55,2.5));
#3001 = VECTOR('',#3002,1.);
#3002 = DIRECTION('',(-1.,0.,0.));
#3003 = ORIENTED_EDGE('',*,*,#3004,.F.);
#3004 = EDGE_CURVE('',#3005,#2997,#3007,.T.);
#3005 = VERTEX_POINT('',#3006);
#3006 = CARTESIAN_POINT('',(-129.85,12.75,2.5));
#3007 = LINE('',#3008,#3009);
#3008 = CARTESIAN_POINT('',(-129.85,12.75,2.5));
#3009 = VECTOR('',#3010,1.);
#3010 = DIRECTION('',(0.,1.,0.));
#3011 = ORIENTED_EDGE('',*,*,#3012,.F.);
#3012 = EDGE_CURVE('',#2989,#3005,#3013,.T.);
#3013 = LINE('',#3014,#3015);
#3014 = CARTESIAN_POINT('',(-136.85,12.75,2.5));
#3015 = VECTOR('',#3016,1.);
#3016 = DIRECTION('',(1.,0.,0.));
#3017 = FACE_BOUND('',#3018,.T.);
#3018 = EDGE_LOOP('',(#3019));
#3019 = ORIENTED_EDGE('',*,*,#3020,.F.);
#3020 = EDGE_CURVE('',#3021,#3021,#3023,.T.);
#3021 = VERTEX_POINT('',#3022);
#3022 = CARTESIAN_POINT('',(-116.95,4.8,2.5));
#3023 = CIRCLE('',#3024,1.);
#3024 = AXIS2_PLACEMENT_3D('',#3025,#3026,#3027);
#3025 = CARTESIAN_POINT('',(-117.95,4.8,2.5));
#3026 = DIRECTION('',(0.,0.,1.));
#3027 = DIRECTION('',(1.,0.,0.));
#3028 = FACE_BOUND('',#3029,.T.);
#3029 = EDGE_LOOP('',(#3030));
#3030 = ORIENTED_EDGE('',*,*,#3031,.F.);
#3031 = EDGE_CURVE('',#3032,#3032,#3034,.T.);
#3032 = VERTEX_POINT('',#3033);
#3033 = CARTESIAN_POINT('',(-109.95,3.75,2.5));
#3034 = CIRCLE('',#3035,1.);
#3035 = AXIS2_PLACEMENT_3D('',#3036,#3037,#3038);
#3036 = CARTESIAN_POINT('',(-110.95,3.75,2.5));
#3037 = DIRECTION('',(0.,0.,1.));
#3038 = DIRECTION('',(1.,0.,0.));
#3039 = FACE_BOUND('',#3040,.T.);
#3040 = EDGE_LOOP('',(#3041));
#3041 = ORIENTED_EDGE('',*,*,#3042,.F.);
#3042 = EDGE_CURVE('',#3043,#3043,#3045,.T.);
#3043 = VERTEX_POINT('',#3044);
#3044 = CARTESIAN_POINT('',(-103.,0.,2.5));
#3045 = CIRCLE('',#3046,1.05);
#3046 = AXIS2_PLACEMENT_3D('',#3047,#3048,#3049);
#3047 = CARTESIAN_POINT('',(-104.05,0.,2.5));
#3048 = DIRECTION('',(0.,0.,1.));
#3049 = DIRECTION('',(1.,0.,0.));
#3050 = FACE_BOUND('',#3051,.T.);
#3051 = EDGE_LOOP('',(#3052,#3062,#3070,#3078));
#3052 = ORIENTED_EDGE('',*,*,#3053,.F.);
#3053 = EDGE_CURVE('',#3054,#3056,#3058,.T.);
#3054 = VERTEX_POINT('',#3055);
#3055 = CARTESIAN_POINT('',(-117.85,16.55,2.5));
#3056 = VERTEX_POINT('',#3057);
#3057 = CARTESIAN_POINT('',(-117.85,12.75,2.5));
#3058 = LINE('',#3059,#3060);
#3059 = CARTESIAN_POINT('',(-117.85,16.55,2.5));
#3060 = VECTOR('',#3061,1.);
#3061 = DIRECTION('',(0.,-1.,0.));
#3062 = ORIENTED_EDGE('',*,*,#3063,.F.);
#3063 = EDGE_CURVE('',#3064,#3054,#3066,.T.);
#3064 = VERTEX_POINT('',#3065);
#3065 = CARTESIAN_POINT('',(-110.85,16.55,2.5));
#3066 = LINE('',#3067,#3068);
#3067 = CARTESIAN_POINT('',(-110.85,16.55,2.5));
#3068 = VECTOR('',#3069,1.);
#3069 = DIRECTION('',(-1.,0.,0.));
#3070 = ORIENTED_EDGE('',*,*,#3071,.F.);
#3071 = EDGE_CURVE('',#3072,#3064,#3074,.T.);
#3072 = VERTEX_POINT('',#3073);
#3073 = CARTESIAN_POINT('',(-110.85,12.75,2.5));
#3074 = LINE('',#3075,#3076);
#3075 = CARTESIAN_POINT('',(-110.85,12.75,2.5));
#3076 = VECTOR('',#3077,1.);
#3077 = DIRECTION('',(0.,1.,0.));
#3078 = ORIENTED_EDGE('',*,*,#3079,.F.);
#3079 = EDGE_CURVE('',#3056,#3072,#3080,.T.);
#3080 = LINE('',#3081,#3082);
#3081 = CARTESIAN_POINT('',(-117.85,12.75,2.5));
#3082 = VECTOR('',#3083,1.);
#3083 = DIRECTION('',(1.,0.,0.));
#3084 = FACE_BOUND('',#3085,.T.);
#3085 = EDGE_LOOP('',(#3086));
#3086 = ORIENTED_EDGE('',*,*,#3087,.F.);
#3087 = EDGE_CURVE('',#3088,#3088,#3090,.T.);
#3088 = VERTEX_POINT('',#3089);
#3089 = CARTESIAN_POINT('',(-110.85,9.5,2.5));
#3090 = CIRCLE('',#3091,2.7);
#3091 = AXIS2_PLACEMENT_3D('',#3092,#3093,#3094);
#3092 = CARTESIAN_POINT('',(-113.55,9.5,2.5));
#3093 = DIRECTION('',(0.,0.,1.));
#3094 = DIRECTION('',(1.,0.,0.));
#3095 = FACE_BOUND('',#3096,.T.);
#3096 = EDGE_LOOP('',(#3097));
#3097 = ORIENTED_EDGE('',*,*,#3098,.F.);
#3098 = EDGE_CURVE('',#3099,#3099,#3101,.T.);
#3099 = VERTEX_POINT('',#3100);
#3100 = CARTESIAN_POINT('',(-154.95,23.8,2.5));
#3101 = CIRCLE('',#3102,1.);
#3102 = AXIS2_PLACEMENT_3D('',#3103,#3104,#3105);
#3103 = CARTESIAN_POINT('',(-155.95,23.8,2.5));
#3104 = DIRECTION('',(0.,0.,1.));
#3105 = DIRECTION('',(1.,0.,0.));
#3106 = FACE_BOUND('',#3107,.T.);
#3107 = EDGE_LOOP('',(#3108));
#3108 = ORIENTED_EDGE('',*,*,#3109,.F.);
#3109 = EDGE_CURVE('',#3110,#3110,#3112,.T.);
#3110 = VERTEX_POINT('',#3111);
#3111 = CARTESIAN_POINT('',(-147.95,22.75,2.5));
#3112 = CIRCLE('',#3113,1.);
#3113 = AXIS2_PLACEMENT_3D('',#3114,#3115,#3116);
#3114 = CARTESIAN_POINT('',(-148.95,22.75,2.5));
#3115 = DIRECTION('',(0.,0.,1.));
#3116 = DIRECTION('',(1.,0.,0.));
#3117 = FACE_BOUND('',#3118,.T.);
#3118 = EDGE_LOOP('',(#3119));
#3119 = ORIENTED_EDGE('',*,*,#3120,.F.);
#3120 = EDGE_CURVE('',#3121,#3121,#3123,.T.);
#3121 = VERTEX_POINT('',#3122);
#3122 = CARTESIAN_POINT('',(-135.95,23.8,2.5));
#3123 = CIRCLE('',#3124,1.);
#3124 = AXIS2_PLACEMENT_3D('',#3125,#3126,#3127);
#3125 = CARTESIAN_POINT('',(-136.95,23.8,2.5));
#3126 = DIRECTION('',(0.,0.,1.));
#3127 = DIRECTION('',(1.,0.,0.));
#3128 = FACE_BOUND('',#3129,.T.);
#3129 = EDGE_LOOP('',(#3130));
#3130 = ORIENTED_EDGE('',*,*,#3131,.F.);
#3131 = EDGE_CURVE('',#3132,#3132,#3134,.T.);
#3132 = VERTEX_POINT('',#3133);
#3133 = CARTESIAN_POINT('',(-128.95,22.75,2.5));
#3134 = CIRCLE('',#3135,1.);
#3135 = AXIS2_PLACEMENT_3D('',#3136,#3137,#3138);
#3136 = CARTESIAN_POINT('',(-129.95,22.75,2.5));
#3137 = DIRECTION('',(0.,0.,1.));
#3138 = DIRECTION('',(1.,0.,0.));
#3139 = FACE_BOUND('',#3140,.T.);
#3140 = EDGE_LOOP('',(#3141));
#3141 = ORIENTED_EDGE('',*,*,#3142,.F.);
#3142 = EDGE_CURVE('',#3143,#3143,#3145,.T.);
#3143 = VERTEX_POINT('',#3144);
#3144 = CARTESIAN_POINT('',(-148.85,28.5,2.5));
#3145 = CIRCLE('',#3146,2.7);
#3146 = AXIS2_PLACEMENT_3D('',#3147,#3148,#3149);
#3147 = CARTESIAN_POINT('',(-151.55,28.5,2.5));
#3148 = DIRECTION('',(0.,0.,1.));
#3149 = DIRECTION('',(1.,0.,0.));
#3150 = FACE_BOUND('',#3151,.T.);
#3151 = EDGE_LOOP('',(#3152,#3162,#3170,#3178));
#3152 = ORIENTED_EDGE('',*,*,#3153,.F.);
#3153 = EDGE_CURVE('',#3154,#3156,#3158,.T.);
#3154 = VERTEX_POINT('',#3155);
#3155 = CARTESIAN_POINT('',(-155.85,35.55,2.5));
#3156 = VERTEX_POINT('',#3157);
#3157 = CARTESIAN_POINT('',(-155.85,31.75,2.5));
#3158 = LINE('',#3159,#3160);
#3159 = CARTESIAN_POINT('',(-155.85,35.55,2.5));
#3160 = VECTOR('',#3161,1.);
#3161 = DIRECTION('',(0.,-1.,0.));
#3162 = ORIENTED_EDGE('',*,*,#3163,.F.);
#3163 = EDGE_CURVE('',#3164,#3154,#3166,.T.);
#3164 = VERTEX_POINT('',#3165);
#3165 = CARTESIAN_POINT('',(-148.85,35.55,2.5));
#3166 = LINE('',#3167,#3168);
#3167 = CARTESIAN_POINT('',(-148.85,35.55,2.5));
#3168 = VECTOR('',#3169,1.);
#3169 = DIRECTION('',(-1.,0.,0.));
#3170 = ORIENTED_EDGE('',*,*,#3171,.F.);
#3171 = EDGE_CURVE('',#3172,#3164,#3174,.T.);
#3172 = VERTEX_POINT('',#3173);
#3173 = CARTESIAN_POINT('',(-148.85,31.75,2.5));
#3174 = LINE('',#3175,#3176);
#3175 = CARTESIAN_POINT('',(-148.85,31.75,2.5));
#3176 = VECTOR('',#3177,1.);
#3177 = DIRECTION('',(0.,1.,0.));
#3178 = ORIENTED_EDGE('',*,*,#3179,.F.);
#3179 = EDGE_CURVE('',#3156,#3172,#3180,.T.);
#3180 = LINE('',#3181,#3182);
#3181 = CARTESIAN_POINT('',(-155.85,31.75,2.5));
#3182 = VECTOR('',#3183,1.);
#3183 = DIRECTION('',(1.,0.,0.));
#3184 = FACE_BOUND('',#3185,.T.);
#3185 = EDGE_LOOP('',(#3186));
#3186 = ORIENTED_EDGE('',*,*,#3187,.F.);
#3187 = EDGE_CURVE('',#3188,#3188,#3190,.T.);
#3188 = VERTEX_POINT('',#3189);
#3189 = CARTESIAN_POINT('',(-129.85,28.5,2.5));
#3190 = CIRCLE('',#3191,2.7);
#3191 = AXIS2_PLACEMENT_3D('',#3192,#3193,#3194);
#3192 = CARTESIAN_POINT('',(-132.55,28.5,2.5));
#3193 = DIRECTION('',(0.,0.,1.));
#3194 = DIRECTION('',(1.,0.,0.));
#3195 = FACE_BOUND('',#3196,.T.);
#3196 = EDGE_LOOP('',(#3197,#3207,#3215,#3223));
#3197 = ORIENTED_EDGE('',*,*,#3198,.F.);
#3198 = EDGE_CURVE('',#3199,#3201,#3203,.T.);
#3199 = VERTEX_POINT('',#3200);
#3200 = CARTESIAN_POINT('',(-136.85,35.55,2.5));
#3201 = VERTEX_POINT('',#3202);
#3202 = CARTESIAN_POINT('',(-136.85,31.75,2.5));
#3203 = LINE('',#3204,#3205);
#3204 = CARTESIAN_POINT('',(-136.85,35.55,2.5));
#3205 = VECTOR('',#3206,1.);
#3206 = DIRECTION('',(0.,-1.,0.));
#3207 = ORIENTED_EDGE('',*,*,#3208,.F.);
#3208 = EDGE_CURVE('',#3209,#3199,#3211,.T.);
#3209 = VERTEX_POINT('',#3210);
#3210 = CARTESIAN_POINT('',(-129.85,35.55,2.5));
#3211 = LINE('',#3212,#3213);
#3212 = CARTESIAN_POINT('',(-129.85,35.55,2.5));
#3213 = VECTOR('',#3214,1.);
#3214 = DIRECTION('',(-1.,0.,0.));
#3215 = ORIENTED_EDGE('',*,*,#3216,.F.);
#3216 = EDGE_CURVE('',#3217,#3209,#3219,.T.);
#3217 = VERTEX_POINT('',#3218);
#3218 = CARTESIAN_POINT('',(-129.85,31.75,2.5));
#3219 = LINE('',#3220,#3221);
#3220 = CARTESIAN_POINT('',(-129.85,31.75,2.5));
#3221 = VECTOR('',#3222,1.);
#3222 = DIRECTION('',(0.,1.,0.));
#3223 = ORIENTED_EDGE('',*,*,#3224,.F.);
#3224 = EDGE_CURVE('',#3201,#3217,#3225,.T.);
#3225 = LINE('',#3226,#3227);
#3226 = CARTESIAN_POINT('',(-136.85,31.75,2.5));
#3227 = VECTOR('',#3228,1.);
#3228 = DIRECTION('',(1.,0.,0.));
#3229 = FACE_BOUND('',#3230,.T.);
#3230 = EDGE_LOOP('',(#3231));
#3231 = ORIENTED_EDGE('',*,*,#3232,.F.);
#3232 = EDGE_CURVE('',#3233,#3233,#3235,.T.);
#3233 = VERTEX_POINT('',#3234);
#3234 = CARTESIAN_POINT('',(-116.95,23.8,2.5));
#3235 = CIRCLE('',#3236,1.);
#3236 = AXIS2_PLACEMENT_3D('',#3237,#3238,#3239);
#3237 = CARTESIAN_POINT('',(-117.95,23.8,2.5));
#3238 = DIRECTION('',(0.,0.,1.));
#3239 = DIRECTION('',(1.,0.,0.));
#3240 = FACE_BOUND('',#3241,.T.);
#3241 = EDGE_LOOP('',(#3242));
#3242 = ORIENTED_EDGE('',*,*,#3243,.F.);
#3243 = EDGE_CURVE('',#3244,#3244,#3246,.T.);
#3244 = VERTEX_POINT('',#3245);
#3245 = CARTESIAN_POINT('',(-109.95,22.75,2.5));
#3246 = CIRCLE('',#3247,1.);
#3247 = AXIS2_PLACEMENT_3D('',#3248,#3249,#3250);
#3248 = CARTESIAN_POINT('',(-110.95,22.75,2.5));
#3249 = DIRECTION('',(0.,0.,1.));
#3250 = DIRECTION('',(1.,0.,0.));
#3251 = FACE_BOUND('',#3252,.T.);
#3252 = EDGE_LOOP('',(#3253,#3263,#3271,#3279));
#3253 = ORIENTED_EDGE('',*,*,#3254,.F.);
#3254 = EDGE_CURVE('',#3255,#3257,#3259,.T.);
#3255 = VERTEX_POINT('',#3256);
#3256 = CARTESIAN_POINT('',(-117.85,35.55,2.5));
#3257 = VERTEX_POINT('',#3258);
#3258 = CARTESIAN_POINT('',(-117.85,31.75,2.5));
#3259 = LINE('',#3260,#3261);
#3260 = CARTESIAN_POINT('',(-117.85,35.55,2.5));
#3261 = VECTOR('',#3262,1.);
#3262 = DIRECTION('',(0.,-1.,0.));
#3263 = ORIENTED_EDGE('',*,*,#3264,.F.);
#3264 = EDGE_CURVE('',#3265,#3255,#3267,.T.);
#3265 = VERTEX_POINT('',#3266);
#3266 = CARTESIAN_POINT('',(-110.85,35.55,2.5));
#3267 = LINE('',#3268,#3269);
#3268 = CARTESIAN_POINT('',(-110.85,35.55,2.5));
#3269 = VECTOR('',#3270,1.);
#3270 = DIRECTION('',(-1.,0.,0.));
#3271 = ORIENTED_EDGE('',*,*,#3272,.F.);
#3272 = EDGE_CURVE('',#3273,#3265,#3275,.T.);
#3273 = VERTEX_POINT('',#3274);
#3274 = CARTESIAN_POINT('',(-110.85,31.75,2.5));
#3275 = LINE('',#3276,#3277);
#3276 = CARTESIAN_POINT('',(-110.85,31.75,2.5));
#3277 = VECTOR('',#3278,1.);
#3278 = DIRECTION('',(0.,1.,0.));
#3279 = ORIENTED_EDGE('',*,*,#3280,.F.);
#3280 = EDGE_CURVE('',#3257,#3273,#3281,.T.);
#3281 = LINE('',#3282,#3283);
#3282 = CARTESIAN_POINT('',(-117.85,31.75,2.5));
#3283 = VECTOR('',#3284,1.);
#3284 = DIRECTION('',(1.,0.,0.));
#3285 = FACE_BOUND('',#3286,.T.);
#3286 = EDGE_LOOP('',(#3287));
#3287 = ORIENTED_EDGE('',*,*,#3288,.F.);
#3288 = EDGE_CURVE('',#3289,#3289,#3291,.T.);
#3289 = VERTEX_POINT('',#3290);
#3290 = CARTESIAN_POINT('',(-110.85,28.5,2.5));
#3291 = CIRCLE('',#3292,2.7);
#3292 = AXIS2_PLACEMENT_3D('',#3293,#3294,#3295);
#3293 = CARTESIAN_POINT('',(-113.55,28.5,2.5));
#3294 = DIRECTION('',(0.,0.,1.));
#3295 = DIRECTION('',(1.,0.,0.));
#3296 = FACE_BOUND('',#3297,.T.);
#3297 = EDGE_LOOP('',(#3298));
#3298 = ORIENTED_EDGE('',*,*,#3299,.F.);
#3299 = EDGE_CURVE('',#3300,#3300,#3302,.T.);
#3300 = VERTEX_POINT('',#3301);
#3301 = CARTESIAN_POINT('',(-90.95,3.75,2.5));
#3302 = CIRCLE('',#3303,1.);
#3303 = AXIS2_PLACEMENT_3D('',#3304,#3305,#3306);
#3304 = CARTESIAN_POINT('',(-91.95,3.75,2.5));
#3305 = DIRECTION('',(0.,0.,1.));
#3306 = DIRECTION('',(1.,0.,0.));
#3307 = FACE_BOUND('',#3308,.T.);
#3308 = EDGE_LOOP('',(#3309));
#3309 = ORIENTED_EDGE('',*,*,#3310,.F.);
#3310 = EDGE_CURVE('',#3311,#3311,#3313,.T.);
#3311 = VERTEX_POINT('',#3312);
#3312 = CARTESIAN_POINT('',(-97.95,4.8,2.5));
#3313 = CIRCLE('',#3314,1.);
#3314 = AXIS2_PLACEMENT_3D('',#3315,#3316,#3317);
#3315 = CARTESIAN_POINT('',(-98.95,4.8,2.5));
#3316 = DIRECTION('',(0.,0.,1.));
#3317 = DIRECTION('',(1.,0.,0.));
#3318 = FACE_BOUND('',#3319,.T.);
#3319 = EDGE_LOOP('',(#3320));
#3320 = ORIENTED_EDGE('',*,*,#3321,.F.);
#3321 = EDGE_CURVE('',#3322,#3322,#3324,.T.);
#3322 = VERTEX_POINT('',#3323);
#3323 = CARTESIAN_POINT('',(-71.95,3.75,2.5));
#3324 = CIRCLE('',#3325,1.);
#3325 = AXIS2_PLACEMENT_3D('',#3326,#3327,#3328);
#3326 = CARTESIAN_POINT('',(-72.95,3.75,2.5));
#3327 = DIRECTION('',(0.,0.,1.));
#3328 = DIRECTION('',(1.,0.,0.));
#3329 = FACE_BOUND('',#3330,.T.);
#3330 = EDGE_LOOP('',(#3331));
#3331 = ORIENTED_EDGE('',*,*,#3332,.F.);
#3332 = EDGE_CURVE('',#3333,#3333,#3335,.T.);
#3333 = VERTEX_POINT('',#3334);
#3334 = CARTESIAN_POINT('',(-78.95,4.8,2.5));
#3335 = CIRCLE('',#3336,1.);
#3336 = AXIS2_PLACEMENT_3D('',#3337,#3338,#3339);
#3337 = CARTESIAN_POINT('',(-79.95,4.8,2.5));
#3338 = DIRECTION('',(0.,0.,1.));
#3339 = DIRECTION('',(1.,0.,0.));
#3340 = FACE_BOUND('',#3341,.T.);
#3341 = EDGE_LOOP('',(#3342));
#3342 = ORIENTED_EDGE('',*,*,#3343,.F.);
#3343 = EDGE_CURVE('',#3344,#3344,#3346,.T.);
#3344 = VERTEX_POINT('',#3345);
#3345 = CARTESIAN_POINT('',(-91.85,9.5,2.5));
#3346 = CIRCLE('',#3347,2.7);
#3347 = AXIS2_PLACEMENT_3D('',#3348,#3349,#3350);
#3348 = CARTESIAN_POINT('',(-94.55,9.5,2.5));
#3349 = DIRECTION('',(0.,0.,1.));
#3350 = DIRECTION('',(1.,0.,0.));
#3351 = FACE_BOUND('',#3352,.T.);
#3352 = EDGE_LOOP('',(#3353,#3363,#3371,#3379));
#3353 = ORIENTED_EDGE('',*,*,#3354,.F.);
#3354 = EDGE_CURVE('',#3355,#3357,#3359,.T.);
#3355 = VERTEX_POINT('',#3356);
#3356 = CARTESIAN_POINT('',(-98.85,16.55,2.5));
#3357 = VERTEX_POINT('',#3358);
#3358 = CARTESIAN_POINT('',(-98.85,12.75,2.5));
#3359 = LINE('',#3360,#3361);
#3360 = CARTESIAN_POINT('',(-98.85,16.55,2.5));
#3361 = VECTOR('',#3362,1.);
#3362 = DIRECTION('',(0.,-1.,0.));
#3363 = ORIENTED_EDGE('',*,*,#3364,.F.);
#3364 = EDGE_CURVE('',#3365,#3355,#3367,.T.);
#3365 = VERTEX_POINT('',#3366);
#3366 = CARTESIAN_POINT('',(-91.85,16.55,2.5));
#3367 = LINE('',#3368,#3369);
#3368 = CARTESIAN_POINT('',(-91.85,16.55,2.5));
#3369 = VECTOR('',#3370,1.);
#3370 = DIRECTION('',(-1.,0.,0.));
#3371 = ORIENTED_EDGE('',*,*,#3372,.F.);
#3372 = EDGE_CURVE('',#3373,#3365,#3375,.T.);
#3373 = VERTEX_POINT('',#3374);
#3374 = CARTESIAN_POINT('',(-91.85,12.75,2.5));
#3375 = LINE('',#3376,#3377);
#3376 = CARTESIAN_POINT('',(-91.85,12.75,2.5));
#3377 = VECTOR('',#3378,1.);
#3378 = DIRECTION('',(0.,1.,0.));
#3379 = ORIENTED_EDGE('',*,*,#3380,.F.);
#3380 = EDGE_CURVE('',#3357,#3373,#3381,.T.);
#3381 = LINE('',#3382,#3383);
#3382 = CARTESIAN_POINT('',(-98.85,12.75,2.5));
#3383 = VECTOR('',#3384,1.);
#3384 = DIRECTION('',(1.,0.,0.));
#3385 = FACE_BOUND('',#3386,.T.);
#3386 = EDGE_LOOP('',(#3387));
#3387 = ORIENTED_EDGE('',*,*,#3388,.F.);
#3388 = EDGE_CURVE('',#3389,#3389,#3391,.T.);
#3389 = VERTEX_POINT('',#3390);
#3390 = CARTESIAN_POINT('',(-72.85,9.5,2.5));
#3391 = CIRCLE('',#3392,2.7);
#3392 = AXIS2_PLACEMENT_3D('',#3393,#3394,#3395);
#3393 = CARTESIAN_POINT('',(-75.55,9.5,2.5));
#3394 = DIRECTION('',(0.,0.,1.));
#3395 = DIRECTION('',(1.,0.,0.));
#3396 = FACE_BOUND('',#3397,.T.);
#3397 = EDGE_LOOP('',(#3398,#3408,#3416,#3424));
#3398 = ORIENTED_EDGE('',*,*,#3399,.F.);
#3399 = EDGE_CURVE('',#3400,#3402,#3404,.T.);
#3400 = VERTEX_POINT('',#3401);
#3401 = CARTESIAN_POINT('',(-79.85,16.55,2.5));
#3402 = VERTEX_POINT('',#3403);
#3403 = CARTESIAN_POINT('',(-79.85,12.75,2.5));
#3404 = LINE('',#3405,#3406);
#3405 = CARTESIAN_POINT('',(-79.85,16.55,2.5));
#3406 = VECTOR('',#3407,1.);
#3407 = DIRECTION('',(0.,-1.,0.));
#3408 = ORIENTED_EDGE('',*,*,#3409,.F.);
#3409 = EDGE_CURVE('',#3410,#3400,#3412,.T.);
#3410 = VERTEX_POINT('',#3411);
#3411 = CARTESIAN_POINT('',(-72.85,16.55,2.5));
#3412 = LINE('',#3413,#3414);
#3413 = CARTESIAN_POINT('',(-72.85,16.55,2.5));
#3414 = VECTOR('',#3415,1.);
#3415 = DIRECTION('',(-1.,0.,0.));
#3416 = ORIENTED_EDGE('',*,*,#3417,.F.);
#3417 = EDGE_CURVE('',#3418,#3410,#3420,.T.);
#3418 = VERTEX_POINT('',#3419);
#3419 = CARTESIAN_POINT('',(-72.85,12.75,2.5));
#3420 = LINE('',#3421,#3422);
#3421 = CARTESIAN_POINT('',(-72.85,12.75,2.5));
#3422 = VECTOR('',#3423,1.);
#3423 = DIRECTION('',(0.,1.,0.));
#3424 = ORIENTED_EDGE('',*,*,#3425,.F.);
#3425 = EDGE_CURVE('',#3402,#3418,#3426,.T.);
#3426 = LINE('',#3427,#3428);
#3427 = CARTESIAN_POINT('',(-79.85,12.75,2.5));
#3428 = VECTOR('',#3429,1.);
#3429 = DIRECTION('',(1.,0.,0.));
#3430 = FACE_BOUND('',#3431,.T.);
#3431 = EDGE_LOOP('',(#3432,#3442,#3450,#3458));
#3432 = ORIENTED_EDGE('',*,*,#3433,.F.);
#3433 = EDGE_CURVE('',#3434,#3436,#3438,.T.);
#3434 = VERTEX_POINT('',#3435);
#3435 = CARTESIAN_POINT('',(-62.75,36.,2.5));
#3436 = VERTEX_POINT('',#3437);
#3437 = CARTESIAN_POINT('',(-62.75,-15.,2.5));
#3438 = LINE('',#3439,#3440);
#3439 = CARTESIAN_POINT('',(-62.75,36.,2.5));
#3440 = VECTOR('',#3441,1.);
#3441 = DIRECTION('',(0.,-1.,0.));
#3442 = ORIENTED_EDGE('',*,*,#3443,.F.);
#3443 = EDGE_CURVE('',#3444,#3434,#3446,.T.);
#3444 = VERTEX_POINT('',#3445);
#3445 = CARTESIAN_POINT('',(-60.15,36.,2.5));
#3446 = LINE('',#3447,#3448);
#3447 = CARTESIAN_POINT('',(-60.15,36.,2.5));
#3448 = VECTOR('',#3449,1.);
#3449 = DIRECTION('',(-1.,0.,0.));
#3450 = ORIENTED_EDGE('',*,*,#3451,.F.);
#3451 = EDGE_CURVE('',#3452,#3444,#3454,.T.);
#3452 = VERTEX_POINT('',#3453);
#3453 = CARTESIAN_POINT('',(-60.15,-15.,2.5));
#3454 = LINE('',#3455,#3456);
#3455 = CARTESIAN_POINT('',(-60.15,-15.,2.5));
#3456 = VECTOR('',#3457,1.);
#3457 = DIRECTION('',(0.,1.,0.));
#3458 = ORIENTED_EDGE('',*,*,#3459,.F.);
#3459 = EDGE_CURVE('',#3436,#3452,#3460,.T.);
#3460 = LINE('',#3461,#3462);
#3461 = CARTESIAN_POINT('',(-62.75,-15.,2.5));
#3462 = VECTOR('',#3463,1.);
#3463 = DIRECTION('',(1.,0.,0.));
#3464 = FACE_BOUND('',#3465,.T.);
#3465 = EDGE_LOOP('',(#3466,#3476,#3484,#3492));
#3466 = ORIENTED_EDGE('',*,*,#3467,.F.);
#3467 = EDGE_CURVE('',#3468,#3470,#3472,.T.);
#3468 = VERTEX_POINT('',#3469);
#3469 = CARTESIAN_POINT('',(-44.9,36.,2.5));
#3470 = VERTEX_POINT('',#3471);
#3471 = CARTESIAN_POINT('',(-44.9,-15.,2.5));
#3472 = LINE('',#3473,#3474);
#3473 = CARTESIAN_POINT('',(-44.9,36.,2.5));
#3474 = VECTOR('',#3475,1.);
#3475 = DIRECTION('',(0.,-1.,0.));
#3476 = ORIENTED_EDGE('',*,*,#3477,.F.);
#3477 = EDGE_CURVE('',#3478,#3468,#3480,.T.);
#3478 = VERTEX_POINT('',#3479);
#3479 = CARTESIAN_POINT('',(-42.3,36.,2.5));
#3480 = LINE('',#3481,#3482);
#3481 = CARTESIAN_POINT('',(-42.3,36.,2.5));
#3482 = VECTOR('',#3483,1.);
#3483 = DIRECTION('',(-1.,0.,0.));
#3484 = ORIENTED_EDGE('',*,*,#3485,.F.);
#3485 = EDGE_CURVE('',#3486,#3478,#3488,.T.);
#3486 = VERTEX_POINT('',#3487);
#3487 = CARTESIAN_POINT('',(-42.3,-15.,2.5));
#3488 = LINE('',#3489,#3490);
#3489 = CARTESIAN_POINT('',(-42.3,-15.,2.5));
#3490 = VECTOR('',#3491,1.);
#3491 = DIRECTION('',(0.,1.,0.));
#3492 = ORIENTED_EDGE('',*,*,#3493,.F.);
#3493 = EDGE_CURVE('',#3470,#3486,#3494,.T.);
#3494 = LINE('',#3495,#3496);
#3495 = CARTESIAN_POINT('',(-44.9,-15.,2.5));
#3496 = VECTOR('',#3497,1.);
#3497 = DIRECTION('',(1.,0.,0.));
#3498 = FACE_BOUND('',#3499,.T.);
#3499 = EDGE_LOOP('',(#3500));
#3500 = ORIENTED_EDGE('',*,*,#3501,.F.);
#3501 = EDGE_CURVE('',#3502,#3502,#3504,.T.);
#3502 = VERTEX_POINT('',#3503);
#3503 = CARTESIAN_POINT('',(-97.95,23.8,2.5));
#3504 = CIRCLE('',#3505,1.);
#3505 = AXIS2_PLACEMENT_3D('',#3506,#3507,#3508);
#3506 = CARTESIAN_POINT('',(-98.95,23.8,2.5));
#3507 = DIRECTION('',(0.,0.,1.));
#3508 = DIRECTION('',(1.,0.,0.));
#3509 = FACE_BOUND('',#3510,.T.);
#3510 = EDGE_LOOP('',(#3511));
#3511 = ORIENTED_EDGE('',*,*,#3512,.F.);
#3512 = EDGE_CURVE('',#3513,#3513,#3515,.T.);
#3513 = VERTEX_POINT('',#3514);
#3514 = CARTESIAN_POINT('',(-90.95,22.75,2.5));
#3515 = CIRCLE('',#3516,1.);
#3516 = AXIS2_PLACEMENT_3D('',#3517,#3518,#3519);
#3517 = CARTESIAN_POINT('',(-91.95,22.75,2.5));
#3518 = DIRECTION('',(0.,0.,1.));
#3519 = DIRECTION('',(1.,0.,0.));
#3520 = FACE_BOUND('',#3521,.T.);
#3521 = EDGE_LOOP('',(#3522));
#3522 = ORIENTED_EDGE('',*,*,#3523,.F.);
#3523 = EDGE_CURVE('',#3524,#3524,#3526,.T.);
#3524 = VERTEX_POINT('',#3525);
#3525 = CARTESIAN_POINT('',(-78.95,23.8,2.5));
#3526 = CIRCLE('',#3527,1.);
#3527 = AXIS2_PLACEMENT_3D('',#3528,#3529,#3530);
#3528 = CARTESIAN_POINT('',(-79.95,23.8,2.5));
#3529 = DIRECTION('',(0.,0.,1.));
#3530 = DIRECTION('',(1.,0.,0.));
#3531 = FACE_BOUND('',#3532,.T.);
#3532 = EDGE_LOOP('',(#3533));
#3533 = ORIENTED_EDGE('',*,*,#3534,.F.);
#3534 = EDGE_CURVE('',#3535,#3535,#3537,.T.);
#3535 = VERTEX_POINT('',#3536);
#3536 = CARTESIAN_POINT('',(-71.95,22.75,2.5));
#3537 = CIRCLE('',#3538,1.);
#3538 = AXIS2_PLACEMENT_3D('',#3539,#3540,#3541);
#3539 = CARTESIAN_POINT('',(-72.95,22.75,2.5));
#3540 = DIRECTION('',(0.,0.,1.));
#3541 = DIRECTION('',(1.,0.,0.));
#3542 = FACE_BOUND('',#3543,.T.);
#3543 = EDGE_LOOP('',(#3544));
#3544 = ORIENTED_EDGE('',*,*,#3545,.F.);
#3545 = EDGE_CURVE('',#3546,#3546,#3548,.T.);
#3546 = VERTEX_POINT('',#3547);
#3547 = CARTESIAN_POINT('',(-91.85,28.5,2.5));
#3548 = CIRCLE('',#3549,2.7);
#3549 = AXIS2_PLACEMENT_3D('',#3550,#3551,#3552);
#3550 = CARTESIAN_POINT('',(-94.55,28.5,2.5));
#3551 = DIRECTION('',(0.,0.,1.));
#3552 = DIRECTION('',(1.,0.,0.));
#3553 = FACE_BOUND('',#3554,.T.);
#3554 = EDGE_LOOP('',(#3555,#3565,#3573,#3581));
#3555 = ORIENTED_EDGE('',*,*,#3556,.F.);
#3556 = EDGE_CURVE('',#3557,#3559,#3561,.T.);
#3557 = VERTEX_POINT('',#3558);
#3558 = CARTESIAN_POINT('',(-98.85,35.55,2.5));
#3559 = VERTEX_POINT('',#3560);
#3560 = CARTESIAN_POINT('',(-98.85,31.75,2.5));
#3561 = LINE('',#3562,#3563);
#3562 = CARTESIAN_POINT('',(-98.85,35.55,2.5));
#3563 = VECTOR('',#3564,1.);
#3564 = DIRECTION('',(0.,-1.,0.));
#3565 = ORIENTED_EDGE('',*,*,#3566,.F.);
#3566 = EDGE_CURVE('',#3567,#3557,#3569,.T.);
#3567 = VERTEX_POINT('',#3568);
#3568 = CARTESIAN_POINT('',(-91.85,35.55,2.5));
#3569 = LINE('',#3570,#3571);
#3570 = CARTESIAN_POINT('',(-91.85,35.55,2.5));
#3571 = VECTOR('',#3572,1.);
#3572 = DIRECTION('',(-1.,0.,0.));
#3573 = ORIENTED_EDGE('',*,*,#3574,.F.);
#3574 = EDGE_CURVE('',#3575,#3567,#3577,.T.);
#3575 = VERTEX_POINT('',#3576);
#3576 = CARTESIAN_POINT('',(-91.85,31.75,2.5));
#3577 = LINE('',#3578,#3579);
#3578 = CARTESIAN_POINT('',(-91.85,31.75,2.5));
#3579 = VECTOR('',#3580,1.);
#3580 = DIRECTION('',(0.,1.,0.));
#3581 = ORIENTED_EDGE('',*,*,#3582,.F.);
#3582 = EDGE_CURVE('',#3559,#3575,#3583,.T.);
#3583 = LINE('',#3584,#3585);
#3584 = CARTESIAN_POINT('',(-98.85,31.75,2.5));
#3585 = VECTOR('',#3586,1.);
#3586 = DIRECTION('',(1.,0.,0.));
#3587 = FACE_BOUND('',#3588,.T.);
#3588 = EDGE_LOOP('',(#3589));
#3589 = ORIENTED_EDGE('',*,*,#3590,.F.);
#3590 = EDGE_CURVE('',#3591,#3591,#3593,.T.);
#3591 = VERTEX_POINT('',#3592);
#3592 = CARTESIAN_POINT('',(-72.85,28.5,2.5));
#3593 = CIRCLE('',#3594,2.7);
#3594 = AXIS2_PLACEMENT_3D('',#3595,#3596,#3597);
#3595 = CARTESIAN_POINT('',(-75.55,28.5,2.5));
#3596 = DIRECTION('',(0.,0.,1.));
#3597 = DIRECTION('',(1.,0.,0.));
#3598 = FACE_BOUND('',#3599,.T.);
#3599 = EDGE_LOOP('',(#3600,#3610,#3618,#3626));
#3600 = ORIENTED_EDGE('',*,*,#3601,.F.);
#3601 = EDGE_CURVE('',#3602,#3604,#3606,.T.);
#3602 = VERTEX_POINT('',#3603);
#3603 = CARTESIAN_POINT('',(-79.85,35.55,2.5));
#3604 = VERTEX_POINT('',#3605);
#3605 = CARTESIAN_POINT('',(-79.85,31.75,2.5));
#3606 = LINE('',#3607,#3608);
#3607 = CARTESIAN_POINT('',(-79.85,35.55,2.5));
#3608 = VECTOR('',#3609,1.);
#3609 = DIRECTION('',(0.,-1.,0.));
#3610 = ORIENTED_EDGE('',*,*,#3611,.F.);
#3611 = EDGE_CURVE('',#3612,#3602,#3614,.T.);
#3612 = VERTEX_POINT('',#3613);
#3613 = CARTESIAN_POINT('',(-72.85,35.55,2.5));
#3614 = LINE('',#3615,#3616);
#3615 = CARTESIAN_POINT('',(-72.85,35.55,2.5));
#3616 = VECTOR('',#3617,1.);
#3617 = DIRECTION('',(-1.,0.,0.));
#3618 = ORIENTED_EDGE('',*,*,#3619,.F.);
#3619 = EDGE_CURVE('',#3620,#3612,#3622,.T.);
#3620 = VERTEX_POINT('',#3621);
#3621 = CARTESIAN_POINT('',(-72.85,31.75,2.5));
#3622 = LINE('',#3623,#3624);
#3623 = CARTESIAN_POINT('',(-72.85,31.75,2.5));
#3624 = VECTOR('',#3625,1.);
#3625 = DIRECTION('',(0.,1.,0.));
#3626 = ORIENTED_EDGE('',*,*,#3627,.F.);
#3627 = EDGE_CURVE('',#3604,#3620,#3628,.T.);
#3628 = LINE('',#3629,#3630);
#3629 = CARTESIAN_POINT('',(-79.85,31.75,2.5));
#3630 = VECTOR('',#3631,1.);
#3631 = DIRECTION('',(1.,0.,0.));
#3632 = PLANE('',#3633);
#3633 = AXIS2_PLACEMENT_3D('',#3634,#3635,#3636);
#3634 = CARTESIAN_POINT('',(-100.,2.14E-15,2.5));
#3635 = DIRECTION('',(0.,0.,1.));
#3636 = DIRECTION('',(1.,0.,0.));
#3637 = ADVANCED_FACE('',(#3638),#3642,.T.);
#3638 = FACE_BOUND('',#3639,.T.);
#3639 = EDGE_LOOP('',(#3640,#3641));
#3640 = ORIENTED_EDGE('',*,*,#1817,.T.);
#3641 = ORIENTED_EDGE('',*,*,#2202,.F.);
#3642 = PLANE('',#3643);
#3643 = AXIS2_PLACEMENT_3D('',#3644,#3645,#3646);
#3644 = CARTESIAN_POINT('',(-35.4,-41.55,13.5));
#3645 = DIRECTION('',(1.,0.,0.));
#3646 = DIRECTION('',(0.,1.,0.));
#3647 = ADVANCED_FACE('',(#3648),#3654,.T.);
#3648 = FACE_BOUND('',#3649,.T.);
#3649 = EDGE_LOOP('',(#3650,#3651,#3652,#3653));
#3650 = ORIENTED_EDGE('',*,*,#1865,.F.);
#3651 = ORIENTED_EDGE('',*,*,#2091,.T.);
#3652 = ORIENTED_EDGE('',*,*,#2057,.T.);
#3653 = ORIENTED_EDGE('',*,*,#2007,.F.);
#3654 = PLANE('',#3655);
#3655 = AXIS2_PLACEMENT_3D('',#3656,#3657,#3658);
#3656 = CARTESIAN_POINT('',(-100.,-42.5,13.5));
#3657 = DIRECTION('',(0.,0.,1.));
#3658 = DIRECTION('',(1.,0.,0.));
#3659 = ADVANCED_FACE('',(#3660),#3671,.F.);
#3660 = FACE_BOUND('',#3661,.F.);
#3661 = EDGE_LOOP('',(#3662,#3668,#3669,#3670));
#3662 = ORIENTED_EDGE('',*,*,#3663,.F.);
#3663 = EDGE_CURVE('',#3043,#2133,#3664,.T.);
#3664 = LINE('',#3665,#3666);
#3665 = CARTESIAN_POINT('',(-103.,0.,13.5));
#3666 = VECTOR('',#3667,1.);
#3667 = DIRECTION('',(-0.,-0.,-1.));
#3668 = ORIENTED_EDGE('',*,*,#3042,.F.);
#3669 = ORIENTED_EDGE('',*,*,#3663,.T.);
#3670 = ORIENTED_EDGE('',*,*,#2132,.T.);
#3671 = CYLINDRICAL_SURFACE('',#3672,1.05);
#3672 = AXIS2_PLACEMENT_3D('',#3673,#3674,#3675);
#3673 = CARTESIAN_POINT('',(-104.05,0.,13.5));
#3674 = DIRECTION('',(0.,0.,1.));
#3675 = DIRECTION('',(1.,0.,0.));
#3676 = ADVANCED_FACE('',(#3677),#3702,.F.);
#3677 = FACE_BOUND('',#3678,.F.);
#3678 = EDGE_LOOP('',(#3679,#3687,#3695,#3701));
#3679 = ORIENTED_EDGE('',*,*,#3680,.T.);
#3680 = EDGE_CURVE('',#2214,#3681,#3683,.T.);
#3681 = VERTEX_POINT('',#3682);
#3682 = CARTESIAN_POINT('',(-103.5,-28.3,0.7));
#3683 = LINE('',#3684,#3685);
#3684 = CARTESIAN_POINT('',(-103.5,-28.3,2.5));
#3685 = VECTOR('',#3686,1.);
#3686 = DIRECTION('',(-0.,-0.,-1.));
#3687 = ORIENTED_EDGE('',*,*,#3688,.T.);
#3688 = EDGE_CURVE('',#3681,#3689,#3691,.T.);
#3689 = VERTEX_POINT('',#3690);
#3690 = CARTESIAN_POINT('',(-160.,-28.3,0.7));
#3691 = LINE('',#3692,#3693);
#3692 = CARTESIAN_POINT('',(-103.5,-28.3,0.7));
#3693 = VECTOR('',#3694,1.);
#3694 = DIRECTION('',(-1.,0.,0.));
#3695 = ORIENTED_EDGE('',*,*,#3696,.F.);
#3696 = EDGE_CURVE('',#2216,#3689,#3697,.T.);
#3697 = LINE('',#3698,#3699);
#3698 = CARTESIAN_POINT('',(-160.,-28.3,2.5));
#3699 = VECTOR('',#3700,1.);
#3700 = DIRECTION('',(-0.,-0.,-1.));
#3701 = ORIENTED_EDGE('',*,*,#2213,.F.);
#3702 = PLANE('',#3703);
#3703 = AXIS2_PLACEMENT_3D('',#3704,#3705,#3706);
#3704 = CARTESIAN_POINT('',(-103.5,-28.3,2.5));
#3705 = DIRECTION('',(0.,1.,0.));
#3706 = DIRECTION('',(-1.,0.,0.));
#3707 = ADVANCED_FACE('',(#3708),#3726,.F.);
#3708 = FACE_BOUND('',#3709,.F.);
#3709 = EDGE_LOOP('',(#3710,#3718,#3724,#3725));
#3710 = ORIENTED_EDGE('',*,*,#3711,.T.);
#3711 = EDGE_CURVE('',#2224,#3712,#3714,.T.);
#3712 = VERTEX_POINT('',#3713);
#3713 = CARTESIAN_POINT('',(-103.5,-30.7,0.7));
#3714 = LINE('',#3715,#3716);
#3715 = CARTESIAN_POINT('',(-103.5,-30.7,2.5));
#3716 = VECTOR('',#3717,1.);
#3717 = DIRECTION('',(-0.,-0.,-1.));
#3718 = ORIENTED_EDGE('',*,*,#3719,.T.);
#3719 = EDGE_CURVE('',#3712,#3681,#3720,.T.);
#3720 = LINE('',#3721,#3722);
#3721 = CARTESIAN_POINT('',(-103.5,-30.7,0.7));
#3722 = VECTOR('',#3723,1.);
#3723 = DIRECTION('',(0.,1.,0.));
#3724 = ORIENTED_EDGE('',*,*,#3680,.F.);
#3725 = ORIENTED_EDGE('',*,*,#2223,.F.);
#3726 = PLANE('',#3727);
#3727 = AXIS2_PLACEMENT_3D('',#3728,#3729,#3730);
#3728 = CARTESIAN_POINT('',(-103.5,-30.7,2.5));
#3729 = DIRECTION('',(1.,0.,0.));
#3730 = DIRECTION('',(0.,1.,0.));
#3731 = ADVANCED_FACE('',(#3732),#3750,.F.);
#3732 = FACE_BOUND('',#3733,.F.);
#3733 = EDGE_LOOP('',(#3734,#3735,#3743,#3749));
#3734 = ORIENTED_EDGE('',*,*,#3696,.T.);
#3735 = ORIENTED_EDGE('',*,*,#3736,.T.);
#3736 = EDGE_CURVE('',#3689,#3737,#3739,.T.);
#3737 = VERTEX_POINT('',#3738);
#3738 = CARTESIAN_POINT('',(-160.,-30.7,0.7));
#3739 = LINE('',#3740,#3741);
#3740 = CARTESIAN_POINT('',(-160.,-28.3,0.7));
#3741 = VECTOR('',#3742,1.);
#3742 = DIRECTION('',(0.,-1.,0.));
#3743 = ORIENTED_EDGE('',*,*,#3744,.F.);
#3744 = EDGE_CURVE('',#2232,#3737,#3745,.T.);
#3745 = LINE('',#3746,#3747);
#3746 = CARTESIAN_POINT('',(-160.,-30.7,2.5));
#3747 = VECTOR('',#3748,1.);
#3748 = DIRECTION('',(-0.,-0.,-1.));
#3749 = ORIENTED_EDGE('',*,*,#2239,.F.);
#3750 = PLANE('',#3751);
#3751 = AXIS2_PLACEMENT_3D('',#3752,#3753,#3754);
#3752 = CARTESIAN_POINT('',(-160.,-28.3,2.5));
#3753 = DIRECTION('',(-1.,0.,0.));
#3754 = DIRECTION('',(0.,-1.,0.));
#3755 = ADVANCED_FACE('',(#3756),#3767,.F.);
#3756 = FACE_BOUND('',#3757,.F.);
#3757 = EDGE_LOOP('',(#3758,#3759,#3765,#3766));
#3758 = ORIENTED_EDGE('',*,*,#3744,.T.);
#3759 = ORIENTED_EDGE('',*,*,#3760,.T.);
#3760 = EDGE_CURVE('',#3737,#3712,#3761,.T.);
#3761 = LINE('',#3762,#3763);
#3762 = CARTESIAN_POINT('',(-160.,-30.7,0.7));
#3763 = VECTOR('',#3764,1.);
#3764 = DIRECTION('',(1.,0.,0.));
#3765 = ORIENTED_EDGE('',*,*,#3711,.F.);
#3766 = ORIENTED_EDGE('',*,*,#2231,.F.);
#3767 = PLANE('',#3768);
#3768 = AXIS2_PLACEMENT_3D('',#3769,#3770,#3771);
#3769 = CARTESIAN_POINT('',(-160.,-30.7,2.5));
#3770 = DIRECTION('',(0.,-1.,0.));
#3771 = DIRECTION('',(1.,0.,0.));
#3772 = ADVANCED_FACE('',(#3773),#3798,.F.);
#3773 = FACE_BOUND('',#3774,.F.);
#3774 = EDGE_LOOP('',(#3775,#3783,#3791,#3797));
#3775 = ORIENTED_EDGE('',*,*,#3776,.T.);
#3776 = EDGE_CURVE('',#2248,#3777,#3779,.T.);
#3777 = VERTEX_POINT('',#3778);
#3778 = CARTESIAN_POINT('',(-103.5,-23.7,0.7));
#3779 = LINE('',#3780,#3781);
#3780 = CARTESIAN_POINT('',(-103.5,-23.7,2.5));
#3781 = VECTOR('',#3782,1.);
#3782 = DIRECTION('',(-0.,-0.,-1.));
#3783 = ORIENTED_EDGE('',*,*,#3784,.T.);
#3784 = EDGE_CURVE('',#3777,#3785,#3787,.T.);
#3785 = VERTEX_POINT('',#3786);
#3786 = CARTESIAN_POINT('',(-160.,-23.7,0.7));
#3787 = LINE('',#3788,#3789);
#3788 = CARTESIAN_POINT('',(-103.5,-23.7,0.7));
#3789 = VECTOR('',#3790,1.);
#3790 = DIRECTION('',(-1.,0.,0.));
#3791 = ORIENTED_EDGE('',*,*,#3792,.F.);
#3792 = EDGE_CURVE('',#2250,#3785,#3793,.T.);
#3793 = LINE('',#3794,#3795);
#3794 = CARTESIAN_POINT('',(-160.,-23.7,2.5));
#3795 = VECTOR('',#3796,1.);
#3796 = DIRECTION('',(-0.,-0.,-1.));
#3797 = ORIENTED_EDGE('',*,*,#2247,.F.);
#3798 = PLANE('',#3799);
#3799 = AXIS2_PLACEMENT_3D('',#3800,#3801,#3802);
#3800 = CARTESIAN_POINT('',(-103.5,-23.7,2.5));
#3801 = DIRECTION('',(0.,1.,0.));
#3802 = DIRECTION('',(-1.,0.,0.));
#3803 = ADVANCED_FACE('',(#3804),#3822,.F.);
#3804 = FACE_BOUND('',#3805,.F.);
#3805 = EDGE_LOOP('',(#3806,#3814,#3820,#3821));
#3806 = ORIENTED_EDGE('',*,*,#3807,.T.);
#3807 = EDGE_CURVE('',#2258,#3808,#3810,.T.);
#3808 = VERTEX_POINT('',#3809);
#3809 = CARTESIAN_POINT('',(-103.5,-26.1,0.7));
#3810 = LINE('',#3811,#3812);
#3811 = CARTESIAN_POINT('',(-103.5,-26.1,2.5));
#3812 = VECTOR('',#3813,1.);
#3813 = DIRECTION('',(-0.,-0.,-1.));
#3814 = ORIENTED_EDGE('',*,*,#3815,.T.);
#3815 = EDGE_CURVE('',#3808,#3777,#3816,.T.);
#3816 = LINE('',#3817,#3818);
#3817 = CARTESIAN_POINT('',(-103.5,-26.1,0.7));
#3818 = VECTOR('',#3819,1.);
#3819 = DIRECTION('',(0.,1.,0.));
#3820 = ORIENTED_EDGE('',*,*,#3776,.F.);
#3821 = ORIENTED_EDGE('',*,*,#2257,.F.);
#3822 = PLANE('',#3823);
#3823 = AXIS2_PLACEMENT_3D('',#3824,#3825,#3826);
#3824 = CARTESIAN_POINT('',(-103.5,-26.1,2.5));
#3825 = DIRECTION('',(1.,0.,0.));
#3826 = DIRECTION('',(0.,1.,0.));
#3827 = ADVANCED_FACE('',(#3828),#3846,.F.);
#3828 = FACE_BOUND('',#3829,.F.);
#3829 = EDGE_LOOP('',(#3830,#3831,#3839,#3845));
#3830 = ORIENTED_EDGE('',*,*,#3792,.T.);
#3831 = ORIENTED_EDGE('',*,*,#3832,.T.);
#3832 = EDGE_CURVE('',#3785,#3833,#3835,.T.);
#3833 = VERTEX_POINT('',#3834);
#3834 = CARTESIAN_POINT('',(-160.,-26.1,0.7));
#3835 = LINE('',#3836,#3837);
#3836 = CARTESIAN_POINT('',(-160.,-23.7,0.7));
#3837 = VECTOR('',#3838,1.);
#3838 = DIRECTION('',(0.,-1.,0.));
#3839 = ORIENTED_EDGE('',*,*,#3840,.F.);
#3840 = EDGE_CURVE('',#2266,#3833,#3841,.T.);
#3841 = LINE('',#3842,#3843);
#3842 = CARTESIAN_POINT('',(-160.,-26.1,2.5));
#3843 = VECTOR('',#3844,1.);
#3844 = DIRECTION('',(-0.,-0.,-1.));
#3845 = ORIENTED_EDGE('',*,*,#2273,.F.);
#3846 = PLANE('',#3847);
#3847 = AXIS2_PLACEMENT_3D('',#3848,#3849,#3850);
#3848 = CARTESIAN_POINT('',(-160.,-23.7,2.5));
#3849 = DIRECTION('',(-1.,0.,0.));
#3850 = DIRECTION('',(0.,-1.,0.));
#3851 = ADVANCED_FACE('',(#3852),#3863,.F.);
#3852 = FACE_BOUND('',#3853,.F.);
#3853 = EDGE_LOOP('',(#3854,#3855,#3861,#3862));
#3854 = ORIENTED_EDGE('',*,*,#3840,.T.);
#3855 = ORIENTED_EDGE('',*,*,#3856,.T.);
#3856 = EDGE_CURVE('',#3833,#3808,#3857,.T.);
#3857 = LINE('',#3858,#3859);
#3858 = CARTESIAN_POINT('',(-160.,-26.1,0.7));
#3859 = VECTOR('',#3860,1.);
#3860 = DIRECTION('',(1.,0.,0.));
#3861 = ORIENTED_EDGE('',*,*,#3807,.F.);
#3862 = ORIENTED_EDGE('',*,*,#2265,.F.);
#3863 = PLANE('',#3864);
#3864 = AXIS2_PLACEMENT_3D('',#3865,#3866,#3867);
#3865 = CARTESIAN_POINT('',(-160.,-26.1,2.5));
#3866 = DIRECTION('',(0.,-1.,0.));
#3867 = DIRECTION('',(1.,0.,0.));
#3868 = ADVANCED_FACE('',(#3869),#3894,.F.);
#3869 = FACE_BOUND('',#3870,.F.);
#3870 = EDGE_LOOP('',(#3871,#3879,#3887,#3893));
#3871 = ORIENTED_EDGE('',*,*,#3872,.T.);
#3872 = EDGE_CURVE('',#2282,#3873,#3875,.T.);
#3873 = VERTEX_POINT('',#3874);
#3874 = CARTESIAN_POINT('',(-103.5,-19.1,0.7));
#3875 = LINE('',#3876,#3877);
#3876 = CARTESIAN_POINT('',(-103.5,-19.1,2.5));
#3877 = VECTOR('',#3878,1.);
#3878 = DIRECTION('',(-0.,-0.,-1.));
#3879 = ORIENTED_EDGE('',*,*,#3880,.T.);
#3880 = EDGE_CURVE('',#3873,#3881,#3883,.T.);
#3881 = VERTEX_POINT('',#3882);
#3882 = CARTESIAN_POINT('',(-160.,-19.1,0.7));
#3883 = LINE('',#3884,#3885);
#3884 = CARTESIAN_POINT('',(-103.5,-19.1,0.7));
#3885 = VECTOR('',#3886,1.);
#3886 = DIRECTION('',(-1.,0.,0.));
#3887 = ORIENTED_EDGE('',*,*,#3888,.F.);
#3888 = EDGE_CURVE('',#2284,#3881,#3889,.T.);
#3889 = LINE('',#3890,#3891);
#3890 = CARTESIAN_POINT('',(-160.,-19.1,2.5));
#3891 = VECTOR('',#3892,1.);
#3892 = DIRECTION('',(-0.,-0.,-1.));
#3893 = ORIENTED_EDGE('',*,*,#2281,.F.);
#3894 = PLANE('',#3895);
#3895 = AXIS2_PLACEMENT_3D('',#3896,#3897,#3898);
#3896 = CARTESIAN_POINT('',(-103.5,-19.1,2.5));
#3897 = DIRECTION('',(0.,1.,0.));
#3898 = DIRECTION('',(-1.,0.,0.));
#3899 = ADVANCED_FACE('',(#3900),#3918,.F.);
#3900 = FACE_BOUND('',#3901,.F.);
#3901 = EDGE_LOOP('',(#3902,#3910,#3916,#3917));
#3902 = ORIENTED_EDGE('',*,*,#3903,.T.);
#3903 = EDGE_CURVE('',#2292,#3904,#3906,.T.);
#3904 = VERTEX_POINT('',#3905);
#3905 = CARTESIAN_POINT('',(-103.5,-21.5,0.7));
#3906 = LINE('',#3907,#3908);
#3907 = CARTESIAN_POINT('',(-103.5,-21.5,2.5));
#3908 = VECTOR('',#3909,1.);
#3909 = DIRECTION('',(-0.,-0.,-1.));
#3910 = ORIENTED_EDGE('',*,*,#3911,.T.);
#3911 = EDGE_CURVE('',#3904,#3873,#3912,.T.);
#3912 = LINE('',#3913,#3914);
#3913 = CARTESIAN_POINT('',(-103.5,-21.5,0.7));
#3914 = VECTOR('',#3915,1.);
#3915 = DIRECTION('',(0.,1.,0.));
#3916 = ORIENTED_EDGE('',*,*,#3872,.F.);
#3917 = ORIENTED_EDGE('',*,*,#2291,.F.);
#3918 = PLANE('',#3919);
#3919 = AXIS2_PLACEMENT_3D('',#3920,#3921,#3922);
#3920 = CARTESIAN_POINT('',(-103.5,-21.5,2.5));
#3921 = DIRECTION('',(1.,0.,0.));
#3922 = DIRECTION('',(0.,1.,0.));
#3923 = ADVANCED_FACE('',(#3924),#3942,.F.);
#3924 = FACE_BOUND('',#3925,.F.);
#3925 = EDGE_LOOP('',(#3926,#3927,#3935,#3941));
#3926 = ORIENTED_EDGE('',*,*,#3888,.T.);
#3927 = ORIENTED_EDGE('',*,*,#3928,.T.);
#3928 = EDGE_CURVE('',#3881,#3929,#3931,.T.);
#3929 = VERTEX_POINT('',#3930);
#3930 = CARTESIAN_POINT('',(-160.,-21.5,0.7));
#3931 = LINE('',#3932,#3933);
#3932 = CARTESIAN_POINT('',(-160.,-19.1,0.7));
#3933 = VECTOR('',#3934,1.);
#3934 = DIRECTION('',(0.,-1.,0.));
#3935 = ORIENTED_EDGE('',*,*,#3936,.F.);
#3936 = EDGE_CURVE('',#2300,#3929,#3937,.T.);
#3937 = LINE('',#3938,#3939);
#3938 = CARTESIAN_POINT('',(-160.,-21.5,2.5));
#3939 = VECTOR('',#3940,1.);
#3940 = DIRECTION('',(-0.,-0.,-1.));
#3941 = ORIENTED_EDGE('',*,*,#2307,.F.);
#3942 = PLANE('',#3943);
#3943 = AXIS2_PLACEMENT_3D('',#3944,#3945,#3946);
#3944 = CARTESIAN_POINT('',(-160.,-19.1,2.5));
#3945 = DIRECTION('',(-1.,0.,0.));
#3946 = DIRECTION('',(0.,-1.,0.));
#3947 = ADVANCED_FACE('',(#3948),#3959,.F.);
#3948 = FACE_BOUND('',#3949,.F.);
#3949 = EDGE_LOOP('',(#3950,#3951,#3957,#3958));
#3950 = ORIENTED_EDGE('',*,*,#3936,.T.);
#3951 = ORIENTED_EDGE('',*,*,#3952,.T.);
#3952 = EDGE_CURVE('',#3929,#3904,#3953,.T.);
#3953 = LINE('',#3954,#3955);
#3954 = CARTESIAN_POINT('',(-160.,-21.5,0.7));
#3955 = VECTOR('',#3956,1.);
#3956 = DIRECTION('',(1.,0.,0.));
#3957 = ORIENTED_EDGE('',*,*,#3903,.F.);
#3958 = ORIENTED_EDGE('',*,*,#2299,.F.);
#3959 = PLANE('',#3960);
#3960 = AXIS2_PLACEMENT_3D('',#3961,#3962,#3963);
#3961 = CARTESIAN_POINT('',(-160.,-21.5,2.5));
#3962 = DIRECTION('',(0.,-1.,0.));
#3963 = DIRECTION('',(1.,0.,0.));
#3964 = ADVANCED_FACE('',(#3965),#3990,.F.);
#3965 = FACE_BOUND('',#3966,.F.);
#3966 = EDGE_LOOP('',(#3967,#3975,#3983,#3989));
#3967 = ORIENTED_EDGE('',*,*,#3968,.T.);
#3968 = EDGE_CURVE('',#2316,#3969,#3971,.T.);
#3969 = VERTEX_POINT('',#3970);
#3970 = CARTESIAN_POINT('',(-103.5,-32.9,0.7));
#3971 = LINE('',#3972,#3973);
#3972 = CARTESIAN_POINT('',(-103.5,-32.9,2.5));
#3973 = VECTOR('',#3974,1.);
#3974 = DIRECTION('',(-0.,-0.,-1.));
#3975 = ORIENTED_EDGE('',*,*,#3976,.T.);
#3976 = EDGE_CURVE('',#3969,#3977,#3979,.T.);
#3977 = VERTEX_POINT('',#3978);
#3978 = CARTESIAN_POINT('',(-126.,-32.9,0.7));
#3979 = LINE('',#3980,#3981);
#3980 = CARTESIAN_POINT('',(-103.5,-32.9,0.7));
#3981 = VECTOR('',#3982,1.);
#3982 = DIRECTION('',(-1.,0.,0.));
#3983 = ORIENTED_EDGE('',*,*,#3984,.F.);
#3984 = EDGE_CURVE('',#2318,#3977,#3985,.T.);
#3985 = LINE('',#3986,#3987);
#3986 = CARTESIAN_POINT('',(-126.,-32.9,2.5));
#3987 = VECTOR('',#3988,1.);
#3988 = DIRECTION('',(-0.,-0.,-1.));
#3989 = ORIENTED_EDGE('',*,*,#2315,.F.);
#3990 = PLANE('',#3991);
#3991 = AXIS2_PLACEMENT_3D('',#3992,#3993,#3994);
#3992 = CARTESIAN_POINT('',(-103.5,-32.9,2.5));
#3993 = DIRECTION('',(0.,1.,0.));
#3994 = DIRECTION('',(-1.,0.,0.));
#3995 = ADVANCED_FACE('',(#3996),#4014,.F.);
#3996 = FACE_BOUND('',#3997,.F.);
#3997 = EDGE_LOOP('',(#3998,#4006,#4012,#4013));
#3998 = ORIENTED_EDGE('',*,*,#3999,.T.);
#3999 = EDGE_CURVE('',#2326,#4000,#4002,.T.);
#4000 = VERTEX_POINT('',#4001);
#4001 = CARTESIAN_POINT('',(-103.5,-35.3,0.7));
#4002 = LINE('',#4003,#4004);
#4003 = CARTESIAN_POINT('',(-103.5,-35.3,2.5));
#4004 = VECTOR('',#4005,1.);
#4005 = DIRECTION('',(-0.,-0.,-1.));
#4006 = ORIENTED_EDGE('',*,*,#4007,.T.);
#4007 = EDGE_CURVE('',#4000,#3969,#4008,.T.);
#4008 = LINE('',#4009,#4010);
#4009 = CARTESIAN_POINT('',(-103.5,-35.3,0.7));
#4010 = VECTOR('',#4011,1.);
#4011 = DIRECTION('',(0.,1.,0.));
#4012 = ORIENTED_EDGE('',*,*,#3968,.F.);
#4013 = ORIENTED_EDGE('',*,*,#2325,.F.);
#4014 = PLANE('',#4015);
#4015 = AXIS2_PLACEMENT_3D('',#4016,#4017,#4018);
#4016 = CARTESIAN_POINT('',(-103.5,-35.3,2.5));
#4017 = DIRECTION('',(1.,0.,0.));
#4018 = DIRECTION('',(0.,1.,0.));
#4019 = ADVANCED_FACE('',(#4020),#4038,.F.);
#4020 = FACE_BOUND('',#4021,.F.);
#4021 = EDGE_LOOP('',(#4022,#4023,#4031,#4037));
#4022 = ORIENTED_EDGE('',*,*,#3984,.T.);
#4023 = ORIENTED_EDGE('',*,*,#4024,.T.);
#4024 = EDGE_CURVE('',#3977,#4025,#4027,.T.);
#4025 = VERTEX_POINT('',#4026);
#4026 = CARTESIAN_POINT('',(-126.,-35.3,0.7));
#4027 = LINE('',#4028,#4029);
#4028 = CARTESIAN_POINT('',(-126.,-32.9,0.7));
#4029 = VECTOR('',#4030,1.);
#4030 = DIRECTION('',(0.,-1.,0.));
#4031 = ORIENTED_EDGE('',*,*,#4032,.F.);
#4032 = EDGE_CURVE('',#2334,#4025,#4033,.T.);
#4033 = LINE('',#4034,#4035);
#4034 = CARTESIAN_POINT('',(-126.,-35.3,2.5));
#4035 = VECTOR('',#4036,1.);
#4036 = DIRECTION('',(-0.,-0.,-1.));
#4037 = ORIENTED_EDGE('',*,*,#2341,.F.);
#4038 = PLANE('',#4039);
#4039 = AXIS2_PLACEMENT_3D('',#4040,#4041,#4042);
#4040 = CARTESIAN_POINT('',(-126.,-32.9,2.5));
#4041 = DIRECTION('',(-1.,0.,0.));
#4042 = DIRECTION('',(0.,-1.,0.));
#4043 = ADVANCED_FACE('',(#4044),#4055,.F.);
#4044 = FACE_BOUND('',#4045,.F.);
#4045 = EDGE_LOOP('',(#4046,#4047,#4053,#4054));
#4046 = ORIENTED_EDGE('',*,*,#4032,.T.);
#4047 = ORIENTED_EDGE('',*,*,#4048,.T.);
#4048 = EDGE_CURVE('',#4025,#4000,#4049,.T.);
#4049 = LINE('',#4050,#4051);
#4050 = CARTESIAN_POINT('',(-126.,-35.3,0.7));
#4051 = VECTOR('',#4052,1.);
#4052 = DIRECTION('',(1.,0.,0.));
#4053 = ORIENTED_EDGE('',*,*,#3999,.F.);
#4054 = ORIENTED_EDGE('',*,*,#2333,.F.);
#4055 = PLANE('',#4056);
#4056 = AXIS2_PLACEMENT_3D('',#4057,#4058,#4059);
#4057 = CARTESIAN_POINT('',(-126.,-35.3,2.5));
#4058 = DIRECTION('',(0.,-1.,0.));
#4059 = DIRECTION('',(1.,0.,0.));
#4060 = ADVANCED_FACE('',(#4061),#4080,.F.);
#4061 = FACE_BOUND('',#4062,.F.);
#4062 = EDGE_LOOP('',(#4063,#4071,#4078,#4079));
#4063 = ORIENTED_EDGE('',*,*,#4064,.T.);
#4064 = EDGE_CURVE('',#2350,#4065,#4067,.T.);
#4065 = VERTEX_POINT('',#4066);
#4066 = CARTESIAN_POINT('',(-147.95,-15.25,0.7));
#4067 = LINE('',#4068,#4069);
#4068 = CARTESIAN_POINT('',(-147.95,-15.25,2.5));
#4069 = VECTOR('',#4070,1.);
#4070 = DIRECTION('',(-0.,-0.,-1.));
#4071 = ORIENTED_EDGE('',*,*,#4072,.T.);
#4072 = EDGE_CURVE('',#4065,#4065,#4073,.T.);
#4073 = CIRCLE('',#4074,1.);
#4074 = AXIS2_PLACEMENT_3D('',#4075,#4076,#4077);
#4075 = CARTESIAN_POINT('',(-148.95,-15.25,0.7));
#4076 = DIRECTION('',(0.,0.,1.));
#4077 = DIRECTION('',(1.,0.,0.));
#4078 = ORIENTED_EDGE('',*,*,#4064,.F.);
#4079 = ORIENTED_EDGE('',*,*,#2349,.F.);
#4080 = CYLINDRICAL_SURFACE('',#4081,1.);
#4081 = AXIS2_PLACEMENT_3D('',#4082,#4083,#4084);
#4082 = CARTESIAN_POINT('',(-148.95,-15.25,2.5));
#4083 = DIRECTION('',(0.,0.,1.));
#4084 = DIRECTION('',(1.,0.,0.));
#4085 = ADVANCED_FACE('',(#4086),#4105,.F.);
#4086 = FACE_BOUND('',#4087,.F.);
#4087 = EDGE_LOOP('',(#4088,#4096,#4103,#4104));
#4088 = ORIENTED_EDGE('',*,*,#4089,.T.);
#4089 = EDGE_CURVE('',#2361,#4090,#4092,.T.);
#4090 = VERTEX_POINT('',#4091);
#4091 = CARTESIAN_POINT('',(-154.95,-14.2,0.7));
#4092 = LINE('',#4093,#4094);
#4093 = CARTESIAN_POINT('',(-154.95,-14.2,2.5));
#4094 = VECTOR('',#4095,1.);
#4095 = DIRECTION('',(-0.,-0.,-1.));
#4096 = ORIENTED_EDGE('',*,*,#4097,.T.);
#4097 = EDGE_CURVE('',#4090,#4090,#4098,.T.);
#4098 = CIRCLE('',#4099,1.);
#4099 = AXIS2_PLACEMENT_3D('',#4100,#4101,#4102);
#4100 = CARTESIAN_POINT('',(-155.95,-14.2,0.7));
#4101 = DIRECTION('',(0.,0.,1.));
#4102 = DIRECTION('',(1.,0.,0.));
#4103 = ORIENTED_EDGE('',*,*,#4089,.F.);
#4104 = ORIENTED_EDGE('',*,*,#2360,.F.);
#4105 = CYLINDRICAL_SURFACE('',#4106,1.);
#4106 = AXIS2_PLACEMENT_3D('',#4107,#4108,#4109);
#4107 = CARTESIAN_POINT('',(-155.95,-14.2,2.5));
#4108 = DIRECTION('',(0.,0.,1.));
#4109 = DIRECTION('',(1.,0.,0.));
#4110 = ADVANCED_FACE('',(#4111),#4130,.F.);
#4111 = FACE_BOUND('',#4112,.F.);
#4112 = EDGE_LOOP('',(#4113,#4121,#4128,#4129));
#4113 = ORIENTED_EDGE('',*,*,#4114,.T.);
#4114 = EDGE_CURVE('',#2372,#4115,#4117,.T.);
#4115 = VERTEX_POINT('',#4116);
#4116 = CARTESIAN_POINT('',(-128.95,-15.25,0.7));
#4117 = LINE('',#4118,#4119);
#4118 = CARTESIAN_POINT('',(-128.95,-15.25,2.5));
#4119 = VECTOR('',#4120,1.);
#4120 = DIRECTION('',(-0.,-0.,-1.));
#4121 = ORIENTED_EDGE('',*,*,#4122,.T.);
#4122 = EDGE_CURVE('',#4115,#4115,#4123,.T.);
#4123 = CIRCLE('',#4124,1.);
#4124 = AXIS2_PLACEMENT_3D('',#4125,#4126,#4127);
#4125 = CARTESIAN_POINT('',(-129.95,-15.25,0.7));
#4126 = DIRECTION('',(0.,0.,1.));
#4127 = DIRECTION('',(1.,0.,0.));
#4128 = ORIENTED_EDGE('',*,*,#4114,.F.);
#4129 = ORIENTED_EDGE('',*,*,#2371,.F.);
#4130 = CYLINDRICAL_SURFACE('',#4131,1.);
#4131 = AXIS2_PLACEMENT_3D('',#4132,#4133,#4134);
#4132 = CARTESIAN_POINT('',(-129.95,-15.25,2.5));
#4133 = DIRECTION('',(0.,0.,1.));
#4134 = DIRECTION('',(1.,0.,0.));
#4135 = ADVANCED_FACE('',(#4136),#4155,.F.);
#4136 = FACE_BOUND('',#4137,.F.);
#4137 = EDGE_LOOP('',(#4138,#4146,#4153,#4154));
#4138 = ORIENTED_EDGE('',*,*,#4139,.T.);
#4139 = EDGE_CURVE('',#2383,#4140,#4142,.T.);
#4140 = VERTEX_POINT('',#4141);
#4141 = CARTESIAN_POINT('',(-135.95,-14.2,0.7));
#4142 = LINE('',#4143,#4144);
#4143 = CARTESIAN_POINT('',(-135.95,-14.2,2.5));
#4144 = VECTOR('',#4145,1.);
#4145 = DIRECTION('',(-0.,-0.,-1.));
#4146 = ORIENTED_EDGE('',*,*,#4147,.T.);
#4147 = EDGE_CURVE('',#4140,#4140,#4148,.T.);
#4148 = CIRCLE('',#4149,1.);
#4149 = AXIS2_PLACEMENT_3D('',#4150,#4151,#4152);
#4150 = CARTESIAN_POINT('',(-136.95,-14.2,0.7));
#4151 = DIRECTION('',(0.,0.,1.));
#4152 = DIRECTION('',(1.,0.,0.));
#4153 = ORIENTED_EDGE('',*,*,#4139,.F.);
#4154 = ORIENTED_EDGE('',*,*,#2382,.F.);
#4155 = CYLINDRICAL_SURFACE('',#4156,1.);
#4156 = AXIS2_PLACEMENT_3D('',#4157,#4158,#4159);
#4157 = CARTESIAN_POINT('',(-136.95,-14.2,2.5));
#4158 = DIRECTION('',(0.,0.,1.));
#4159 = DIRECTION('',(1.,0.,0.));
#4160 = ADVANCED_FACE('',(#4161),#4180,.F.);
#4161 = FACE_BOUND('',#4162,.F.);
#4162 = EDGE_LOOP('',(#4163,#4171,#4178,#4179));
#4163 = ORIENTED_EDGE('',*,*,#4164,.T.);
#4164 = EDGE_CURVE('',#2394,#4165,#4167,.T.);
#4165 = VERTEX_POINT('',#4166);
#4166 = CARTESIAN_POINT('',(-148.85,-9.5,0.7));
#4167 = LINE('',#4168,#4169);
#4168 = CARTESIAN_POINT('',(-148.85,-9.5,2.5));
#4169 = VECTOR('',#4170,1.);
#4170 = DIRECTION('',(-0.,-0.,-1.));
#4171 = ORIENTED_EDGE('',*,*,#4172,.T.);
#4172 = EDGE_CURVE('',#4165,#4165,#4173,.T.);
#4173 = CIRCLE('',#4174,2.7);
#4174 = AXIS2_PLACEMENT_3D('',#4175,#4176,#4177);
#4175 = CARTESIAN_POINT('',(-151.55,-9.5,0.7));
#4176 = DIRECTION('',(0.,0.,1.));
#4177 = DIRECTION('',(1.,0.,0.));
#4178 = ORIENTED_EDGE('',*,*,#4164,.F.);
#4179 = ORIENTED_EDGE('',*,*,#2393,.F.);
#4180 = CYLINDRICAL_SURFACE('',#4181,2.7);
#4181 = AXIS2_PLACEMENT_3D('',#4182,#4183,#4184);
#4182 = CARTESIAN_POINT('',(-151.55,-9.5,2.5));
#4183 = DIRECTION('',(0.,0.,1.));
#4184 = DIRECTION('',(1.,0.,0.));
#4185 = ADVANCED_FACE('',(#4186),#4211,.F.);
#4186 = FACE_BOUND('',#4187,.F.);
#4187 = EDGE_LOOP('',(#4188,#4196,#4204,#4210));
#4188 = ORIENTED_EDGE('',*,*,#4189,.T.);
#4189 = EDGE_CURVE('',#2405,#4190,#4192,.T.);
#4190 = VERTEX_POINT('',#4191);
#4191 = CARTESIAN_POINT('',(-155.85,-2.45,0.7));
#4192 = LINE('',#4193,#4194);
#4193 = CARTESIAN_POINT('',(-155.85,-2.45,2.5));
#4194 = VECTOR('',#4195,1.);
#4195 = DIRECTION('',(-0.,-0.,-1.));
#4196 = ORIENTED_EDGE('',*,*,#4197,.T.);
#4197 = EDGE_CURVE('',#4190,#4198,#4200,.T.);
#4198 = VERTEX_POINT('',#4199);
#4199 = CARTESIAN_POINT('',(-155.85,-6.25,0.7));
#4200 = LINE('',#4201,#4202);
#4201 = CARTESIAN_POINT('',(-155.85,-2.45,0.7));
#4202 = VECTOR('',#4203,1.);
#4203 = DIRECTION('',(0.,-1.,0.));
#4204 = ORIENTED_EDGE('',*,*,#4205,.F.);
#4205 = EDGE_CURVE('',#2407,#4198,#4206,.T.);
#4206 = LINE('',#4207,#4208);
#4207 = CARTESIAN_POINT('',(-155.85,-6.25,2.5));
#4208 = VECTOR('',#4209,1.);
#4209 = DIRECTION('',(-0.,-0.,-1.));
#4210 = ORIENTED_EDGE('',*,*,#2404,.F.);
#4211 = PLANE('',#4212);
#4212 = AXIS2_PLACEMENT_3D('',#4213,#4214,#4215);
#4213 = CARTESIAN_POINT('',(-155.85,-2.45,2.5));
#4214 = DIRECTION('',(-1.,0.,0.));
#4215 = DIRECTION('',(0.,-1.,0.));
#4216 = ADVANCED_FACE('',(#4217),#4235,.F.);
#4217 = FACE_BOUND('',#4218,.F.);
#4218 = EDGE_LOOP('',(#4219,#4227,#4233,#4234));
#4219 = ORIENTED_EDGE('',*,*,#4220,.T.);
#4220 = EDGE_CURVE('',#2415,#4221,#4223,.T.);
#4221 = VERTEX_POINT('',#4222);
#4222 = CARTESIAN_POINT('',(-148.85,-2.45,0.7));
#4223 = LINE('',#4224,#4225);
#4224 = CARTESIAN_POINT('',(-148.85,-2.45,2.5));
#4225 = VECTOR('',#4226,1.);
#4226 = DIRECTION('',(-0.,-0.,-1.));
#4227 = ORIENTED_EDGE('',*,*,#4228,.T.);
#4228 = EDGE_CURVE('',#4221,#4190,#4229,.T.);
#4229 = LINE('',#4230,#4231);
#4230 = CARTESIAN_POINT('',(-148.85,-2.45,0.7));
#4231 = VECTOR('',#4232,1.);
#4232 = DIRECTION('',(-1.,0.,0.));
#4233 = ORIENTED_EDGE('',*,*,#4189,.F.);
#4234 = ORIENTED_EDGE('',*,*,#2414,.F.);
#4235 = PLANE('',#4236);
#4236 = AXIS2_PLACEMENT_3D('',#4237,#4238,#4239);
#4237 = CARTESIAN_POINT('',(-148.85,-2.45,2.5));
#4238 = DIRECTION('',(0.,1.,0.));
#4239 = DIRECTION('',(-1.,0.,0.));
#4240 = ADVANCED_FACE('',(#4241),#4259,.F.);
#4241 = FACE_BOUND('',#4242,.F.);
#4242 = EDGE_LOOP('',(#4243,#4244,#4252,#4258));
#4243 = ORIENTED_EDGE('',*,*,#4205,.T.);
#4244 = ORIENTED_EDGE('',*,*,#4245,.T.);
#4245 = EDGE_CURVE('',#4198,#4246,#4248,.T.);
#4246 = VERTEX_POINT('',#4247);
#4247 = CARTESIAN_POINT('',(-148.85,-6.25,0.7));
#4248 = LINE('',#4249,#4250);
#4249 = CARTESIAN_POINT('',(-155.85,-6.25,0.7));
#4250 = VECTOR('',#4251,1.);
#4251 = DIRECTION('',(1.,0.,0.));
#4252 = ORIENTED_EDGE('',*,*,#4253,.F.);
#4253 = EDGE_CURVE('',#2423,#4246,#4254,.T.);
#4254 = LINE('',#4255,#4256);
#4255 = CARTESIAN_POINT('',(-148.85,-6.25,2.5));
#4256 = VECTOR('',#4257,1.);
#4257 = DIRECTION('',(-0.,-0.,-1.));
#4258 = ORIENTED_EDGE('',*,*,#2430,.F.);
#4259 = PLANE('',#4260);
#4260 = AXIS2_PLACEMENT_3D('',#4261,#4262,#4263);
#4261 = CARTESIAN_POINT('',(-155.85,-6.25,2.5));
#4262 = DIRECTION('',(0.,-1.,0.));
#4263 = DIRECTION('',(1.,0.,0.));
#4264 = ADVANCED_FACE('',(#4265),#4276,.F.);
#4265 = FACE_BOUND('',#4266,.F.);
#4266 = EDGE_LOOP('',(#4267,#4268,#4274,#4275));
#4267 = ORIENTED_EDGE('',*,*,#4253,.T.);
#4268 = ORIENTED_EDGE('',*,*,#4269,.T.);
#4269 = EDGE_CURVE('',#4246,#4221,#4270,.T.);
#4270 = LINE('',#4271,#4272);
#4271 = CARTESIAN_POINT('',(-148.85,-6.25,0.7));
#4272 = VECTOR('',#4273,1.);
#4273 = DIRECTION('',(0.,1.,0.));
#4274 = ORIENTED_EDGE('',*,*,#4220,.F.);
#4275 = ORIENTED_EDGE('',*,*,#2422,.F.);
#4276 = PLANE('',#4277);
#4277 = AXIS2_PLACEMENT_3D('',#4278,#4279,#4280);
#4278 = CARTESIAN_POINT('',(-148.85,-6.25,2.5));
#4279 = DIRECTION('',(1.,0.,0.));
#4280 = DIRECTION('',(0.,1.,0.));
#4281 = ADVANCED_FACE('',(#4282),#4301,.F.);
#4282 = FACE_BOUND('',#4283,.F.);
#4283 = EDGE_LOOP('',(#4284,#4292,#4299,#4300));
#4284 = ORIENTED_EDGE('',*,*,#4285,.T.);
#4285 = EDGE_CURVE('',#2439,#4286,#4288,.T.);
#4286 = VERTEX_POINT('',#4287);
#4287 = CARTESIAN_POINT('',(-129.85,-9.5,0.7));
#4288 = LINE('',#4289,#4290);
#4289 = CARTESIAN_POINT('',(-129.85,-9.5,2.5));
#4290 = VECTOR('',#4291,1.);
#4291 = DIRECTION('',(-0.,-0.,-1.));
#4292 = ORIENTED_EDGE('',*,*,#4293,.T.);
#4293 = EDGE_CURVE('',#4286,#4286,#4294,.T.);
#4294 = CIRCLE('',#4295,2.7);
#4295 = AXIS2_PLACEMENT_3D('',#4296,#4297,#4298);
#4296 = CARTESIAN_POINT('',(-132.55,-9.5,0.7));
#4297 = DIRECTION('',(0.,0.,1.));
#4298 = DIRECTION('',(1.,0.,0.));
#4299 = ORIENTED_EDGE('',*,*,#4285,.F.);
#4300 = ORIENTED_EDGE('',*,*,#2438,.F.);
#4301 = CYLINDRICAL_SURFACE('',#4302,2.7);
#4302 = AXIS2_PLACEMENT_3D('',#4303,#4304,#4305);
#4303 = CARTESIAN_POINT('',(-132.55,-9.5,2.5));
#4304 = DIRECTION('',(0.,0.,1.));
#4305 = DIRECTION('',(1.,0.,0.));
#4306 = ADVANCED_FACE('',(#4307),#4332,.F.);
#4307 = FACE_BOUND('',#4308,.F.);
#4308 = EDGE_LOOP('',(#4309,#4317,#4325,#4331));
#4309 = ORIENTED_EDGE('',*,*,#4310,.T.);
#4310 = EDGE_CURVE('',#2450,#4311,#4313,.T.);
#4311 = VERTEX_POINT('',#4312);
#4312 = CARTESIAN_POINT('',(-136.85,-2.45,0.7));
#4313 = LINE('',#4314,#4315);
#4314 = CARTESIAN_POINT('',(-136.85,-2.45,2.5));
#4315 = VECTOR('',#4316,1.);
#4316 = DIRECTION('',(-0.,-0.,-1.));
#4317 = ORIENTED_EDGE('',*,*,#4318,.T.);
#4318 = EDGE_CURVE('',#4311,#4319,#4321,.T.);
#4319 = VERTEX_POINT('',#4320);
#4320 = CARTESIAN_POINT('',(-136.85,-6.25,0.7));
#4321 = LINE('',#4322,#4323);
#4322 = CARTESIAN_POINT('',(-136.85,-2.45,0.7));
#4323 = VECTOR('',#4324,1.);
#4324 = DIRECTION('',(0.,-1.,0.));
#4325 = ORIENTED_EDGE('',*,*,#4326,.F.);
#4326 = EDGE_CURVE('',#2452,#4319,#4327,.T.);
#4327 = LINE('',#4328,#4329);
#4328 = CARTESIAN_POINT('',(-136.85,-6.25,2.5));
#4329 = VECTOR('',#4330,1.);
#4330 = DIRECTION('',(-0.,-0.,-1.));
#4331 = ORIENTED_EDGE('',*,*,#2449,.F.);
#4332 = PLANE('',#4333);
#4333 = AXIS2_PLACEMENT_3D('',#4334,#4335,#4336);
#4334 = CARTESIAN_POINT('',(-136.85,-2.45,2.5));
#4335 = DIRECTION('',(-1.,0.,0.));
#4336 = DIRECTION('',(0.,-1.,0.));
#4337 = ADVANCED_FACE('',(#4338),#4356,.F.);
#4338 = FACE_BOUND('',#4339,.F.);
#4339 = EDGE_LOOP('',(#4340,#4348,#4354,#4355));
#4340 = ORIENTED_EDGE('',*,*,#4341,.T.);
#4341 = EDGE_CURVE('',#2460,#4342,#4344,.T.);
#4342 = VERTEX_POINT('',#4343);
#4343 = CARTESIAN_POINT('',(-129.85,-2.45,0.7));
#4344 = LINE('',#4345,#4346);
#4345 = CARTESIAN_POINT('',(-129.85,-2.45,2.5));
#4346 = VECTOR('',#4347,1.);
#4347 = DIRECTION('',(-0.,-0.,-1.));
#4348 = ORIENTED_EDGE('',*,*,#4349,.T.);
#4349 = EDGE_CURVE('',#4342,#4311,#4350,.T.);
#4350 = LINE('',#4351,#4352);
#4351 = CARTESIAN_POINT('',(-129.85,-2.45,0.7));
#4352 = VECTOR('',#4353,1.);
#4353 = DIRECTION('',(-1.,0.,0.));
#4354 = ORIENTED_EDGE('',*,*,#4310,.F.);
#4355 = ORIENTED_EDGE('',*,*,#2459,.F.);
#4356 = PLANE('',#4357);
#4357 = AXIS2_PLACEMENT_3D('',#4358,#4359,#4360);
#4358 = CARTESIAN_POINT('',(-129.85,-2.45,2.5));
#4359 = DIRECTION('',(0.,1.,0.));
#4360 = DIRECTION('',(-1.,0.,0.));
#4361 = ADVANCED_FACE('',(#4362),#4380,.F.);
#4362 = FACE_BOUND('',#4363,.F.);
#4363 = EDGE_LOOP('',(#4364,#4365,#4373,#4379));
#4364 = ORIENTED_EDGE('',*,*,#4326,.T.);
#4365 = ORIENTED_EDGE('',*,*,#4366,.T.);
#4366 = EDGE_CURVE('',#4319,#4367,#4369,.T.);
#4367 = VERTEX_POINT('',#4368);
#4368 = CARTESIAN_POINT('',(-129.85,-6.25,0.7));
#4369 = LINE('',#4370,#4371);
#4370 = CARTESIAN_POINT('',(-136.85,-6.25,0.7));
#4371 = VECTOR('',#4372,1.);
#4372 = DIRECTION('',(1.,0.,0.));
#4373 = ORIENTED_EDGE('',*,*,#4374,.F.);
#4374 = EDGE_CURVE('',#2468,#4367,#4375,.T.);
#4375 = LINE('',#4376,#4377);
#4376 = CARTESIAN_POINT('',(-129.85,-6.25,2.5));
#4377 = VECTOR('',#4378,1.);
#4378 = DIRECTION('',(-0.,-0.,-1.));
#4379 = ORIENTED_EDGE('',*,*,#2475,.F.);
#4380 = PLANE('',#4381);
#4381 = AXIS2_PLACEMENT_3D('',#4382,#4383,#4384);
#4382 = CARTESIAN_POINT('',(-136.85,-6.25,2.5));
#4383 = DIRECTION('',(0.,-1.,0.));
#4384 = DIRECTION('',(1.,0.,0.));
#4385 = ADVANCED_FACE('',(#4386),#4397,.F.);
#4386 = FACE_BOUND('',#4387,.F.);
#4387 = EDGE_LOOP('',(#4388,#4389,#4395,#4396));
#4388 = ORIENTED_EDGE('',*,*,#4374,.T.);
#4389 = ORIENTED_EDGE('',*,*,#4390,.T.);
#4390 = EDGE_CURVE('',#4367,#4342,#4391,.T.);
#4391 = LINE('',#4392,#4393);
#4392 = CARTESIAN_POINT('',(-129.85,-6.25,0.7));
#4393 = VECTOR('',#4394,1.);
#4394 = DIRECTION('',(0.,1.,0.));
#4395 = ORIENTED_EDGE('',*,*,#4341,.F.);
#4396 = ORIENTED_EDGE('',*,*,#2467,.F.);
#4397 = PLANE('',#4398);
#4398 = AXIS2_PLACEMENT_3D('',#4399,#4400,#4401);
#4399 = CARTESIAN_POINT('',(-129.85,-6.25,2.5));
#4400 = DIRECTION('',(1.,0.,0.));
#4401 = DIRECTION('',(0.,1.,0.));
#4402 = ADVANCED_FACE('',(#4403),#4422,.F.);
#4403 = FACE_BOUND('',#4404,.F.);
#4404 = EDGE_LOOP('',(#4405,#4413,#4420,#4421));
#4405 = ORIENTED_EDGE('',*,*,#4406,.T.);
#4406 = EDGE_CURVE('',#2484,#4407,#4409,.T.);
#4407 = VERTEX_POINT('',#4408);
#4408 = CARTESIAN_POINT('',(-116.95,-14.2,0.7));
#4409 = LINE('',#4410,#4411);
#4410 = CARTESIAN_POINT('',(-116.95,-14.2,2.5));
#4411 = VECTOR('',#4412,1.);
#4412 = DIRECTION('',(-0.,-0.,-1.));
#4413 = ORIENTED_EDGE('',*,*,#4414,.T.);
#4414 = EDGE_CURVE('',#4407,#4407,#4415,.T.);
#4415 = CIRCLE('',#4416,1.);
#4416 = AXIS2_PLACEMENT_3D('',#4417,#4418,#4419);
#4417 = CARTESIAN_POINT('',(-117.95,-14.2,0.7));
#4418 = DIRECTION('',(0.,0.,1.));
#4419 = DIRECTION('',(1.,0.,0.));
#4420 = ORIENTED_EDGE('',*,*,#4406,.F.);
#4421 = ORIENTED_EDGE('',*,*,#2483,.F.);
#4422 = CYLINDRICAL_SURFACE('',#4423,1.);
#4423 = AXIS2_PLACEMENT_3D('',#4424,#4425,#4426);
#4424 = CARTESIAN_POINT('',(-117.95,-14.2,2.5));
#4425 = DIRECTION('',(0.,0.,1.));
#4426 = DIRECTION('',(1.,0.,0.));
#4427 = ADVANCED_FACE('',(#4428),#4447,.F.);
#4428 = FACE_BOUND('',#4429,.F.);
#4429 = EDGE_LOOP('',(#4430,#4438,#4445,#4446));
#4430 = ORIENTED_EDGE('',*,*,#4431,.T.);
#4431 = EDGE_CURVE('',#2495,#4432,#4434,.T.);
#4432 = VERTEX_POINT('',#4433);
#4433 = CARTESIAN_POINT('',(-109.95,-15.25,0.7));
#4434 = LINE('',#4435,#4436);
#4435 = CARTESIAN_POINT('',(-109.95,-15.25,2.5));
#4436 = VECTOR('',#4437,1.);
#4437 = DIRECTION('',(-0.,-0.,-1.));
#4438 = ORIENTED_EDGE('',*,*,#4439,.T.);
#4439 = EDGE_CURVE('',#4432,#4432,#4440,.T.);
#4440 = CIRCLE('',#4441,1.);
#4441 = AXIS2_PLACEMENT_3D('',#4442,#4443,#4444);
#4442 = CARTESIAN_POINT('',(-110.95,-15.25,0.7));
#4443 = DIRECTION('',(0.,0.,1.));
#4444 = DIRECTION('',(1.,0.,0.));
#4445 = ORIENTED_EDGE('',*,*,#4431,.F.);
#4446 = ORIENTED_EDGE('',*,*,#2494,.F.);
#4447 = CYLINDRICAL_SURFACE('',#4448,1.);
#4448 = AXIS2_PLACEMENT_3D('',#4449,#4450,#4451);
#4449 = CARTESIAN_POINT('',(-110.95,-15.25,2.5));
#4450 = DIRECTION('',(0.,0.,1.));
#4451 = DIRECTION('',(1.,0.,0.));
#4452 = ADVANCED_FACE('',(#4453),#4478,.F.);
#4453 = FACE_BOUND('',#4454,.F.);
#4454 = EDGE_LOOP('',(#4455,#4463,#4471,#4477));
#4455 = ORIENTED_EDGE('',*,*,#4456,.T.);
#4456 = EDGE_CURVE('',#2506,#4457,#4459,.T.);
#4457 = VERTEX_POINT('',#4458);
#4458 = CARTESIAN_POINT('',(-117.85,-2.45,0.7));
#4459 = LINE('',#4460,#4461);
#4460 = CARTESIAN_POINT('',(-117.85,-2.45,2.5));
#4461 = VECTOR('',#4462,1.);
#4462 = DIRECTION('',(-0.,-0.,-1.));
#4463 = ORIENTED_EDGE('',*,*,#4464,.T.);
#4464 = EDGE_CURVE('',#4457,#4465,#4467,.T.);
#4465 = VERTEX_POINT('',#4466);
#4466 = CARTESIAN_POINT('',(-117.85,-6.25,0.7));
#4467 = LINE('',#4468,#4469);
#4468 = CARTESIAN_POINT('',(-117.85,-2.45,0.7));
#4469 = VECTOR('',#4470,1.);
#4470 = DIRECTION('',(0.,-1.,0.));
#4471 = ORIENTED_EDGE('',*,*,#4472,.F.);
#4472 = EDGE_CURVE('',#2508,#4465,#4473,.T.);
#4473 = LINE('',#4474,#4475);
#4474 = CARTESIAN_POINT('',(-117.85,-6.25,2.5));
#4475 = VECTOR('',#4476,1.);
#4476 = DIRECTION('',(-0.,-0.,-1.));
#4477 = ORIENTED_EDGE('',*,*,#2505,.F.);
#4478 = PLANE('',#4479);
#4479 = AXIS2_PLACEMENT_3D('',#4480,#4481,#4482);
#4480 = CARTESIAN_POINT('',(-117.85,-2.45,2.5));
#4481 = DIRECTION('',(-1.,0.,0.));
#4482 = DIRECTION('',(0.,-1.,0.));
#4483 = ADVANCED_FACE('',(#4484),#4502,.F.);
#4484 = FACE_BOUND('',#4485,.F.);
#4485 = EDGE_LOOP('',(#4486,#4494,#4500,#4501));
#4486 = ORIENTED_EDGE('',*,*,#4487,.T.);
#4487 = EDGE_CURVE('',#2516,#4488,#4490,.T.);
#4488 = VERTEX_POINT('',#4489);
#4489 = CARTESIAN_POINT('',(-110.85,-2.45,0.7));
#4490 = LINE('',#4491,#4492);
#4491 = CARTESIAN_POINT('',(-110.85,-2.45,2.5));
#4492 = VECTOR('',#4493,1.);
#4493 = DIRECTION('',(-0.,-0.,-1.));
#4494 = ORIENTED_EDGE('',*,*,#4495,.T.);
#4495 = EDGE_CURVE('',#4488,#4457,#4496,.T.);
#4496 = LINE('',#4497,#4498);
#4497 = CARTESIAN_POINT('',(-110.85,-2.45,0.7));
#4498 = VECTOR('',#4499,1.);
#4499 = DIRECTION('',(-1.,0.,0.));
#4500 = ORIENTED_EDGE('',*,*,#4456,.F.);
#4501 = ORIENTED_EDGE('',*,*,#2515,.F.);
#4502 = PLANE('',#4503);
#4503 = AXIS2_PLACEMENT_3D('',#4504,#4505,#4506);
#4504 = CARTESIAN_POINT('',(-110.85,-2.45,2.5));
#4505 = DIRECTION('',(0.,1.,0.));
#4506 = DIRECTION('',(-1.,0.,0.));
#4507 = ADVANCED_FACE('',(#4508),#4526,.F.);
#4508 = FACE_BOUND('',#4509,.F.);
#4509 = EDGE_LOOP('',(#4510,#4511,#4519,#4525));
#4510 = ORIENTED_EDGE('',*,*,#4472,.T.);
#4511 = ORIENTED_EDGE('',*,*,#4512,.T.);
#4512 = EDGE_CURVE('',#4465,#4513,#4515,.T.);
#4513 = VERTEX_POINT('',#4514);
#4514 = CARTESIAN_POINT('',(-110.85,-6.25,0.7));
#4515 = LINE('',#4516,#4517);
#4516 = CARTESIAN_POINT('',(-117.85,-6.25,0.7));
#4517 = VECTOR('',#4518,1.);
#4518 = DIRECTION('',(1.,0.,0.));
#4519 = ORIENTED_EDGE('',*,*,#4520,.F.);
#4520 = EDGE_CURVE('',#2524,#4513,#4521,.T.);
#4521 = LINE('',#4522,#4523);
#4522 = CARTESIAN_POINT('',(-110.85,-6.25,2.5));
#4523 = VECTOR('',#4524,1.);
#4524 = DIRECTION('',(-0.,-0.,-1.));
#4525 = ORIENTED_EDGE('',*,*,#2531,.F.);
#4526 = PLANE('',#4527);
#4527 = AXIS2_PLACEMENT_3D('',#4528,#4529,#4530);
#4528 = CARTESIAN_POINT('',(-117.85,-6.25,2.5));
#4529 = DIRECTION('',(0.,-1.,0.));
#4530 = DIRECTION('',(1.,0.,0.));
#4531 = ADVANCED_FACE('',(#4532),#4543,.F.);
#4532 = FACE_BOUND('',#4533,.F.);
#4533 = EDGE_LOOP('',(#4534,#4535,#4541,#4542));
#4534 = ORIENTED_EDGE('',*,*,#4520,.T.);
#4535 = ORIENTED_EDGE('',*,*,#4536,.T.);
#4536 = EDGE_CURVE('',#4513,#4488,#4537,.T.);
#4537 = LINE('',#4538,#4539);
#4538 = CARTESIAN_POINT('',(-110.85,-6.25,0.7));
#4539 = VECTOR('',#4540,1.);
#4540 = DIRECTION('',(0.,1.,0.));
#4541 = ORIENTED_EDGE('',*,*,#4487,.F.);
#4542 = ORIENTED_EDGE('',*,*,#2523,.F.);
#4543 = PLANE('',#4544);
#4544 = AXIS2_PLACEMENT_3D('',#4545,#4546,#4547);
#4545 = CARTESIAN_POINT('',(-110.85,-6.25,2.5));
#4546 = DIRECTION('',(1.,0.,0.));
#4547 = DIRECTION('',(0.,1.,0.));
#4548 = ADVANCED_FACE('',(#4549),#4568,.F.);
#4549 = FACE_BOUND('',#4550,.F.);
#4550 = EDGE_LOOP('',(#4551,#4559,#4566,#4567));
#4551 = ORIENTED_EDGE('',*,*,#4552,.T.);
#4552 = EDGE_CURVE('',#2540,#4553,#4555,.T.);
#4553 = VERTEX_POINT('',#4554);
#4554 = CARTESIAN_POINT('',(-110.85,-9.5,0.7));
#4555 = LINE('',#4556,#4557);
#4556 = CARTESIAN_POINT('',(-110.85,-9.5,2.5));
#4557 = VECTOR('',#4558,1.);
#4558 = DIRECTION('',(-0.,-0.,-1.));
#4559 = ORIENTED_EDGE('',*,*,#4560,.T.);
#4560 = EDGE_CURVE('',#4553,#4553,#4561,.T.);
#4561 = CIRCLE('',#4562,2.7);
#4562 = AXIS2_PLACEMENT_3D('',#4563,#4564,#4565);
#4563 = CARTESIAN_POINT('',(-113.55,-9.5,0.7));
#4564 = DIRECTION('',(0.,0.,1.));
#4565 = DIRECTION('',(1.,0.,0.));
#4566 = ORIENTED_EDGE('',*,*,#4552,.F.);
#4567 = ORIENTED_EDGE('',*,*,#2539,.F.);
#4568 = CYLINDRICAL_SURFACE('',#4569,2.7);
#4569 = AXIS2_PLACEMENT_3D('',#4570,#4571,#4572);
#4570 = CARTESIAN_POINT('',(-113.55,-9.5,2.5));
#4571 = DIRECTION('',(0.,0.,1.));
#4572 = DIRECTION('',(1.,0.,0.));
#4573 = ADVANCED_FACE('',(#4574),#4593,.F.);
#4574 = FACE_BOUND('',#4575,.F.);
#4575 = EDGE_LOOP('',(#4576,#4584,#4591,#4592));
#4576 = ORIENTED_EDGE('',*,*,#4577,.T.);
#4577 = EDGE_CURVE('',#2551,#4578,#4580,.T.);
#4578 = VERTEX_POINT('',#4579);
#4579 = CARTESIAN_POINT('',(-97.95,-33.2,0.7));
#4580 = LINE('',#4581,#4582);
#4581 = CARTESIAN_POINT('',(-97.95,-33.2,2.5));
#4582 = VECTOR('',#4583,1.);
#4583 = DIRECTION('',(-0.,-0.,-1.));
#4584 = ORIENTED_EDGE('',*,*,#4585,.T.);
#4585 = EDGE_CURVE('',#4578,#4578,#4586,.T.);
#4586 = CIRCLE('',#4587,1.);
#4587 = AXIS2_PLACEMENT_3D('',#4588,#4589,#4590);
#4588 = CARTESIAN_POINT('',(-98.95,-33.2,0.7));
#4589 = DIRECTION('',(0.,0.,1.));
#4590 = DIRECTION('',(1.,0.,0.));
#4591 = ORIENTED_EDGE('',*,*,#4577,.F.);
#4592 = ORIENTED_EDGE('',*,*,#2550,.F.);
#4593 = CYLINDRICAL_SURFACE('',#4594,1.);
#4594 = AXIS2_PLACEMENT_3D('',#4595,#4596,#4597);
#4595 = CARTESIAN_POINT('',(-98.95,-33.2,2.5));
#4596 = DIRECTION('',(0.,0.,1.));
#4597 = DIRECTION('',(1.,0.,0.));
#4598 = ADVANCED_FACE('',(#4599),#4618,.F.);
#4599 = FACE_BOUND('',#4600,.F.);
#4600 = EDGE_LOOP('',(#4601,#4609,#4616,#4617));
#4601 = ORIENTED_EDGE('',*,*,#4602,.T.);
#4602 = EDGE_CURVE('',#2562,#4603,#4605,.T.);
#4603 = VERTEX_POINT('',#4604);
#4604 = CARTESIAN_POINT('',(-90.95,-34.25,0.7));
#4605 = LINE('',#4606,#4607);
#4606 = CARTESIAN_POINT('',(-90.95,-34.25,2.5));
#4607 = VECTOR('',#4608,1.);
#4608 = DIRECTION('',(-0.,-0.,-1.));
#4609 = ORIENTED_EDGE('',*,*,#4610,.T.);
#4610 = EDGE_CURVE('',#4603,#4603,#4611,.T.);
#4611 = CIRCLE('',#4612,1.);
#4612 = AXIS2_PLACEMENT_3D('',#4613,#4614,#4615);
#4613 = CARTESIAN_POINT('',(-91.95,-34.25,0.7));
#4614 = DIRECTION('',(0.,0.,1.));
#4615 = DIRECTION('',(1.,0.,0.));
#4616 = ORIENTED_EDGE('',*,*,#4602,.F.);
#4617 = ORIENTED_EDGE('',*,*,#2561,.F.);
#4618 = CYLINDRICAL_SURFACE('',#4619,1.);
#4619 = AXIS2_PLACEMENT_3D('',#4620,#4621,#4622);
#4620 = CARTESIAN_POINT('',(-91.95,-34.25,2.5));
#4621 = DIRECTION('',(0.,0.,1.));
#4622 = DIRECTION('',(1.,0.,0.));
#4623 = ADVANCED_FACE('',(#4624),#4643,.F.);
#4624 = FACE_BOUND('',#4625,.F.);
#4625 = EDGE_LOOP('',(#4626,#4634,#4641,#4642));
#4626 = ORIENTED_EDGE('',*,*,#4627,.T.);
#4627 = EDGE_CURVE('',#2573,#4628,#4630,.T.);
#4628 = VERTEX_POINT('',#4629);
#4629 = CARTESIAN_POINT('',(-91.85,-28.5,0.7));
#4630 = LINE('',#4631,#4632);
#4631 = CARTESIAN_POINT('',(-91.85,-28.5,2.5));
#4632 = VECTOR('',#4633,1.);
#4633 = DIRECTION('',(-0.,-0.,-1.));
#4634 = ORIENTED_EDGE('',*,*,#4635,.T.);
#4635 = EDGE_CURVE('',#4628,#4628,#4636,.T.);
#4636 = CIRCLE('',#4637,2.7);
#4637 = AXIS2_PLACEMENT_3D('',#4638,#4639,#4640);
#4638 = CARTESIAN_POINT('',(-94.55,-28.5,0.7));
#4639 = DIRECTION('',(0.,0.,1.));
#4640 = DIRECTION('',(1.,0.,0.));
#4641 = ORIENTED_EDGE('',*,*,#4627,.F.);
#4642 = ORIENTED_EDGE('',*,*,#2572,.F.);
#4643 = CYLINDRICAL_SURFACE('',#4644,2.7);
#4644 = AXIS2_PLACEMENT_3D('',#4645,#4646,#4647);
#4645 = CARTESIAN_POINT('',(-94.55,-28.5,2.5));
#4646 = DIRECTION('',(0.,0.,1.));
#4647 = DIRECTION('',(1.,0.,0.));
#4648 = ADVANCED_FACE('',(#4649),#4668,.F.);
#4649 = FACE_BOUND('',#4650,.F.);
#4650 = EDGE_LOOP('',(#4651,#4659,#4666,#4667));
#4651 = ORIENTED_EDGE('',*,*,#4652,.T.);
#4652 = EDGE_CURVE('',#2584,#4653,#4655,.T.);
#4653 = VERTEX_POINT('',#4654);
#4654 = CARTESIAN_POINT('',(-78.95,-33.2,0.7));
#4655 = LINE('',#4656,#4657);
#4656 = CARTESIAN_POINT('',(-78.95,-33.2,2.5));
#4657 = VECTOR('',#4658,1.);
#4658 = DIRECTION('',(-0.,-0.,-1.));
#4659 = ORIENTED_EDGE('',*,*,#4660,.T.);
#4660 = EDGE_CURVE('',#4653,#4653,#4661,.T.);
#4661 = CIRCLE('',#4662,1.);
#4662 = AXIS2_PLACEMENT_3D('',#4663,#4664,#4665);
#4663 = CARTESIAN_POINT('',(-79.95,-33.2,0.7));
#4664 = DIRECTION('',(0.,0.,1.));
#4665 = DIRECTION('',(1.,0.,0.));
#4666 = ORIENTED_EDGE('',*,*,#4652,.F.);
#4667 = ORIENTED_EDGE('',*,*,#2583,.F.);
#4668 = CYLINDRICAL_SURFACE('',#4669,1.);
#4669 = AXIS2_PLACEMENT_3D('',#4670,#4671,#4672);
#4670 = CARTESIAN_POINT('',(-79.95,-33.2,2.5));
#4671 = DIRECTION('',(0.,0.,1.));
#4672 = DIRECTION('',(1.,0.,0.));
#4673 = ADVANCED_FACE('',(#4674),#4693,.F.);
#4674 = FACE_BOUND('',#4675,.F.);
#4675 = EDGE_LOOP('',(#4676,#4684,#4691,#4692));
#4676 = ORIENTED_EDGE('',*,*,#4677,.T.);
#4677 = EDGE_CURVE('',#2595,#4678,#4680,.T.);
#4678 = VERTEX_POINT('',#4679);
#4679 = CARTESIAN_POINT('',(-71.95,-34.25,0.7));
#4680 = LINE('',#4681,#4682);
#4681 = CARTESIAN_POINT('',(-71.95,-34.25,2.5));
#4682 = VECTOR('',#4683,1.);
#4683 = DIRECTION('',(-0.,-0.,-1.));
#4684 = ORIENTED_EDGE('',*,*,#4685,.T.);
#4685 = EDGE_CURVE('',#4678,#4678,#4686,.T.);
#4686 = CIRCLE('',#4687,1.);
#4687 = AXIS2_PLACEMENT_3D('',#4688,#4689,#4690);
#4688 = CARTESIAN_POINT('',(-72.95,-34.25,0.7));
#4689 = DIRECTION('',(0.,0.,1.));
#4690 = DIRECTION('',(1.,0.,0.));
#4691 = ORIENTED_EDGE('',*,*,#4677,.F.);
#4692 = ORIENTED_EDGE('',*,*,#2594,.F.);
#4693 = CYLINDRICAL_SURFACE('',#4694,1.);
#4694 = AXIS2_PLACEMENT_3D('',#4695,#4696,#4697);
#4695 = CARTESIAN_POINT('',(-72.95,-34.25,2.5));
#4696 = DIRECTION('',(0.,0.,1.));
#4697 = DIRECTION('',(1.,0.,0.));
#4698 = ADVANCED_FACE('',(#4699),#4718,.F.);
#4699 = FACE_BOUND('',#4700,.F.);
#4700 = EDGE_LOOP('',(#4701,#4709,#4716,#4717));
#4701 = ORIENTED_EDGE('',*,*,#4702,.T.);
#4702 = EDGE_CURVE('',#2606,#4703,#4705,.T.);
#4703 = VERTEX_POINT('',#4704);
#4704 = CARTESIAN_POINT('',(-72.85,-28.5,0.7));
#4705 = LINE('',#4706,#4707);
#4706 = CARTESIAN_POINT('',(-72.85,-28.5,2.5));
#4707 = VECTOR('',#4708,1.);
#4708 = DIRECTION('',(-0.,-0.,-1.));
#4709 = ORIENTED_EDGE('',*,*,#4710,.T.);
#4710 = EDGE_CURVE('',#4703,#4703,#4711,.T.);
#4711 = CIRCLE('',#4712,2.7);
#4712 = AXIS2_PLACEMENT_3D('',#4713,#4714,#4715);
#4713 = CARTESIAN_POINT('',(-75.55,-28.5,0.7));
#4714 = DIRECTION('',(0.,0.,1.));
#4715 = DIRECTION('',(1.,0.,0.));
#4716 = ORIENTED_EDGE('',*,*,#4702,.F.);
#4717 = ORIENTED_EDGE('',*,*,#2605,.F.);
#4718 = CYLINDRICAL_SURFACE('',#4719,2.7);
#4719 = AXIS2_PLACEMENT_3D('',#4720,#4721,#4722);
#4720 = CARTESIAN_POINT('',(-75.55,-28.5,2.5));
#4721 = DIRECTION('',(0.,0.,1.));
#4722 = DIRECTION('',(1.,0.,0.));
#4723 = ADVANCED_FACE('',(#4724),#4749,.F.);
#4724 = FACE_BOUND('',#4725,.F.);
#4725 = EDGE_LOOP('',(#4726,#4734,#4742,#4748));
#4726 = ORIENTED_EDGE('',*,*,#4727,.T.);
#4727 = EDGE_CURVE('',#2617,#4728,#4730,.T.);
#4728 = VERTEX_POINT('',#4729);
#4729 = CARTESIAN_POINT('',(-98.85,-21.45,0.7));
#4730 = LINE('',#4731,#4732);
#4731 = CARTESIAN_POINT('',(-98.85,-21.45,2.5));
#4732 = VECTOR('',#4733,1.);
#4733 = DIRECTION('',(-0.,-0.,-1.));
#4734 = ORIENTED_EDGE('',*,*,#4735,.T.);
#4735 = EDGE_CURVE('',#4728,#4736,#4738,.T.);
#4736 = VERTEX_POINT('',#4737);
#4737 = CARTESIAN_POINT('',(-98.85,-25.25,0.7));
#4738 = LINE('',#4739,#4740);
#4739 = CARTESIAN_POINT('',(-98.85,-21.45,0.7));
#4740 = VECTOR('',#4741,1.);
#4741 = DIRECTION('',(0.,-1.,0.));
#4742 = ORIENTED_EDGE('',*,*,#4743,.F.);
#4743 = EDGE_CURVE('',#2619,#4736,#4744,.T.);
#4744 = LINE('',#4745,#4746);
#4745 = CARTESIAN_POINT('',(-98.85,-25.25,2.5));
#4746 = VECTOR('',#4747,1.);
#4747 = DIRECTION('',(-0.,-0.,-1.));
#4748 = ORIENTED_EDGE('',*,*,#2616,.F.);
#4749 = PLANE('',#4750);
#4750 = AXIS2_PLACEMENT_3D('',#4751,#4752,#4753);
#4751 = CARTESIAN_POINT('',(-98.85,-21.45,2.5));
#4752 = DIRECTION('',(-1.,0.,0.));
#4753 = DIRECTION('',(0.,-1.,0.));
#4754 = ADVANCED_FACE('',(#4755),#4773,.F.);
#4755 = FACE_BOUND('',#4756,.F.);
#4756 = EDGE_LOOP('',(#4757,#4765,#4771,#4772));
#4757 = ORIENTED_EDGE('',*,*,#4758,.T.);
#4758 = EDGE_CURVE('',#2627,#4759,#4761,.T.);
#4759 = VERTEX_POINT('',#4760);
#4760 = CARTESIAN_POINT('',(-91.85,-21.45,0.7));
#4761 = LINE('',#4762,#4763);
#4762 = CARTESIAN_POINT('',(-91.85,-21.45,2.5));
#4763 = VECTOR('',#4764,1.);
#4764 = DIRECTION('',(-0.,-0.,-1.));
#4765 = ORIENTED_EDGE('',*,*,#4766,.T.);
#4766 = EDGE_CURVE('',#4759,#4728,#4767,.T.);
#4767 = LINE('',#4768,#4769);
#4768 = CARTESIAN_POINT('',(-91.85,-21.45,0.7));
#4769 = VECTOR('',#4770,1.);
#4770 = DIRECTION('',(-1.,0.,0.));
#4771 = ORIENTED_EDGE('',*,*,#4727,.F.);
#4772 = ORIENTED_EDGE('',*,*,#2626,.F.);
#4773 = PLANE('',#4774);
#4774 = AXIS2_PLACEMENT_3D('',#4775,#4776,#4777);
#4775 = CARTESIAN_POINT('',(-91.85,-21.45,2.5));
#4776 = DIRECTION('',(0.,1.,0.));
#4777 = DIRECTION('',(-1.,0.,0.));
#4778 = ADVANCED_FACE('',(#4779),#4797,.F.);
#4779 = FACE_BOUND('',#4780,.F.);
#4780 = EDGE_LOOP('',(#4781,#4782,#4790,#4796));
#4781 = ORIENTED_EDGE('',*,*,#4743,.T.);
#4782 = ORIENTED_EDGE('',*,*,#4783,.T.);
#4783 = EDGE_CURVE('',#4736,#4784,#4786,.T.);
#4784 = VERTEX_POINT('',#4785);
#4785 = CARTESIAN_POINT('',(-91.85,-25.25,0.7));
#4786 = LINE('',#4787,#4788);
#4787 = CARTESIAN_POINT('',(-98.85,-25.25,0.7));
#4788 = VECTOR('',#4789,1.);
#4789 = DIRECTION('',(1.,0.,0.));
#4790 = ORIENTED_EDGE('',*,*,#4791,.F.);
#4791 = EDGE_CURVE('',#2635,#4784,#4792,.T.);
#4792 = LINE('',#4793,#4794);
#4793 = CARTESIAN_POINT('',(-91.85,-25.25,2.5));
#4794 = VECTOR('',#4795,1.);
#4795 = DIRECTION('',(-0.,-0.,-1.));
#4796 = ORIENTED_EDGE('',*,*,#2642,.F.);
#4797 = PLANE('',#4798);
#4798 = AXIS2_PLACEMENT_3D('',#4799,#4800,#4801);
#4799 = CARTESIAN_POINT('',(-98.85,-25.25,2.5));
#4800 = DIRECTION('',(0.,-1.,0.));
#4801 = DIRECTION('',(1.,0.,0.));
#4802 = ADVANCED_FACE('',(#4803),#4814,.F.);
#4803 = FACE_BOUND('',#4804,.F.);
#4804 = EDGE_LOOP('',(#4805,#4806,#4812,#4813));
#4805 = ORIENTED_EDGE('',*,*,#4791,.T.);
#4806 = ORIENTED_EDGE('',*,*,#4807,.T.);
#4807 = EDGE_CURVE('',#4784,#4759,#4808,.T.);
#4808 = LINE('',#4809,#4810);
#4809 = CARTESIAN_POINT('',(-91.85,-25.25,0.7));
#4810 = VECTOR('',#4811,1.);
#4811 = DIRECTION('',(0.,1.,0.));
#4812 = ORIENTED_EDGE('',*,*,#4758,.F.);
#4813 = ORIENTED_EDGE('',*,*,#2634,.F.);
#4814 = PLANE('',#4815);
#4815 = AXIS2_PLACEMENT_3D('',#4816,#4817,#4818);
#4816 = CARTESIAN_POINT('',(-91.85,-25.25,2.5));
#4817 = DIRECTION('',(1.,0.,0.));
#4818 = DIRECTION('',(0.,1.,0.));
#4819 = ADVANCED_FACE('',(#4820),#4845,.F.);
#4820 = FACE_BOUND('',#4821,.F.);
#4821 = EDGE_LOOP('',(#4822,#4830,#4838,#4844));
#4822 = ORIENTED_EDGE('',*,*,#4823,.T.);
#4823 = EDGE_CURVE('',#2651,#4824,#4826,.T.);
#4824 = VERTEX_POINT('',#4825);
#4825 = CARTESIAN_POINT('',(-79.85,-21.45,0.7));
#4826 = LINE('',#4827,#4828);
#4827 = CARTESIAN_POINT('',(-79.85,-21.45,2.5));
#4828 = VECTOR('',#4829,1.);
#4829 = DIRECTION('',(-0.,-0.,-1.));
#4830 = ORIENTED_EDGE('',*,*,#4831,.T.);
#4831 = EDGE_CURVE('',#4824,#4832,#4834,.T.);
#4832 = VERTEX_POINT('',#4833);
#4833 = CARTESIAN_POINT('',(-79.85,-25.25,0.7));
#4834 = LINE('',#4835,#4836);
#4835 = CARTESIAN_POINT('',(-79.85,-21.45,0.7));
#4836 = VECTOR('',#4837,1.);
#4837 = DIRECTION('',(0.,-1.,0.));
#4838 = ORIENTED_EDGE('',*,*,#4839,.F.);
#4839 = EDGE_CURVE('',#2653,#4832,#4840,.T.);
#4840 = LINE('',#4841,#4842);
#4841 = CARTESIAN_POINT('',(-79.85,-25.25,2.5));
#4842 = VECTOR('',#4843,1.);
#4843 = DIRECTION('',(-0.,-0.,-1.));
#4844 = ORIENTED_EDGE('',*,*,#2650,.F.);
#4845 = PLANE('',#4846);
#4846 = AXIS2_PLACEMENT_3D('',#4847,#4848,#4849);
#4847 = CARTESIAN_POINT('',(-79.85,-21.45,2.5));
#4848 = DIRECTION('',(-1.,0.,0.));
#4849 = DIRECTION('',(0.,-1.,0.));
#4850 = ADVANCED_FACE('',(#4851),#4869,.F.);
#4851 = FACE_BOUND('',#4852,.F.);
#4852 = EDGE_LOOP('',(#4853,#4861,#4867,#4868));
#4853 = ORIENTED_EDGE('',*,*,#4854,.T.);
#4854 = EDGE_CURVE('',#2661,#4855,#4857,.T.);
#4855 = VERTEX_POINT('',#4856);
#4856 = CARTESIAN_POINT('',(-72.85,-21.45,0.7));
#4857 = LINE('',#4858,#4859);
#4858 = CARTESIAN_POINT('',(-72.85,-21.45,2.5));
#4859 = VECTOR('',#4860,1.);
#4860 = DIRECTION('',(-0.,-0.,-1.));
#4861 = ORIENTED_EDGE('',*,*,#4862,.T.);
#4862 = EDGE_CURVE('',#4855,#4824,#4863,.T.);
#4863 = LINE('',#4864,#4865);
#4864 = CARTESIAN_POINT('',(-72.85,-21.45,0.7));
#4865 = VECTOR('',#4866,1.);
#4866 = DIRECTION('',(-1.,0.,0.));
#4867 = ORIENTED_EDGE('',*,*,#4823,.F.);
#4868 = ORIENTED_EDGE('',*,*,#2660,.F.);
#4869 = PLANE('',#4870);
#4870 = AXIS2_PLACEMENT_3D('',#4871,#4872,#4873);
#4871 = CARTESIAN_POINT('',(-72.85,-21.45,2.5));
#4872 = DIRECTION('',(0.,1.,0.));
#4873 = DIRECTION('',(-1.,0.,0.));
#4874 = ADVANCED_FACE('',(#4875),#4893,.F.);
#4875 = FACE_BOUND('',#4876,.F.);
#4876 = EDGE_LOOP('',(#4877,#4878,#4886,#4892));
#4877 = ORIENTED_EDGE('',*,*,#4839,.T.);
#4878 = ORIENTED_EDGE('',*,*,#4879,.T.);
#4879 = EDGE_CURVE('',#4832,#4880,#4882,.T.);
#4880 = VERTEX_POINT('',#4881);
#4881 = CARTESIAN_POINT('',(-72.85,-25.25,0.7));
#4882 = LINE('',#4883,#4884);
#4883 = CARTESIAN_POINT('',(-79.85,-25.25,0.7));
#4884 = VECTOR('',#4885,1.);
#4885 = DIRECTION('',(1.,0.,0.));
#4886 = ORIENTED_EDGE('',*,*,#4887,.F.);
#4887 = EDGE_CURVE('',#2669,#4880,#4888,.T.);
#4888 = LINE('',#4889,#4890);
#4889 = CARTESIAN_POINT('',(-72.85,-25.25,2.5));
#4890 = VECTOR('',#4891,1.);
#4891 = DIRECTION('',(-0.,-0.,-1.));
#4892 = ORIENTED_EDGE('',*,*,#2676,.F.);
#4893 = PLANE('',#4894);
#4894 = AXIS2_PLACEMENT_3D('',#4895,#4896,#4897);
#4895 = CARTESIAN_POINT('',(-79.85,-25.25,2.5));
#4896 = DIRECTION('',(0.,-1.,0.));
#4897 = DIRECTION('',(1.,0.,0.));
#4898 = ADVANCED_FACE('',(#4899),#4910,.F.);
#4899 = FACE_BOUND('',#4900,.F.);
#4900 = EDGE_LOOP('',(#4901,#4902,#4908,#4909));
#4901 = ORIENTED_EDGE('',*,*,#4887,.T.);
#4902 = ORIENTED_EDGE('',*,*,#4903,.T.);
#4903 = EDGE_CURVE('',#4880,#4855,#4904,.T.);
#4904 = LINE('',#4905,#4906);
#4905 = CARTESIAN_POINT('',(-72.85,-25.25,0.7));
#4906 = VECTOR('',#4907,1.);
#4907 = DIRECTION('',(0.,1.,0.));
#4908 = ORIENTED_EDGE('',*,*,#4854,.F.);
#4909 = ORIENTED_EDGE('',*,*,#2668,.F.);
#4910 = PLANE('',#4911);
#4911 = AXIS2_PLACEMENT_3D('',#4912,#4913,#4914);
#4912 = CARTESIAN_POINT('',(-72.85,-25.25,2.5));
#4913 = DIRECTION('',(1.,0.,0.));
#4914 = DIRECTION('',(0.,1.,0.));
#4915 = ADVANCED_FACE('',(#4916),#4941,.F.);
#4916 = FACE_BOUND('',#4917,.F.);
#4917 = EDGE_LOOP('',(#4918,#4926,#4934,#4940));
#4918 = ORIENTED_EDGE('',*,*,#4919,.T.);
#4919 = EDGE_CURVE('',#2685,#4920,#4922,.T.);
#4920 = VERTEX_POINT('',#4921);
#4921 = CARTESIAN_POINT('',(-38.125,-37.375,0.7));
#4922 = LINE('',#4923,#4924);
#4923 = CARTESIAN_POINT('',(-38.125,-37.375,2.5));
#4924 = VECTOR('',#4925,1.);
#4925 = DIRECTION('',(-0.,-0.,-1.));
#4926 = ORIENTED_EDGE('',*,*,#4927,.T.);
#4927 = EDGE_CURVE('',#4920,#4928,#4930,.T.);
#4928 = VERTEX_POINT('',#4929);
#4929 = CARTESIAN_POINT('',(-38.125,-27.375,0.7));
#4930 = LINE('',#4931,#4932);
#4931 = CARTESIAN_POINT('',(-38.125,-37.375,0.7));
#4932 = VECTOR('',#4933,1.);
#4933 = DIRECTION('',(0.,1.,0.));
#4934 = ORIENTED_EDGE('',*,*,#4935,.F.);
#4935 = EDGE_CURVE('',#2687,#4928,#4936,.T.);
#4936 = LINE('',#4937,#4938);
#4937 = CARTESIAN_POINT('',(-38.125,-27.375,2.5));
#4938 = VECTOR('',#4939,1.);
#4939 = DIRECTION('',(-0.,-0.,-1.));
#4940 = ORIENTED_EDGE('',*,*,#2684,.F.);
#4941 = PLANE('',#4942);
#4942 = AXIS2_PLACEMENT_3D('',#4943,#4944,#4945);
#4943 = CARTESIAN_POINT('',(-38.125,-37.375,2.5));
#4944 = DIRECTION('',(1.,0.,0.));
#4945 = DIRECTION('',(0.,1.,0.));
#4946 = ADVANCED_FACE('',(#4947),#4965,.F.);
#4947 = FACE_BOUND('',#4948,.F.);
#4948 = EDGE_LOOP('',(#4949,#4950,#4958,#4964));
#4949 = ORIENTED_EDGE('',*,*,#4935,.T.);
#4950 = ORIENTED_EDGE('',*,*,#4951,.T.);
#4951 = EDGE_CURVE('',#4928,#4952,#4954,.T.);
#4952 = VERTEX_POINT('',#4953);
#4953 = CARTESIAN_POINT('',(-53.125,-27.375,0.7));
#4954 = LINE('',#4955,#4956);
#4955 = CARTESIAN_POINT('',(-38.125,-27.375,0.7));
#4956 = VECTOR('',#4957,1.);
#4957 = DIRECTION('',(-1.,0.,0.));
#4958 = ORIENTED_EDGE('',*,*,#4959,.F.);
#4959 = EDGE_CURVE('',#2703,#4952,#4960,.T.);
#4960 = LINE('',#4961,#4962);
#4961 = CARTESIAN_POINT('',(-53.125,-27.375,2.5));
#4962 = VECTOR('',#4963,1.);
#4963 = DIRECTION('',(-0.,-0.,-1.));
#4964 = ORIENTED_EDGE('',*,*,#2710,.F.);
#4965 = PLANE('',#4966);
#4966 = AXIS2_PLACEMENT_3D('',#4967,#4968,#4969);
#4967 = CARTESIAN_POINT('',(-38.125,-27.375,2.5));
#4968 = DIRECTION('',(0.,1.,0.));
#4969 = DIRECTION('',(-1.,0.,0.));
#4970 = ADVANCED_FACE('',(#4971),#4989,.F.);
#4971 = FACE_BOUND('',#4972,.F.);
#4972 = EDGE_LOOP('',(#4973,#4974,#4982,#4988));
#4973 = ORIENTED_EDGE('',*,*,#4959,.T.);
#4974 = ORIENTED_EDGE('',*,*,#4975,.T.);
#4975 = EDGE_CURVE('',#4952,#4976,#4978,.T.);
#4976 = VERTEX_POINT('',#4977);
#4977 = CARTESIAN_POINT('',(-53.125,-37.375,0.7));
#4978 = LINE('',#4979,#4980);
#4979 = CARTESIAN_POINT('',(-53.125,-27.375,0.7));
#4980 = VECTOR('',#4981,1.);
#4981 = DIRECTION('',(0.,-1.,0.));
#4982 = ORIENTED_EDGE('',*,*,#4983,.F.);
#4983 = EDGE_CURVE('',#2695,#4976,#4984,.T.);
#4984 = LINE('',#4985,#4986);
#4985 = CARTESIAN_POINT('',(-53.125,-37.375,2.5));
#4986 = VECTOR('',#4987,1.);
#4987 = DIRECTION('',(-0.,-0.,-1.));
#4988 = ORIENTED_EDGE('',*,*,#2702,.F.);
#4989 = PLANE('',#4990);
#4990 = AXIS2_PLACEMENT_3D('',#4991,#4992,#4993);
#4991 = CARTESIAN_POINT('',(-53.125,-27.375,2.5));
#4992 = DIRECTION('',(-1.,0.,0.));
#4993 = DIRECTION('',(0.,-1.,0.));
#4994 = ADVANCED_FACE('',(#4995),#5006,.F.);
#4995 = FACE_BOUND('',#4996,.F.);
#4996 = EDGE_LOOP('',(#4997,#4998,#5004,#5005));
#4997 = ORIENTED_EDGE('',*,*,#4983,.T.);
#4998 = ORIENTED_EDGE('',*,*,#4999,.T.);
#4999 = EDGE_CURVE('',#4976,#4920,#5000,.T.);
#5000 = LINE('',#5001,#5002);
#5001 = CARTESIAN_POINT('',(-53.125,-37.375,0.7));
#5002 = VECTOR('',#5003,1.);
#5003 = DIRECTION('',(1.,0.,0.));
#5004 = ORIENTED_EDGE('',*,*,#4919,.F.);
#5005 = ORIENTED_EDGE('',*,*,#2694,.F.);
#5006 = PLANE('',#5007);
#5007 = AXIS2_PLACEMENT_3D('',#5008,#5009,#5010);
#5008 = CARTESIAN_POINT('',(-53.125,-37.375,2.5));
#5009 = DIRECTION('',(0.,-1.,0.));
#5010 = DIRECTION('',(1.,0.,0.));
#5011 = ADVANCED_FACE('',(#5012),#5037,.F.);
#5012 = FACE_BOUND('',#5013,.F.);
#5013 = EDGE_LOOP('',(#5014,#5022,#5030,#5036));
#5014 = ORIENTED_EDGE('',*,*,#5015,.T.);
#5015 = EDGE_CURVE('',#2719,#5016,#5018,.T.);
#5016 = VERTEX_POINT('',#5017);
#5017 = CARTESIAN_POINT('',(-57.5,-18.,0.7));
#5018 = LINE('',#5019,#5020);
#5019 = CARTESIAN_POINT('',(-57.5,-18.,2.5));
#5020 = VECTOR('',#5021,1.);
#5021 = DIRECTION('',(-0.,-0.,-1.));
#5022 = ORIENTED_EDGE('',*,*,#5023,.T.);
#5023 = EDGE_CURVE('',#5016,#5024,#5026,.T.);
#5024 = VERTEX_POINT('',#5025);
#5025 = CARTESIAN_POINT('',(-57.5,-20.6,0.7));
#5026 = LINE('',#5027,#5028);
#5027 = CARTESIAN_POINT('',(-57.5,-18.,0.7));
#5028 = VECTOR('',#5029,1.);
#5029 = DIRECTION('',(0.,-1.,0.));
#5030 = ORIENTED_EDGE('',*,*,#5031,.F.);
#5031 = EDGE_CURVE('',#2721,#5024,#5032,.T.);
#5032 = LINE('',#5033,#5034);
#5033 = CARTESIAN_POINT('',(-57.5,-20.6,2.5));
#5034 = VECTOR('',#5035,1.);
#5035 = DIRECTION('',(-0.,-0.,-1.));
#5036 = ORIENTED_EDGE('',*,*,#2718,.F.);
#5037 = PLANE('',#5038);
#5038 = AXIS2_PLACEMENT_3D('',#5039,#5040,#5041);
#5039 = CARTESIAN_POINT('',(-57.5,-18.,2.5));
#5040 = DIRECTION('',(-1.,0.,0.));
#5041 = DIRECTION('',(0.,-1.,0.));
#5042 = ADVANCED_FACE('',(#5043),#5061,.F.);
#5043 = FACE_BOUND('',#5044,.F.);
#5044 = EDGE_LOOP('',(#5045,#5053,#5059,#5060));
#5045 = ORIENTED_EDGE('',*,*,#5046,.T.);
#5046 = EDGE_CURVE('',#2729,#5047,#5049,.T.);
#5047 = VERTEX_POINT('',#5048);
#5048 = CARTESIAN_POINT('',(-47.5,-18.,0.7));
#5049 = LINE('',#5050,#5051);
#5050 = CARTESIAN_POINT('',(-47.5,-18.,2.5));
#5051 = VECTOR('',#5052,1.);
#5052 = DIRECTION('',(-0.,-0.,-1.));
#5053 = ORIENTED_EDGE('',*,*,#5054,.T.);
#5054 = EDGE_CURVE('',#5047,#5016,#5055,.T.);
#5055 = LINE('',#5056,#5057);
#5056 = CARTESIAN_POINT('',(-47.5,-18.,0.7));
#5057 = VECTOR('',#5058,1.);
#5058 = DIRECTION('',(-1.,0.,0.));
#5059 = ORIENTED_EDGE('',*,*,#5015,.F.);
#5060 = ORIENTED_EDGE('',*,*,#2728,.F.);
#5061 = PLANE('',#5062);
#5062 = AXIS2_PLACEMENT_3D('',#5063,#5064,#5065);
#5063 = CARTESIAN_POINT('',(-47.5,-18.,2.5));
#5064 = DIRECTION('',(0.,1.,0.));
#5065 = DIRECTION('',(-1.,0.,0.));
#5066 = ADVANCED_FACE('',(#5067),#5085,.F.);
#5067 = FACE_BOUND('',#5068,.F.);
#5068 = EDGE_LOOP('',(#5069,#5070,#5078,#5084));
#5069 = ORIENTED_EDGE('',*,*,#5031,.T.);
#5070 = ORIENTED_EDGE('',*,*,#5071,.T.);
#5071 = EDGE_CURVE('',#5024,#5072,#5074,.T.);
#5072 = VERTEX_POINT('',#5073);
#5073 = CARTESIAN_POINT('',(-47.5,-20.6,0.7));
#5074 = LINE('',#5075,#5076);
#5075 = CARTESIAN_POINT('',(-57.5,-20.6,0.7));
#5076 = VECTOR('',#5077,1.);
#5077 = DIRECTION('',(1.,0.,0.));
#5078 = ORIENTED_EDGE('',*,*,#5079,.F.);
#5079 = EDGE_CURVE('',#2737,#5072,#5080,.T.);
#5080 = LINE('',#5081,#5082);
#5081 = CARTESIAN_POINT('',(-47.5,-20.6,2.5));
#5082 = VECTOR('',#5083,1.);
#5083 = DIRECTION('',(-0.,-0.,-1.));
#5084 = ORIENTED_EDGE('',*,*,#2744,.F.);
#5085 = PLANE('',#5086);
#5086 = AXIS2_PLACEMENT_3D('',#5087,#5088,#5089);
#5087 = CARTESIAN_POINT('',(-57.5,-20.6,2.5));
#5088 = DIRECTION('',(0.,-1.,0.));
#5089 = DIRECTION('',(1.,0.,0.));
#5090 = ADVANCED_FACE('',(#5091),#5102,.F.);
#5091 = FACE_BOUND('',#5092,.F.);
#5092 = EDGE_LOOP('',(#5093,#5094,#5100,#5101));
#5093 = ORIENTED_EDGE('',*,*,#5079,.T.);
#5094 = ORIENTED_EDGE('',*,*,#5095,.T.);
#5095 = EDGE_CURVE('',#5072,#5047,#5096,.T.);
#5096 = LINE('',#5097,#5098);
#5097 = CARTESIAN_POINT('',(-47.5,-20.6,0.7));
#5098 = VECTOR('',#5099,1.);
#5099 = DIRECTION('',(0.,1.,0.));
#5100 = ORIENTED_EDGE('',*,*,#5046,.F.);
#5101 = ORIENTED_EDGE('',*,*,#2736,.F.);
#5102 = PLANE('',#5103);
#5103 = AXIS2_PLACEMENT_3D('',#5104,#5105,#5106);
#5104 = CARTESIAN_POINT('',(-47.5,-20.6,2.5));
#5105 = DIRECTION('',(1.,0.,0.));
#5106 = DIRECTION('',(0.,1.,0.));
#5107 = ADVANCED_FACE('',(#5108),#5127,.F.);
#5108 = FACE_BOUND('',#5109,.F.);
#5109 = EDGE_LOOP('',(#5110,#5118,#5125,#5126));
#5110 = ORIENTED_EDGE('',*,*,#5111,.T.);
#5111 = EDGE_CURVE('',#2753,#5112,#5114,.T.);
#5112 = VERTEX_POINT('',#5113);
#5113 = CARTESIAN_POINT('',(-90.95,-15.25,0.7));
#5114 = LINE('',#5115,#5116);
#5115 = CARTESIAN_POINT('',(-90.95,-15.25,2.5));
#5116 = VECTOR('',#5117,1.);
#5117 = DIRECTION('',(-0.,-0.,-1.));
#5118 = ORIENTED_EDGE('',*,*,#5119,.T.);
#5119 = EDGE_CURVE('',#5112,#5112,#5120,.T.);
#5120 = CIRCLE('',#5121,1.);
#5121 = AXIS2_PLACEMENT_3D('',#5122,#5123,#5124);
#5122 = CARTESIAN_POINT('',(-91.95,-15.25,0.7));
#5123 = DIRECTION('',(0.,0.,1.));
#5124 = DIRECTION('',(1.,0.,0.));
#5125 = ORIENTED_EDGE('',*,*,#5111,.F.);
#5126 = ORIENTED_EDGE('',*,*,#2752,.F.);
#5127 = CYLINDRICAL_SURFACE('',#5128,1.);
#5128 = AXIS2_PLACEMENT_3D('',#5129,#5130,#5131);
#5129 = CARTESIAN_POINT('',(-91.95,-15.25,2.5));
#5130 = DIRECTION('',(0.,0.,1.));
#5131 = DIRECTION('',(1.,0.,0.));
#5132 = ADVANCED_FACE('',(#5133),#5152,.F.);
#5133 = FACE_BOUND('',#5134,.F.);
#5134 = EDGE_LOOP('',(#5135,#5143,#5150,#5151));
#5135 = ORIENTED_EDGE('',*,*,#5136,.T.);
#5136 = EDGE_CURVE('',#2764,#5137,#5139,.T.);
#5137 = VERTEX_POINT('',#5138);
#5138 = CARTESIAN_POINT('',(-97.95,-14.2,0.7));
#5139 = LINE('',#5140,#5141);
#5140 = CARTESIAN_POINT('',(-97.95,-14.2,2.5));
#5141 = VECTOR('',#5142,1.);
#5142 = DIRECTION('',(-0.,-0.,-1.));
#5143 = ORIENTED_EDGE('',*,*,#5144,.T.);
#5144 = EDGE_CURVE('',#5137,#5137,#5145,.T.);
#5145 = CIRCLE('',#5146,1.);
#5146 = AXIS2_PLACEMENT_3D('',#5147,#5148,#5149);
#5147 = CARTESIAN_POINT('',(-98.95,-14.2,0.7));
#5148 = DIRECTION('',(0.,0.,1.));
#5149 = DIRECTION('',(1.,0.,0.));
#5150 = ORIENTED_EDGE('',*,*,#5136,.F.);
#5151 = ORIENTED_EDGE('',*,*,#2763,.F.);
#5152 = CYLINDRICAL_SURFACE('',#5153,1.);
#5153 = AXIS2_PLACEMENT_3D('',#5154,#5155,#5156);
#5154 = CARTESIAN_POINT('',(-98.95,-14.2,2.5));
#5155 = DIRECTION('',(0.,0.,1.));
#5156 = DIRECTION('',(1.,0.,0.));
#5157 = ADVANCED_FACE('',(#5158),#5177,.F.);
#5158 = FACE_BOUND('',#5159,.F.);
#5159 = EDGE_LOOP('',(#5160,#5168,#5175,#5176));
#5160 = ORIENTED_EDGE('',*,*,#5161,.T.);
#5161 = EDGE_CURVE('',#2775,#5162,#5164,.T.);
#5162 = VERTEX_POINT('',#5163);
#5163 = CARTESIAN_POINT('',(-71.95,-15.25,0.7));
#5164 = LINE('',#5165,#5166);
#5165 = CARTESIAN_POINT('',(-71.95,-15.25,2.5));
#5166 = VECTOR('',#5167,1.);
#5167 = DIRECTION('',(-0.,-0.,-1.));
#5168 = ORIENTED_EDGE('',*,*,#5169,.T.);
#5169 = EDGE_CURVE('',#5162,#5162,#5170,.T.);
#5170 = CIRCLE('',#5171,1.);
#5171 = AXIS2_PLACEMENT_3D('',#5172,#5173,#5174);
#5172 = CARTESIAN_POINT('',(-72.95,-15.25,0.7));
#5173 = DIRECTION('',(0.,0.,1.));
#5174 = DIRECTION('',(1.,0.,0.));
#5175 = ORIENTED_EDGE('',*,*,#5161,.F.);
#5176 = ORIENTED_EDGE('',*,*,#2774,.F.);
#5177 = CYLINDRICAL_SURFACE('',#5178,1.);
#5178 = AXIS2_PLACEMENT_3D('',#5179,#5180,#5181);
#5179 = CARTESIAN_POINT('',(-72.95,-15.25,2.5));
#5180 = DIRECTION('',(0.,0.,1.));
#5181 = DIRECTION('',(1.,0.,0.));
#5182 = ADVANCED_FACE('',(#5183),#5202,.F.);
#5183 = FACE_BOUND('',#5184,.F.);
#5184 = EDGE_LOOP('',(#5185,#5193,#5200,#5201));
#5185 = ORIENTED_EDGE('',*,*,#5186,.T.);
#5186 = EDGE_CURVE('',#2786,#5187,#5189,.T.);
#5187 = VERTEX_POINT('',#5188);
#5188 = CARTESIAN_POINT('',(-78.95,-14.2,0.7));
#5189 = LINE('',#5190,#5191);
#5190 = CARTESIAN_POINT('',(-78.95,-14.2,2.5));
#5191 = VECTOR('',#5192,1.);
#5192 = DIRECTION('',(-0.,-0.,-1.));
#5193 = ORIENTED_EDGE('',*,*,#5194,.T.);
#5194 = EDGE_CURVE('',#5187,#5187,#5195,.T.);
#5195 = CIRCLE('',#5196,1.);
#5196 = AXIS2_PLACEMENT_3D('',#5197,#5198,#5199);
#5197 = CARTESIAN_POINT('',(-79.95,-14.2,0.7));
#5198 = DIRECTION('',(0.,0.,1.));
#5199 = DIRECTION('',(1.,0.,0.));
#5200 = ORIENTED_EDGE('',*,*,#5186,.F.);
#5201 = ORIENTED_EDGE('',*,*,#2785,.F.);
#5202 = CYLINDRICAL_SURFACE('',#5203,1.);
#5203 = AXIS2_PLACEMENT_3D('',#5204,#5205,#5206);
#5204 = CARTESIAN_POINT('',(-79.95,-14.2,2.5));
#5205 = DIRECTION('',(0.,0.,1.));
#5206 = DIRECTION('',(1.,0.,0.));
#5207 = ADVANCED_FACE('',(#5208),#5227,.F.);
#5208 = FACE_BOUND('',#5209,.F.);
#5209 = EDGE_LOOP('',(#5210,#5218,#5225,#5226));
#5210 = ORIENTED_EDGE('',*,*,#5211,.T.);
#5211 = EDGE_CURVE('',#2797,#5212,#5214,.T.);
#5212 = VERTEX_POINT('',#5213);
#5213 = CARTESIAN_POINT('',(-91.85,-9.5,0.7));
#5214 = LINE('',#5215,#5216);
#5215 = CARTESIAN_POINT('',(-91.85,-9.5,2.5));
#5216 = VECTOR('',#5217,1.);
#5217 = DIRECTION('',(-0.,-0.,-1.));
#5218 = ORIENTED_EDGE('',*,*,#5219,.T.);
#5219 = EDGE_CURVE('',#5212,#5212,#5220,.T.);
#5220 = CIRCLE('',#5221,2.7);
#5221 = AXIS2_PLACEMENT_3D('',#5222,#5223,#5224);
#5222 = CARTESIAN_POINT('',(-94.55,-9.5,0.7));
#5223 = DIRECTION('',(0.,0.,1.));
#5224 = DIRECTION('',(1.,0.,0.));
#5225 = ORIENTED_EDGE('',*,*,#5211,.F.);
#5226 = ORIENTED_EDGE('',*,*,#2796,.F.);
#5227 = CYLINDRICAL_SURFACE('',#5228,2.7);
#5228 = AXIS2_PLACEMENT_3D('',#5229,#5230,#5231);
#5229 = CARTESIAN_POINT('',(-94.55,-9.5,2.5));
#5230 = DIRECTION('',(0.,0.,1.));
#5231 = DIRECTION('',(1.,0.,0.));
#5232 = ADVANCED_FACE('',(#5233),#5258,.F.);
#5233 = FACE_BOUND('',#5234,.F.);
#5234 = EDGE_LOOP('',(#5235,#5243,#5251,#5257));
#5235 = ORIENTED_EDGE('',*,*,#5236,.T.);
#5236 = EDGE_CURVE('',#2808,#5237,#5239,.T.);
#5237 = VERTEX_POINT('',#5238);
#5238 = CARTESIAN_POINT('',(-98.85,-2.45,0.7));
#5239 = LINE('',#5240,#5241);
#5240 = CARTESIAN_POINT('',(-98.85,-2.45,2.5));
#5241 = VECTOR('',#5242,1.);
#5242 = DIRECTION('',(-0.,-0.,-1.));
#5243 = ORIENTED_EDGE('',*,*,#5244,.T.);
#5244 = EDGE_CURVE('',#5237,#5245,#5247,.T.);
#5245 = VERTEX_POINT('',#5246);
#5246 = CARTESIAN_POINT('',(-98.85,-6.25,0.7));
#5247 = LINE('',#5248,#5249);
#5248 = CARTESIAN_POINT('',(-98.85,-2.45,0.7));
#5249 = VECTOR('',#5250,1.);
#5250 = DIRECTION('',(0.,-1.,0.));
#5251 = ORIENTED_EDGE('',*,*,#5252,.F.);
#5252 = EDGE_CURVE('',#2810,#5245,#5253,.T.);
#5253 = LINE('',#5254,#5255);
#5254 = CARTESIAN_POINT('',(-98.85,-6.25,2.5));
#5255 = VECTOR('',#5256,1.);
#5256 = DIRECTION('',(-0.,-0.,-1.));
#5257 = ORIENTED_EDGE('',*,*,#2807,.F.);
#5258 = PLANE('',#5259);
#5259 = AXIS2_PLACEMENT_3D('',#5260,#5261,#5262);
#5260 = CARTESIAN_POINT('',(-98.85,-2.45,2.5));
#5261 = DIRECTION('',(-1.,0.,0.));
#5262 = DIRECTION('',(0.,-1.,0.));
#5263 = ADVANCED_FACE('',(#5264),#5282,.F.);
#5264 = FACE_BOUND('',#5265,.F.);
#5265 = EDGE_LOOP('',(#5266,#5274,#5280,#5281));
#5266 = ORIENTED_EDGE('',*,*,#5267,.T.);
#5267 = EDGE_CURVE('',#2818,#5268,#5270,.T.);
#5268 = VERTEX_POINT('',#5269);
#5269 = CARTESIAN_POINT('',(-91.85,-2.45,0.7));
#5270 = LINE('',#5271,#5272);
#5271 = CARTESIAN_POINT('',(-91.85,-2.45,2.5));
#5272 = VECTOR('',#5273,1.);
#5273 = DIRECTION('',(-0.,-0.,-1.));
#5274 = ORIENTED_EDGE('',*,*,#5275,.T.);
#5275 = EDGE_CURVE('',#5268,#5237,#5276,.T.);
#5276 = LINE('',#5277,#5278);
#5277 = CARTESIAN_POINT('',(-91.85,-2.45,0.7));
#5278 = VECTOR('',#5279,1.);
#5279 = DIRECTION('',(-1.,0.,0.));
#5280 = ORIENTED_EDGE('',*,*,#5236,.F.);
#5281 = ORIENTED_EDGE('',*,*,#2817,.F.);
#5282 = PLANE('',#5283);
#5283 = AXIS2_PLACEMENT_3D('',#5284,#5285,#5286);
#5284 = CARTESIAN_POINT('',(-91.85,-2.45,2.5));
#5285 = DIRECTION('',(0.,1.,0.));
#5286 = DIRECTION('',(-1.,0.,0.));
#5287 = ADVANCED_FACE('',(#5288),#5306,.F.);
#5288 = FACE_BOUND('',#5289,.F.);
#5289 = EDGE_LOOP('',(#5290,#5291,#5299,#5305));
#5290 = ORIENTED_EDGE('',*,*,#5252,.T.);
#5291 = ORIENTED_EDGE('',*,*,#5292,.T.);
#5292 = EDGE_CURVE('',#5245,#5293,#5295,.T.);
#5293 = VERTEX_POINT('',#5294);
#5294 = CARTESIAN_POINT('',(-91.85,-6.25,0.7));
#5295 = LINE('',#5296,#5297);
#5296 = CARTESIAN_POINT('',(-98.85,-6.25,0.7));
#5297 = VECTOR('',#5298,1.);
#5298 = DIRECTION('',(1.,0.,0.));
#5299 = ORIENTED_EDGE('',*,*,#5300,.F.);
#5300 = EDGE_CURVE('',#2826,#5293,#5301,.T.);
#5301 = LINE('',#5302,#5303);
#5302 = CARTESIAN_POINT('',(-91.85,-6.25,2.5));
#5303 = VECTOR('',#5304,1.);
#5304 = DIRECTION('',(-0.,-0.,-1.));
#5305 = ORIENTED_EDGE('',*,*,#2833,.F.);
#5306 = PLANE('',#5307);
#5307 = AXIS2_PLACEMENT_3D('',#5308,#5309,#5310);
#5308 = CARTESIAN_POINT('',(-98.85,-6.25,2.5));
#5309 = DIRECTION('',(0.,-1.,0.));
#5310 = DIRECTION('',(1.,0.,0.));
#5311 = ADVANCED_FACE('',(#5312),#5323,.F.);
#5312 = FACE_BOUND('',#5313,.F.);
#5313 = EDGE_LOOP('',(#5314,#5315,#5321,#5322));
#5314 = ORIENTED_EDGE('',*,*,#5300,.T.);
#5315 = ORIENTED_EDGE('',*,*,#5316,.T.);
#5316 = EDGE_CURVE('',#5293,#5268,#5317,.T.);
#5317 = LINE('',#5318,#5319);
#5318 = CARTESIAN_POINT('',(-91.85,-6.25,0.7));
#5319 = VECTOR('',#5320,1.);
#5320 = DIRECTION('',(0.,1.,0.));
#5321 = ORIENTED_EDGE('',*,*,#5267,.F.);
#5322 = ORIENTED_EDGE('',*,*,#2825,.F.);
#5323 = PLANE('',#5324);
#5324 = AXIS2_PLACEMENT_3D('',#5325,#5326,#5327);
#5325 = CARTESIAN_POINT('',(-91.85,-6.25,2.5));
#5326 = DIRECTION('',(1.,0.,0.));
#5327 = DIRECTION('',(0.,1.,0.));
#5328 = ADVANCED_FACE('',(#5329),#5348,.F.);
#5329 = FACE_BOUND('',#5330,.F.);
#5330 = EDGE_LOOP('',(#5331,#5339,#5346,#5347));
#5331 = ORIENTED_EDGE('',*,*,#5332,.T.);
#5332 = EDGE_CURVE('',#2842,#5333,#5335,.T.);
#5333 = VERTEX_POINT('',#5334);
#5334 = CARTESIAN_POINT('',(-72.85,-9.5,0.7));
#5335 = LINE('',#5336,#5337);
#5336 = CARTESIAN_POINT('',(-72.85,-9.5,2.5));
#5337 = VECTOR('',#5338,1.);
#5338 = DIRECTION('',(-0.,-0.,-1.));
#5339 = ORIENTED_EDGE('',*,*,#5340,.T.);
#5340 = EDGE_CURVE('',#5333,#5333,#5341,.T.);
#5341 = CIRCLE('',#5342,2.7);
#5342 = AXIS2_PLACEMENT_3D('',#5343,#5344,#5345);
#5343 = CARTESIAN_POINT('',(-75.55,-9.5,0.7));
#5344 = DIRECTION('',(0.,0.,1.));
#5345 = DIRECTION('',(1.,0.,0.));
#5346 = ORIENTED_EDGE('',*,*,#5332,.F.);
#5347 = ORIENTED_EDGE('',*,*,#2841,.F.);
#5348 = CYLINDRICAL_SURFACE('',#5349,2.7);
#5349 = AXIS2_PLACEMENT_3D('',#5350,#5351,#5352);
#5350 = CARTESIAN_POINT('',(-75.55,-9.5,2.5));
#5351 = DIRECTION('',(0.,0.,1.));
#5352 = DIRECTION('',(1.,0.,0.));
#5353 = ADVANCED_FACE('',(#5354),#5379,.F.);
#5354 = FACE_BOUND('',#5355,.F.);
#5355 = EDGE_LOOP('',(#5356,#5364,#5372,#5378));
#5356 = ORIENTED_EDGE('',*,*,#5357,.T.);
#5357 = EDGE_CURVE('',#2853,#5358,#5360,.T.);
#5358 = VERTEX_POINT('',#5359);
#5359 = CARTESIAN_POINT('',(-79.85,-2.45,0.7));
#5360 = LINE('',#5361,#5362);
#5361 = CARTESIAN_POINT('',(-79.85,-2.45,2.5));
#5362 = VECTOR('',#5363,1.);
#5363 = DIRECTION('',(-0.,-0.,-1.));
#5364 = ORIENTED_EDGE('',*,*,#5365,.T.);
#5365 = EDGE_CURVE('',#5358,#5366,#5368,.T.);
#5366 = VERTEX_POINT('',#5367);
#5367 = CARTESIAN_POINT('',(-79.85,-6.25,0.7));
#5368 = LINE('',#5369,#5370);
#5369 = CARTESIAN_POINT('',(-79.85,-2.45,0.7));
#5370 = VECTOR('',#5371,1.);
#5371 = DIRECTION('',(0.,-1.,0.));
#5372 = ORIENTED_EDGE('',*,*,#5373,.F.);
#5373 = EDGE_CURVE('',#2855,#5366,#5374,.T.);
#5374 = LINE('',#5375,#5376);
#5375 = CARTESIAN_POINT('',(-79.85,-6.25,2.5));
#5376 = VECTOR('',#5377,1.);
#5377 = DIRECTION('',(-0.,-0.,-1.));
#5378 = ORIENTED_EDGE('',*,*,#2852,.F.);
#5379 = PLANE('',#5380);
#5380 = AXIS2_PLACEMENT_3D('',#5381,#5382,#5383);
#5381 = CARTESIAN_POINT('',(-79.85,-2.45,2.5));
#5382 = DIRECTION('',(-1.,0.,0.));
#5383 = DIRECTION('',(0.,-1.,0.));
#5384 = ADVANCED_FACE('',(#5385),#5403,.F.);
#5385 = FACE_BOUND('',#5386,.F.);
#5386 = EDGE_LOOP('',(#5387,#5395,#5401,#5402));
#5387 = ORIENTED_EDGE('',*,*,#5388,.T.);
#5388 = EDGE_CURVE('',#2863,#5389,#5391,.T.);
#5389 = VERTEX_POINT('',#5390);
#5390 = CARTESIAN_POINT('',(-72.85,-2.45,0.7));
#5391 = LINE('',#5392,#5393);
#5392 = CARTESIAN_POINT('',(-72.85,-2.45,2.5));
#5393 = VECTOR('',#5394,1.);
#5394 = DIRECTION('',(-0.,-0.,-1.));
#5395 = ORIENTED_EDGE('',*,*,#5396,.T.);
#5396 = EDGE_CURVE('',#5389,#5358,#5397,.T.);
#5397 = LINE('',#5398,#5399);
#5398 = CARTESIAN_POINT('',(-72.85,-2.45,0.7));
#5399 = VECTOR('',#5400,1.);
#5400 = DIRECTION('',(-1.,0.,0.));
#5401 = ORIENTED_EDGE('',*,*,#5357,.F.);
#5402 = ORIENTED_EDGE('',*,*,#2862,.F.);
#5403 = PLANE('',#5404);
#5404 = AXIS2_PLACEMENT_3D('',#5405,#5406,#5407);
#5405 = CARTESIAN_POINT('',(-72.85,-2.45,2.5));
#5406 = DIRECTION('',(0.,1.,0.));
#5407 = DIRECTION('',(-1.,0.,0.));
#5408 = ADVANCED_FACE('',(#5409),#5427,.F.);
#5409 = FACE_BOUND('',#5410,.F.);
#5410 = EDGE_LOOP('',(#5411,#5412,#5420,#5426));
#5411 = ORIENTED_EDGE('',*,*,#5373,.T.);
#5412 = ORIENTED_EDGE('',*,*,#5413,.T.);
#5413 = EDGE_CURVE('',#5366,#5414,#5416,.T.);
#5414 = VERTEX_POINT('',#5415);
#5415 = CARTESIAN_POINT('',(-72.85,-6.25,0.7));
#5416 = LINE('',#5417,#5418);
#5417 = CARTESIAN_POINT('',(-79.85,-6.25,0.7));
#5418 = VECTOR('',#5419,1.);
#5419 = DIRECTION('',(1.,0.,0.));
#5420 = ORIENTED_EDGE('',*,*,#5421,.F.);
#5421 = EDGE_CURVE('',#2871,#5414,#5422,.T.);
#5422 = LINE('',#5423,#5424);
#5423 = CARTESIAN_POINT('',(-72.85,-6.25,2.5));
#5424 = VECTOR('',#5425,1.);
#5425 = DIRECTION('',(-0.,-0.,-1.));
#5426 = ORIENTED_EDGE('',*,*,#2878,.F.);
#5427 = PLANE('',#5428);
#5428 = AXIS2_PLACEMENT_3D('',#5429,#5430,#5431);
#5429 = CARTESIAN_POINT('',(-79.85,-6.25,2.5));
#5430 = DIRECTION('',(0.,-1.,0.));
#5431 = DIRECTION('',(1.,0.,0.));
#5432 = ADVANCED_FACE('',(#5433),#5444,.F.);
#5433 = FACE_BOUND('',#5434,.F.);
#5434 = EDGE_LOOP('',(#5435,#5436,#5442,#5443));
#5435 = ORIENTED_EDGE('',*,*,#5421,.T.);
#5436 = ORIENTED_EDGE('',*,*,#5437,.T.);
#5437 = EDGE_CURVE('',#5414,#5389,#5438,.T.);
#5438 = LINE('',#5439,#5440);
#5439 = CARTESIAN_POINT('',(-72.85,-6.25,0.7));
#5440 = VECTOR('',#5441,1.);
#5441 = DIRECTION('',(0.,1.,0.));
#5442 = ORIENTED_EDGE('',*,*,#5388,.F.);
#5443 = ORIENTED_EDGE('',*,*,#2870,.F.);
#5444 = PLANE('',#5445);
#5445 = AXIS2_PLACEMENT_3D('',#5446,#5447,#5448);
#5446 = CARTESIAN_POINT('',(-72.85,-6.25,2.5));
#5447 = DIRECTION('',(1.,0.,0.));
#5448 = DIRECTION('',(0.,1.,0.));
#5449 = ADVANCED_FACE('',(#5450),#5469,.F.);
#5450 = FACE_BOUND('',#5451,.F.);
#5451 = EDGE_LOOP('',(#5452,#5460,#5467,#5468));
#5452 = ORIENTED_EDGE('',*,*,#5453,.T.);
#5453 = EDGE_CURVE('',#2887,#5454,#5456,.T.);
#5454 = VERTEX_POINT('',#5455);
#5455 = CARTESIAN_POINT('',(-147.95,3.75,0.7));
#5456 = LINE('',#5457,#5458);
#5457 = CARTESIAN_POINT('',(-147.95,3.75,2.5));
#5458 = VECTOR('',#5459,1.);
#5459 = DIRECTION('',(-0.,-0.,-1.));
#5460 = ORIENTED_EDGE('',*,*,#5461,.T.);
#5461 = EDGE_CURVE('',#5454,#5454,#5462,.T.);
#5462 = CIRCLE('',#5463,1.);
#5463 = AXIS2_PLACEMENT_3D('',#5464,#5465,#5466);
#5464 = CARTESIAN_POINT('',(-148.95,3.75,0.7));
#5465 = DIRECTION('',(0.,0.,1.));
#5466 = DIRECTION('',(1.,0.,0.));
#5467 = ORIENTED_EDGE('',*,*,#5453,.F.);
#5468 = ORIENTED_EDGE('',*,*,#2886,.F.);
#5469 = CYLINDRICAL_SURFACE('',#5470,1.);
#5470 = AXIS2_PLACEMENT_3D('',#5471,#5472,#5473);
#5471 = CARTESIAN_POINT('',(-148.95,3.75,2.5));
#5472 = DIRECTION('',(0.,0.,1.));
#5473 = DIRECTION('',(1.,0.,0.));
#5474 = ADVANCED_FACE('',(#5475),#5494,.F.);
#5475 = FACE_BOUND('',#5476,.F.);
#5476 = EDGE_LOOP('',(#5477,#5485,#5492,#5493));
#5477 = ORIENTED_EDGE('',*,*,#5478,.T.);
#5478 = EDGE_CURVE('',#2898,#5479,#5481,.T.);
#5479 = VERTEX_POINT('',#5480);
#5480 = CARTESIAN_POINT('',(-154.95,4.8,0.7));
#5481 = LINE('',#5482,#5483);
#5482 = CARTESIAN_POINT('',(-154.95,4.8,2.5));
#5483 = VECTOR('',#5484,1.);
#5484 = DIRECTION('',(-0.,-0.,-1.));
#5485 = ORIENTED_EDGE('',*,*,#5486,.T.);
#5486 = EDGE_CURVE('',#5479,#5479,#5487,.T.);
#5487 = CIRCLE('',#5488,1.);
#5488 = AXIS2_PLACEMENT_3D('',#5489,#5490,#5491);
#5489 = CARTESIAN_POINT('',(-155.95,4.8,0.7));
#5490 = DIRECTION('',(0.,0.,1.));
#5491 = DIRECTION('',(1.,0.,0.));
#5492 = ORIENTED_EDGE('',*,*,#5478,.F.);
#5493 = ORIENTED_EDGE('',*,*,#2897,.F.);
#5494 = CYLINDRICAL_SURFACE('',#5495,1.);
#5495 = AXIS2_PLACEMENT_3D('',#5496,#5497,#5498);
#5496 = CARTESIAN_POINT('',(-155.95,4.8,2.5));
#5497 = DIRECTION('',(0.,0.,1.));
#5498 = DIRECTION('',(1.,0.,0.));
#5499 = ADVANCED_FACE('',(#5500),#5519,.F.);
#5500 = FACE_BOUND('',#5501,.F.);
#5501 = EDGE_LOOP('',(#5502,#5510,#5517,#5518));
#5502 = ORIENTED_EDGE('',*,*,#5503,.T.);
#5503 = EDGE_CURVE('',#2909,#5504,#5506,.T.);
#5504 = VERTEX_POINT('',#5505);
#5505 = CARTESIAN_POINT('',(-128.95,3.75,0.7));
#5506 = LINE('',#5507,#5508);
#5507 = CARTESIAN_POINT('',(-128.95,3.75,2.5));
#5508 = VECTOR('',#5509,1.);
#5509 = DIRECTION('',(-0.,-0.,-1.));
#5510 = ORIENTED_EDGE('',*,*,#5511,.T.);
#5511 = EDGE_CURVE('',#5504,#5504,#5512,.T.);
#5512 = CIRCLE('',#5513,1.);
#5513 = AXIS2_PLACEMENT_3D('',#5514,#5515,#5516);
#5514 = CARTESIAN_POINT('',(-129.95,3.75,0.7));
#5515 = DIRECTION('',(0.,0.,1.));
#5516 = DIRECTION('',(1.,0.,0.));
#5517 = ORIENTED_EDGE('',*,*,#5503,.F.);
#5518 = ORIENTED_EDGE('',*,*,#2908,.F.);
#5519 = CYLINDRICAL_SURFACE('',#5520,1.);
#5520 = AXIS2_PLACEMENT_3D('',#5521,#5522,#5523);
#5521 = CARTESIAN_POINT('',(-129.95,3.75,2.5));
#5522 = DIRECTION('',(0.,0.,1.));
#5523 = DIRECTION('',(1.,0.,0.));
#5524 = ADVANCED_FACE('',(#5525),#5544,.F.);
#5525 = FACE_BOUND('',#5526,.F.);
#5526 = EDGE_LOOP('',(#5527,#5535,#5542,#5543));
#5527 = ORIENTED_EDGE('',*,*,#5528,.T.);
#5528 = EDGE_CURVE('',#2920,#5529,#5531,.T.);
#5529 = VERTEX_POINT('',#5530);
#5530 = CARTESIAN_POINT('',(-135.95,4.8,0.7));
#5531 = LINE('',#5532,#5533);
#5532 = CARTESIAN_POINT('',(-135.95,4.8,2.5));
#5533 = VECTOR('',#5534,1.);
#5534 = DIRECTION('',(-0.,-0.,-1.));
#5535 = ORIENTED_EDGE('',*,*,#5536,.T.);
#5536 = EDGE_CURVE('',#5529,#5529,#5537,.T.);
#5537 = CIRCLE('',#5538,1.);
#5538 = AXIS2_PLACEMENT_3D('',#5539,#5540,#5541);
#5539 = CARTESIAN_POINT('',(-136.95,4.8,0.7));
#5540 = DIRECTION('',(0.,0.,1.));
#5541 = DIRECTION('',(1.,0.,0.));
#5542 = ORIENTED_EDGE('',*,*,#5528,.F.);
#5543 = ORIENTED_EDGE('',*,*,#2919,.F.);
#5544 = CYLINDRICAL_SURFACE('',#5545,1.);
#5545 = AXIS2_PLACEMENT_3D('',#5546,#5547,#5548);
#5546 = CARTESIAN_POINT('',(-136.95,4.8,2.5));
#5547 = DIRECTION('',(0.,0.,1.));
#5548 = DIRECTION('',(1.,0.,0.));
#5549 = ADVANCED_FACE('',(#5550),#5569,.F.);
#5550 = FACE_BOUND('',#5551,.F.);
#5551 = EDGE_LOOP('',(#5552,#5560,#5567,#5568));
#5552 = ORIENTED_EDGE('',*,*,#5553,.T.);
#5553 = EDGE_CURVE('',#2931,#5554,#5556,.T.);
#5554 = VERTEX_POINT('',#5555);
#5555 = CARTESIAN_POINT('',(-148.85,9.5,0.7));
#5556 = LINE('',#5557,#5558);
#5557 = CARTESIAN_POINT('',(-148.85,9.5,2.5));
#5558 = VECTOR('',#5559,1.);
#5559 = DIRECTION('',(-0.,-0.,-1.));
#5560 = ORIENTED_EDGE('',*,*,#5561,.T.);
#5561 = EDGE_CURVE('',#5554,#5554,#5562,.T.);
#5562 = CIRCLE('',#5563,2.7);
#5563 = AXIS2_PLACEMENT_3D('',#5564,#5565,#5566);
#5564 = CARTESIAN_POINT('',(-151.55,9.5,0.7));
#5565 = DIRECTION('',(0.,0.,1.));
#5566 = DIRECTION('',(1.,0.,0.));
#5567 = ORIENTED_EDGE('',*,*,#5553,.F.);
#5568 = ORIENTED_EDGE('',*,*,#2930,.F.);
#5569 = CYLINDRICAL_SURFACE('',#5570,2.7);
#5570 = AXIS2_PLACEMENT_3D('',#5571,#5572,#5573);
#5571 = CARTESIAN_POINT('',(-151.55,9.5,2.5));
#5572 = DIRECTION('',(0.,0.,1.));
#5573 = DIRECTION('',(1.,0.,0.));
#5574 = ADVANCED_FACE('',(#5575),#5600,.F.);
#5575 = FACE_BOUND('',#5576,.F.);
#5576 = EDGE_LOOP('',(#5577,#5585,#5593,#5599));
#5577 = ORIENTED_EDGE('',*,*,#5578,.T.);
#5578 = EDGE_CURVE('',#2942,#5579,#5581,.T.);
#5579 = VERTEX_POINT('',#5580);
#5580 = CARTESIAN_POINT('',(-155.85,16.55,0.7));
#5581 = LINE('',#5582,#5583);
#5582 = CARTESIAN_POINT('',(-155.85,16.55,2.5));
#5583 = VECTOR('',#5584,1.);
#5584 = DIRECTION('',(-0.,-0.,-1.));
#5585 = ORIENTED_EDGE('',*,*,#5586,.T.);
#5586 = EDGE_CURVE('',#5579,#5587,#5589,.T.);
#5587 = VERTEX_POINT('',#5588);
#5588 = CARTESIAN_POINT('',(-155.85,12.75,0.7));
#5589 = LINE('',#5590,#5591);
#5590 = CARTESIAN_POINT('',(-155.85,16.55,0.7));
#5591 = VECTOR('',#5592,1.);
#5592 = DIRECTION('',(0.,-1.,0.));
#5593 = ORIENTED_EDGE('',*,*,#5594,.F.);
#5594 = EDGE_CURVE('',#2944,#5587,#5595,.T.);
#5595 = LINE('',#5596,#5597);
#5596 = CARTESIAN_POINT('',(-155.85,12.75,2.5));
#5597 = VECTOR('',#5598,1.);
#5598 = DIRECTION('',(-0.,-0.,-1.));
#5599 = ORIENTED_EDGE('',*,*,#2941,.F.);
#5600 = PLANE('',#5601);
#5601 = AXIS2_PLACEMENT_3D('',#5602,#5603,#5604);
#5602 = CARTESIAN_POINT('',(-155.85,16.55,2.5));
#5603 = DIRECTION('',(-1.,0.,0.));
#5604 = DIRECTION('',(0.,-1.,0.));
#5605 = ADVANCED_FACE('',(#5606),#5624,.F.);
#5606 = FACE_BOUND('',#5607,.F.);
#5607 = EDGE_LOOP('',(#5608,#5616,#5622,#5623));
#5608 = ORIENTED_EDGE('',*,*,#5609,.T.);
#5609 = EDGE_CURVE('',#2952,#5610,#5612,.T.);
#5610 = VERTEX_POINT('',#5611);
#5611 = CARTESIAN_POINT('',(-148.85,16.55,0.7));
#5612 = LINE('',#5613,#5614);
#5613 = CARTESIAN_POINT('',(-148.85,16.55,2.5));
#5614 = VECTOR('',#5615,1.);
#5615 = DIRECTION('',(-0.,-0.,-1.));
#5616 = ORIENTED_EDGE('',*,*,#5617,.T.);
#5617 = EDGE_CURVE('',#5610,#5579,#5618,.T.);
#5618 = LINE('',#5619,#5620);
#5619 = CARTESIAN_POINT('',(-148.85,16.55,0.7));
#5620 = VECTOR('',#5621,1.);
#5621 = DIRECTION('',(-1.,0.,0.));
#5622 = ORIENTED_EDGE('',*,*,#5578,.F.);
#5623 = ORIENTED_EDGE('',*,*,#2951,.F.);
#5624 = PLANE('',#5625);
#5625 = AXIS2_PLACEMENT_3D('',#5626,#5627,#5628);
#5626 = CARTESIAN_POINT('',(-148.85,16.55,2.5));
#5627 = DIRECTION('',(0.,1.,0.));
#5628 = DIRECTION('',(-1.,0.,0.));
#5629 = ADVANCED_FACE('',(#5630),#5648,.F.);
#5630 = FACE_BOUND('',#5631,.F.);
#5631 = EDGE_LOOP('',(#5632,#5633,#5641,#5647));
#5632 = ORIENTED_EDGE('',*,*,#5594,.T.);
#5633 = ORIENTED_EDGE('',*,*,#5634,.T.);
#5634 = EDGE_CURVE('',#5587,#5635,#5637,.T.);
#5635 = VERTEX_POINT('',#5636);
#5636 = CARTESIAN_POINT('',(-148.85,12.75,0.7));
#5637 = LINE('',#5638,#5639);
#5638 = CARTESIAN_POINT('',(-155.85,12.75,0.7));
#5639 = VECTOR('',#5640,1.);
#5640 = DIRECTION('',(1.,0.,0.));
#5641 = ORIENTED_EDGE('',*,*,#5642,.F.);
#5642 = EDGE_CURVE('',#2960,#5635,#5643,.T.);
#5643 = LINE('',#5644,#5645);
#5644 = CARTESIAN_POINT('',(-148.85,12.75,2.5));
#5645 = VECTOR('',#5646,1.);
#5646 = DIRECTION('',(-0.,-0.,-1.));
#5647 = ORIENTED_EDGE('',*,*,#2967,.F.);
#5648 = PLANE('',#5649);
#5649 = AXIS2_PLACEMENT_3D('',#5650,#5651,#5652);
#5650 = CARTESIAN_POINT('',(-155.85,12.75,2.5));
#5651 = DIRECTION('',(0.,-1.,0.));
#5652 = DIRECTION('',(1.,0.,0.));
#5653 = ADVANCED_FACE('',(#5654),#5665,.F.);
#5654 = FACE_BOUND('',#5655,.F.);
#5655 = EDGE_LOOP('',(#5656,#5657,#5663,#5664));
#5656 = ORIENTED_EDGE('',*,*,#5642,.T.);
#5657 = ORIENTED_EDGE('',*,*,#5658,.T.);
#5658 = EDGE_CURVE('',#5635,#5610,#5659,.T.);
#5659 = LINE('',#5660,#5661);
#5660 = CARTESIAN_POINT('',(-148.85,12.75,0.7));
#5661 = VECTOR('',#5662,1.);
#5662 = DIRECTION('',(0.,1.,0.));
#5663 = ORIENTED_EDGE('',*,*,#5609,.F.);
#5664 = ORIENTED_EDGE('',*,*,#2959,.F.);
#5665 = PLANE('',#5666);
#5666 = AXIS2_PLACEMENT_3D('',#5667,#5668,#5669);
#5667 = CARTESIAN_POINT('',(-148.85,12.75,2.5));
#5668 = DIRECTION('',(1.,0.,0.));
#5669 = DIRECTION('',(0.,1.,0.));
#5670 = ADVANCED_FACE('',(#5671),#5690,.F.);
#5671 = FACE_BOUND('',#5672,.F.);
#5672 = EDGE_LOOP('',(#5673,#5681,#5688,#5689));
#5673 = ORIENTED_EDGE('',*,*,#5674,.T.);
#5674 = EDGE_CURVE('',#2976,#5675,#5677,.T.);
#5675 = VERTEX_POINT('',#5676);
#5676 = CARTESIAN_POINT('',(-129.85,9.5,0.7));
#5677 = LINE('',#5678,#5679);
#5678 = CARTESIAN_POINT('',(-129.85,9.5,2.5));
#5679 = VECTOR('',#5680,1.);
#5680 = DIRECTION('',(-0.,-0.,-1.));
#5681 = ORIENTED_EDGE('',*,*,#5682,.T.);
#5682 = EDGE_CURVE('',#5675,#5675,#5683,.T.);
#5683 = CIRCLE('',#5684,2.7);
#5684 = AXIS2_PLACEMENT_3D('',#5685,#5686,#5687);
#5685 = CARTESIAN_POINT('',(-132.55,9.5,0.7));
#5686 = DIRECTION('',(0.,0.,1.));
#5687 = DIRECTION('',(1.,0.,0.));
#5688 = ORIENTED_EDGE('',*,*,#5674,.F.);
#5689 = ORIENTED_EDGE('',*,*,#2975,.F.);
#5690 = CYLINDRICAL_SURFACE('',#5691,2.7);
#5691 = AXIS2_PLACEMENT_3D('',#5692,#5693,#5694);
#5692 = CARTESIAN_POINT('',(-132.55,9.5,2.5));
#5693 = DIRECTION('',(0.,0.,1.));
#5694 = DIRECTION('',(1.,0.,0.));
#5695 = ADVANCED_FACE('',(#5696),#5721,.F.);
#5696 = FACE_BOUND('',#5697,.F.);
#5697 = EDGE_LOOP('',(#5698,#5706,#5714,#5720));
#5698 = ORIENTED_EDGE('',*,*,#5699,.T.);
#5699 = EDGE_CURVE('',#2987,#5700,#5702,.T.);
#5700 = VERTEX_POINT('',#5701);
#5701 = CARTESIAN_POINT('',(-136.85,16.55,0.7));
#5702 = LINE('',#5703,#5704);
#5703 = CARTESIAN_POINT('',(-136.85,16.55,2.5));
#5704 = VECTOR('',#5705,1.);
#5705 = DIRECTION('',(-0.,-0.,-1.));
#5706 = ORIENTED_EDGE('',*,*,#5707,.T.);
#5707 = EDGE_CURVE('',#5700,#5708,#5710,.T.);
#5708 = VERTEX_POINT('',#5709);
#5709 = CARTESIAN_POINT('',(-136.85,12.75,0.7));
#5710 = LINE('',#5711,#5712);
#5711 = CARTESIAN_POINT('',(-136.85,16.55,0.7));
#5712 = VECTOR('',#5713,1.);
#5713 = DIRECTION('',(0.,-1.,0.));
#5714 = ORIENTED_EDGE('',*,*,#5715,.F.);
#5715 = EDGE_CURVE('',#2989,#5708,#5716,.T.);
#5716 = LINE('',#5717,#5718);
#5717 = CARTESIAN_POINT('',(-136.85,12.75,2.5));
#5718 = VECTOR('',#5719,1.);
#5719 = DIRECTION('',(-0.,-0.,-1.));
#5720 = ORIENTED_EDGE('',*,*,#2986,.F.);
#5721 = PLANE('',#5722);
#5722 = AXIS2_PLACEMENT_3D('',#5723,#5724,#5725);
#5723 = CARTESIAN_POINT('',(-136.85,16.55,2.5));
#5724 = DIRECTION('',(-1.,0.,0.));
#5725 = DIRECTION('',(0.,-1.,0.));
#5726 = ADVANCED_FACE('',(#5727),#5745,.F.);
#5727 = FACE_BOUND('',#5728,.F.);
#5728 = EDGE_LOOP('',(#5729,#5737,#5743,#5744));
#5729 = ORIENTED_EDGE('',*,*,#5730,.T.);
#5730 = EDGE_CURVE('',#2997,#5731,#5733,.T.);
#5731 = VERTEX_POINT('',#5732);
#5732 = CARTESIAN_POINT('',(-129.85,16.55,0.7));
#5733 = LINE('',#5734,#5735);
#5734 = CARTESIAN_POINT('',(-129.85,16.55,2.5));
#5735 = VECTOR('',#5736,1.);
#5736 = DIRECTION('',(-0.,-0.,-1.));
#5737 = ORIENTED_EDGE('',*,*,#5738,.T.);
#5738 = EDGE_CURVE('',#5731,#5700,#5739,.T.);
#5739 = LINE('',#5740,#5741);
#5740 = CARTESIAN_POINT('',(-129.85,16.55,0.7));
#5741 = VECTOR('',#5742,1.);
#5742 = DIRECTION('',(-1.,0.,0.));
#5743 = ORIENTED_EDGE('',*,*,#5699,.F.);
#5744 = ORIENTED_EDGE('',*,*,#2996,.F.);
#5745 = PLANE('',#5746);
#5746 = AXIS2_PLACEMENT_3D('',#5747,#5748,#5749);
#5747 = CARTESIAN_POINT('',(-129.85,16.55,2.5));
#5748 = DIRECTION('',(0.,1.,0.));
#5749 = DIRECTION('',(-1.,0.,0.));
#5750 = ADVANCED_FACE('',(#5751),#5769,.F.);
#5751 = FACE_BOUND('',#5752,.F.);
#5752 = EDGE_LOOP('',(#5753,#5754,#5762,#5768));
#5753 = ORIENTED_EDGE('',*,*,#5715,.T.);
#5754 = ORIENTED_EDGE('',*,*,#5755,.T.);
#5755 = EDGE_CURVE('',#5708,#5756,#5758,.T.);
#5756 = VERTEX_POINT('',#5757);
#5757 = CARTESIAN_POINT('',(-129.85,12.75,0.7));
#5758 = LINE('',#5759,#5760);
#5759 = CARTESIAN_POINT('',(-136.85,12.75,0.7));
#5760 = VECTOR('',#5761,1.);
#5761 = DIRECTION('',(1.,0.,0.));
#5762 = ORIENTED_EDGE('',*,*,#5763,.F.);
#5763 = EDGE_CURVE('',#3005,#5756,#5764,.T.);
#5764 = LINE('',#5765,#5766);
#5765 = CARTESIAN_POINT('',(-129.85,12.75,2.5));
#5766 = VECTOR('',#5767,1.);
#5767 = DIRECTION('',(-0.,-0.,-1.));
#5768 = ORIENTED_EDGE('',*,*,#3012,.F.);
#5769 = PLANE('',#5770);
#5770 = AXIS2_PLACEMENT_3D('',#5771,#5772,#5773);
#5771 = CARTESIAN_POINT('',(-136.85,12.75,2.5));
#5772 = DIRECTION('',(0.,-1.,0.));
#5773 = DIRECTION('',(1.,0.,0.));
#5774 = ADVANCED_FACE('',(#5775),#5786,.F.);
#5775 = FACE_BOUND('',#5776,.F.);
#5776 = EDGE_LOOP('',(#5777,#5778,#5784,#5785));
#5777 = ORIENTED_EDGE('',*,*,#5763,.T.);
#5778 = ORIENTED_EDGE('',*,*,#5779,.T.);
#5779 = EDGE_CURVE('',#5756,#5731,#5780,.T.);
#5780 = LINE('',#5781,#5782);
#5781 = CARTESIAN_POINT('',(-129.85,12.75,0.7));
#5782 = VECTOR('',#5783,1.);
#5783 = DIRECTION('',(0.,1.,0.));
#5784 = ORIENTED_EDGE('',*,*,#5730,.F.);
#5785 = ORIENTED_EDGE('',*,*,#3004,.F.);
#5786 = PLANE('',#5787);
#5787 = AXIS2_PLACEMENT_3D('',#5788,#5789,#5790);
#5788 = CARTESIAN_POINT('',(-129.85,12.75,2.5));
#5789 = DIRECTION('',(1.,0.,0.));
#5790 = DIRECTION('',(0.,1.,0.));
#5791 = ADVANCED_FACE('',(#5792),#5811,.F.);
#5792 = FACE_BOUND('',#5793,.F.);
#5793 = EDGE_LOOP('',(#5794,#5802,#5809,#5810));
#5794 = ORIENTED_EDGE('',*,*,#5795,.T.);
#5795 = EDGE_CURVE('',#3021,#5796,#5798,.T.);
#5796 = VERTEX_POINT('',#5797);
#5797 = CARTESIAN_POINT('',(-116.95,4.8,0.7));
#5798 = LINE('',#5799,#5800);
#5799 = CARTESIAN_POINT('',(-116.95,4.8,2.5));
#5800 = VECTOR('',#5801,1.);
#5801 = DIRECTION('',(-0.,-0.,-1.));
#5802 = ORIENTED_EDGE('',*,*,#5803,.T.);
#5803 = EDGE_CURVE('',#5796,#5796,#5804,.T.);
#5804 = CIRCLE('',#5805,1.);
#5805 = AXIS2_PLACEMENT_3D('',#5806,#5807,#5808);
#5806 = CARTESIAN_POINT('',(-117.95,4.8,0.7));
#5807 = DIRECTION('',(0.,0.,1.));
#5808 = DIRECTION('',(1.,0.,0.));
#5809 = ORIENTED_EDGE('',*,*,#5795,.F.);
#5810 = ORIENTED_EDGE('',*,*,#3020,.F.);
#5811 = CYLINDRICAL_SURFACE('',#5812,1.);
#5812 = AXIS2_PLACEMENT_3D('',#5813,#5814,#5815);
#5813 = CARTESIAN_POINT('',(-117.95,4.8,2.5));
#5814 = DIRECTION('',(0.,0.,1.));
#5815 = DIRECTION('',(1.,0.,0.));
#5816 = ADVANCED_FACE('',(#5817),#5836,.F.);
#5817 = FACE_BOUND('',#5818,.F.);
#5818 = EDGE_LOOP('',(#5819,#5827,#5834,#5835));
#5819 = ORIENTED_EDGE('',*,*,#5820,.T.);
#5820 = EDGE_CURVE('',#3032,#5821,#5823,.T.);
#5821 = VERTEX_POINT('',#5822);
#5822 = CARTESIAN_POINT('',(-109.95,3.75,0.7));
#5823 = LINE('',#5824,#5825);
#5824 = CARTESIAN_POINT('',(-109.95,3.75,2.5));
#5825 = VECTOR('',#5826,1.);
#5826 = DIRECTION('',(-0.,-0.,-1.));
#5827 = ORIENTED_EDGE('',*,*,#5828,.T.);
#5828 = EDGE_CURVE('',#5821,#5821,#5829,.T.);
#5829 = CIRCLE('',#5830,1.);
#5830 = AXIS2_PLACEMENT_3D('',#5831,#5832,#5833);
#5831 = CARTESIAN_POINT('',(-110.95,3.75,0.7));
#5832 = DIRECTION('',(0.,0.,1.));
#5833 = DIRECTION('',(1.,0.,0.));
#5834 = ORIENTED_EDGE('',*,*,#5820,.F.);
#5835 = ORIENTED_EDGE('',*,*,#3031,.F.);
#5836 = CYLINDRICAL_SURFACE('',#5837,1.);
#5837 = AXIS2_PLACEMENT_3D('',#5838,#5839,#5840);
#5838 = CARTESIAN_POINT('',(-110.95,3.75,2.5));
#5839 = DIRECTION('',(0.,0.,1.));
#5840 = DIRECTION('',(1.,0.,0.));
#5841 = ADVANCED_FACE('',(#5842),#5867,.F.);
#5842 = FACE_BOUND('',#5843,.F.);
#5843 = EDGE_LOOP('',(#5844,#5852,#5860,#5866));
#5844 = ORIENTED_EDGE('',*,*,#5845,.T.);
#5845 = EDGE_CURVE('',#3054,#5846,#5848,.T.);
#5846 = VERTEX_POINT('',#5847);
#5847 = CARTESIAN_POINT('',(-117.85,16.55,0.7));
#5848 = LINE('',#5849,#5850);
#5849 = CARTESIAN_POINT('',(-117.85,16.55,2.5));
#5850 = VECTOR('',#5851,1.);
#5851 = DIRECTION('',(-0.,-0.,-1.));
#5852 = ORIENTED_EDGE('',*,*,#5853,.T.);
#5853 = EDGE_CURVE('',#5846,#5854,#5856,.T.);
#5854 = VERTEX_POINT('',#5855);
#5855 = CARTESIAN_POINT('',(-117.85,12.75,0.7));
#5856 = LINE('',#5857,#5858);
#5857 = CARTESIAN_POINT('',(-117.85,16.55,0.7));
#5858 = VECTOR('',#5859,1.);
#5859 = DIRECTION('',(0.,-1.,0.));
#5860 = ORIENTED_EDGE('',*,*,#5861,.F.);
#5861 = EDGE_CURVE('',#3056,#5854,#5862,.T.);
#5862 = LINE('',#5863,#5864);
#5863 = CARTESIAN_POINT('',(-117.85,12.75,2.5));
#5864 = VECTOR('',#5865,1.);
#5865 = DIRECTION('',(-0.,-0.,-1.));
#5866 = ORIENTED_EDGE('',*,*,#3053,.F.);
#5867 = PLANE('',#5868);
#5868 = AXIS2_PLACEMENT_3D('',#5869,#5870,#5871);
#5869 = CARTESIAN_POINT('',(-117.85,16.55,2.5));
#5870 = DIRECTION('',(-1.,0.,0.));
#5871 = DIRECTION('',(0.,-1.,0.));
#5872 = ADVANCED_FACE('',(#5873),#5891,.F.);
#5873 = FACE_BOUND('',#5874,.F.);
#5874 = EDGE_LOOP('',(#5875,#5883,#5889,#5890));
#5875 = ORIENTED_EDGE('',*,*,#5876,.T.);
#5876 = EDGE_CURVE('',#3064,#5877,#5879,.T.);
#5877 = VERTEX_POINT('',#5878);
#5878 = CARTESIAN_POINT('',(-110.85,16.55,0.7));
#5879 = LINE('',#5880,#5881);
#5880 = CARTESIAN_POINT('',(-110.85,16.55,2.5));
#5881 = VECTOR('',#5882,1.);
#5882 = DIRECTION('',(-0.,-0.,-1.));
#5883 = ORIENTED_EDGE('',*,*,#5884,.T.);
#5884 = EDGE_CURVE('',#5877,#5846,#5885,.T.);
#5885 = LINE('',#5886,#5887);
#5886 = CARTESIAN_POINT('',(-110.85,16.55,0.7));
#5887 = VECTOR('',#5888,1.);
#5888 = DIRECTION('',(-1.,0.,0.));
#5889 = ORIENTED_EDGE('',*,*,#5845,.F.);
#5890 = ORIENTED_EDGE('',*,*,#3063,.F.);
#5891 = PLANE('',#5892);
#5892 = AXIS2_PLACEMENT_3D('',#5893,#5894,#5895);
#5893 = CARTESIAN_POINT('',(-110.85,16.55,2.5));
#5894 = DIRECTION('',(0.,1.,0.));
#5895 = DIRECTION('',(-1.,0.,0.));
#5896 = ADVANCED_FACE('',(#5897),#5915,.F.);
#5897 = FACE_BOUND('',#5898,.F.);
#5898 = EDGE_LOOP('',(#5899,#5900,#5908,#5914));
#5899 = ORIENTED_EDGE('',*,*,#5861,.T.);
#5900 = ORIENTED_EDGE('',*,*,#5901,.T.);
#5901 = EDGE_CURVE('',#5854,#5902,#5904,.T.);
#5902 = VERTEX_POINT('',#5903);
#5903 = CARTESIAN_POINT('',(-110.85,12.75,0.7));
#5904 = LINE('',#5905,#5906);
#5905 = CARTESIAN_POINT('',(-117.85,12.75,0.7));
#5906 = VECTOR('',#5907,1.);
#5907 = DIRECTION('',(1.,0.,0.));
#5908 = ORIENTED_EDGE('',*,*,#5909,.F.);
#5909 = EDGE_CURVE('',#3072,#5902,#5910,.T.);
#5910 = LINE('',#5911,#5912);
#5911 = CARTESIAN_POINT('',(-110.85,12.75,2.5));
#5912 = VECTOR('',#5913,1.);
#5913 = DIRECTION('',(-0.,-0.,-1.));
#5914 = ORIENTED_EDGE('',*,*,#3079,.F.);
#5915 = PLANE('',#5916);
#5916 = AXIS2_PLACEMENT_3D('',#5917,#5918,#5919);
#5917 = CARTESIAN_POINT('',(-117.85,12.75,2.5));
#5918 = DIRECTION('',(0.,-1.,0.));
#5919 = DIRECTION('',(1.,0.,0.));
#5920 = ADVANCED_FACE('',(#5921),#5932,.F.);
#5921 = FACE_BOUND('',#5922,.F.);
#5922 = EDGE_LOOP('',(#5923,#5924,#5930,#5931));
#5923 = ORIENTED_EDGE('',*,*,#5909,.T.);
#5924 = ORIENTED_EDGE('',*,*,#5925,.T.);
#5925 = EDGE_CURVE('',#5902,#5877,#5926,.T.);
#5926 = LINE('',#5927,#5928);
#5927 = CARTESIAN_POINT('',(-110.85,12.75,0.7));
#5928 = VECTOR('',#5929,1.);
#5929 = DIRECTION('',(0.,1.,0.));
#5930 = ORIENTED_EDGE('',*,*,#5876,.F.);
#5931 = ORIENTED_EDGE('',*,*,#3071,.F.);
#5932 = PLANE('',#5933);
#5933 = AXIS2_PLACEMENT_3D('',#5934,#5935,#5936);
#5934 = CARTESIAN_POINT('',(-110.85,12.75,2.5));
#5935 = DIRECTION('',(1.,0.,0.));
#5936 = DIRECTION('',(0.,1.,0.));
#5937 = ADVANCED_FACE('',(#5938),#5957,.F.);
#5938 = FACE_BOUND('',#5939,.F.);
#5939 = EDGE_LOOP('',(#5940,#5948,#5955,#5956));
#5940 = ORIENTED_EDGE('',*,*,#5941,.T.);
#5941 = EDGE_CURVE('',#3088,#5942,#5944,.T.);
#5942 = VERTEX_POINT('',#5943);
#5943 = CARTESIAN_POINT('',(-110.85,9.5,0.7));
#5944 = LINE('',#5945,#5946);
#5945 = CARTESIAN_POINT('',(-110.85,9.5,2.5));
#5946 = VECTOR('',#5947,1.);
#5947 = DIRECTION('',(-0.,-0.,-1.));
#5948 = ORIENTED_EDGE('',*,*,#5949,.T.);
#5949 = EDGE_CURVE('',#5942,#5942,#5950,.T.);
#5950 = CIRCLE('',#5951,2.7);
#5951 = AXIS2_PLACEMENT_3D('',#5952,#5953,#5954);
#5952 = CARTESIAN_POINT('',(-113.55,9.5,0.7));
#5953 = DIRECTION('',(0.,0.,1.));
#5954 = DIRECTION('',(1.,0.,0.));
#5955 = ORIENTED_EDGE('',*,*,#5941,.F.);
#5956 = ORIENTED_EDGE('',*,*,#3087,.F.);
#5957 = CYLINDRICAL_SURFACE('',#5958,2.7);
#5958 = AXIS2_PLACEMENT_3D('',#5959,#5960,#5961);
#5959 = CARTESIAN_POINT('',(-113.55,9.5,2.5));
#5960 = DIRECTION('',(0.,0.,1.));
#5961 = DIRECTION('',(1.,0.,0.));
#5962 = ADVANCED_FACE('',(#5963),#5982,.F.);
#5963 = FACE_BOUND('',#5964,.F.);
#5964 = EDGE_LOOP('',(#5965,#5973,#5980,#5981));
#5965 = ORIENTED_EDGE('',*,*,#5966,.T.);
#5966 = EDGE_CURVE('',#3099,#5967,#5969,.T.);
#5967 = VERTEX_POINT('',#5968);
#5968 = CARTESIAN_POINT('',(-154.95,23.8,0.7));
#5969 = LINE('',#5970,#5971);
#5970 = CARTESIAN_POINT('',(-154.95,23.8,2.5));
#5971 = VECTOR('',#5972,1.);
#5972 = DIRECTION('',(-0.,-0.,-1.));
#5973 = ORIENTED_EDGE('',*,*,#5974,.T.);
#5974 = EDGE_CURVE('',#5967,#5967,#5975,.T.);
#5975 = CIRCLE('',#5976,1.);
#5976 = AXIS2_PLACEMENT_3D('',#5977,#5978,#5979);
#5977 = CARTESIAN_POINT('',(-155.95,23.8,0.7));
#5978 = DIRECTION('',(0.,0.,1.));
#5979 = DIRECTION('',(1.,0.,0.));
#5980 = ORIENTED_EDGE('',*,*,#5966,.F.);
#5981 = ORIENTED_EDGE('',*,*,#3098,.F.);
#5982 = CYLINDRICAL_SURFACE('',#5983,1.);
#5983 = AXIS2_PLACEMENT_3D('',#5984,#5985,#5986);
#5984 = CARTESIAN_POINT('',(-155.95,23.8,2.5));
#5985 = DIRECTION('',(0.,0.,1.));
#5986 = DIRECTION('',(1.,0.,0.));
#5987 = ADVANCED_FACE('',(#5988),#6007,.F.);
#5988 = FACE_BOUND('',#5989,.F.);
#5989 = EDGE_LOOP('',(#5990,#5998,#6005,#6006));
#5990 = ORIENTED_EDGE('',*,*,#5991,.T.);
#5991 = EDGE_CURVE('',#3110,#5992,#5994,.T.);
#5992 = VERTEX_POINT('',#5993);
#5993 = CARTESIAN_POINT('',(-147.95,22.75,0.7));
#5994 = LINE('',#5995,#5996);
#5995 = CARTESIAN_POINT('',(-147.95,22.75,2.5));
#5996 = VECTOR('',#5997,1.);
#5997 = DIRECTION('',(-0.,-0.,-1.));
#5998 = ORIENTED_EDGE('',*,*,#5999,.T.);
#5999 = EDGE_CURVE('',#5992,#5992,#6000,.T.);
#6000 = CIRCLE('',#6001,1.);
#6001 = AXIS2_PLACEMENT_3D('',#6002,#6003,#6004);
#6002 = CARTESIAN_POINT('',(-148.95,22.75,0.7));
#6003 = DIRECTION('',(0.,0.,1.));
#6004 = DIRECTION('',(1.,0.,0.));
#6005 = ORIENTED_EDGE('',*,*,#5991,.F.);
#6006 = ORIENTED_EDGE('',*,*,#3109,.F.);
#6007 = CYLINDRICAL_SURFACE('',#6008,1.);
#6008 = AXIS2_PLACEMENT_3D('',#6009,#6010,#6011);
#6009 = CARTESIAN_POINT('',(-148.95,22.75,2.5));
#6010 = DIRECTION('',(0.,0.,1.));
#6011 = DIRECTION('',(1.,0.,0.));
#6012 = ADVANCED_FACE('',(#6013),#6032,.F.);
#6013 = FACE_BOUND('',#6014,.F.);
#6014 = EDGE_LOOP('',(#6015,#6023,#6030,#6031));
#6015 = ORIENTED_EDGE('',*,*,#6016,.T.);
#6016 = EDGE_CURVE('',#3121,#6017,#6019,.T.);
#6017 = VERTEX_POINT('',#6018);
#6018 = CARTESIAN_POINT('',(-135.95,23.8,0.7));
#6019 = LINE('',#6020,#6021);
#6020 = CARTESIAN_POINT('',(-135.95,23.8,2.5));
#6021 = VECTOR('',#6022,1.);
#6022 = DIRECTION('',(-0.,-0.,-1.));
#6023 = ORIENTED_EDGE('',*,*,#6024,.T.);
#6024 = EDGE_CURVE('',#6017,#6017,#6025,.T.);
#6025 = CIRCLE('',#6026,1.);
#6026 = AXIS2_PLACEMENT_3D('',#6027,#6028,#6029);
#6027 = CARTESIAN_POINT('',(-136.95,23.8,0.7));
#6028 = DIRECTION('',(0.,0.,1.));
#6029 = DIRECTION('',(1.,0.,0.));
#6030 = ORIENTED_EDGE('',*,*,#6016,.F.);
#6031 = ORIENTED_EDGE('',*,*,#3120,.F.);
#6032 = CYLINDRICAL_SURFACE('',#6033,1.);
#6033 = AXIS2_PLACEMENT_3D('',#6034,#6035,#6036);
#6034 = CARTESIAN_POINT('',(-136.95,23.8,2.5));
#6035 = DIRECTION('',(0.,0.,1.));
#6036 = DIRECTION('',(1.,0.,0.));
#6037 = ADVANCED_FACE('',(#6038),#6057,.F.);
#6038 = FACE_BOUND('',#6039,.F.);
#6039 = EDGE_LOOP('',(#6040,#6048,#6055,#6056));
#6040 = ORIENTED_EDGE('',*,*,#6041,.T.);
#6041 = EDGE_CURVE('',#3132,#6042,#6044,.T.);
#6042 = VERTEX_POINT('',#6043);
#6043 = CARTESIAN_POINT('',(-128.95,22.75,0.7));
#6044 = LINE('',#6045,#6046);
#6045 = CARTESIAN_POINT('',(-128.95,22.75,2.5));
#6046 = VECTOR('',#6047,1.);
#6047 = DIRECTION('',(-0.,-0.,-1.));
#6048 = ORIENTED_EDGE('',*,*,#6049,.T.);
#6049 = EDGE_CURVE('',#6042,#6042,#6050,.T.);
#6050 = CIRCLE('',#6051,1.);
#6051 = AXIS2_PLACEMENT_3D('',#6052,#6053,#6054);
#6052 = CARTESIAN_POINT('',(-129.95,22.75,0.7));
#6053 = DIRECTION('',(0.,0.,1.));
#6054 = DIRECTION('',(1.,0.,0.));
#6055 = ORIENTED_EDGE('',*,*,#6041,.F.);
#6056 = ORIENTED_EDGE('',*,*,#3131,.F.);
#6057 = CYLINDRICAL_SURFACE('',#6058,1.);
#6058 = AXIS2_PLACEMENT_3D('',#6059,#6060,#6061);
#6059 = CARTESIAN_POINT('',(-129.95,22.75,2.5));
#6060 = DIRECTION('',(0.,0.,1.));
#6061 = DIRECTION('',(1.,0.,0.));
#6062 = ADVANCED_FACE('',(#6063),#6082,.F.);
#6063 = FACE_BOUND('',#6064,.F.);
#6064 = EDGE_LOOP('',(#6065,#6073,#6080,#6081));
#6065 = ORIENTED_EDGE('',*,*,#6066,.T.);
#6066 = EDGE_CURVE('',#3143,#6067,#6069,.T.);
#6067 = VERTEX_POINT('',#6068);
#6068 = CARTESIAN_POINT('',(-148.85,28.5,0.7));
#6069 = LINE('',#6070,#6071);
#6070 = CARTESIAN_POINT('',(-148.85,28.5,2.5));
#6071 = VECTOR('',#6072,1.);
#6072 = DIRECTION('',(-0.,-0.,-1.));
#6073 = ORIENTED_EDGE('',*,*,#6074,.T.);
#6074 = EDGE_CURVE('',#6067,#6067,#6075,.T.);
#6075 = CIRCLE('',#6076,2.7);
#6076 = AXIS2_PLACEMENT_3D('',#6077,#6078,#6079);
#6077 = CARTESIAN_POINT('',(-151.55,28.5,0.7));
#6078 = DIRECTION('',(0.,0.,1.));
#6079 = DIRECTION('',(1.,0.,0.));
#6080 = ORIENTED_EDGE('',*,*,#6066,.F.);
#6081 = ORIENTED_EDGE('',*,*,#3142,.F.);
#6082 = CYLINDRICAL_SURFACE('',#6083,2.7);
#6083 = AXIS2_PLACEMENT_3D('',#6084,#6085,#6086);
#6084 = CARTESIAN_POINT('',(-151.55,28.5,2.5));
#6085 = DIRECTION('',(0.,0.,1.));
#6086 = DIRECTION('',(1.,0.,0.));
#6087 = ADVANCED_FACE('',(#6088),#6113,.F.);
#6088 = FACE_BOUND('',#6089,.F.);
#6089 = EDGE_LOOP('',(#6090,#6098,#6106,#6112));
#6090 = ORIENTED_EDGE('',*,*,#6091,.T.);
#6091 = EDGE_CURVE('',#3154,#6092,#6094,.T.);
#6092 = VERTEX_POINT('',#6093);
#6093 = CARTESIAN_POINT('',(-155.85,35.55,0.7));
#6094 = LINE('',#6095,#6096);
#6095 = CARTESIAN_POINT('',(-155.85,35.55,2.5));
#6096 = VECTOR('',#6097,1.);
#6097 = DIRECTION('',(-0.,-0.,-1.));
#6098 = ORIENTED_EDGE('',*,*,#6099,.T.);
#6099 = EDGE_CURVE('',#6092,#6100,#6102,.T.);
#6100 = VERTEX_POINT('',#6101);
#6101 = CARTESIAN_POINT('',(-155.85,31.75,0.7));
#6102 = LINE('',#6103,#6104);
#6103 = CARTESIAN_POINT('',(-155.85,35.55,0.7));
#6104 = VECTOR('',#6105,1.);
#6105 = DIRECTION('',(0.,-1.,0.));
#6106 = ORIENTED_EDGE('',*,*,#6107,.F.);
#6107 = EDGE_CURVE('',#3156,#6100,#6108,.T.);
#6108 = LINE('',#6109,#6110);
#6109 = CARTESIAN_POINT('',(-155.85,31.75,2.5));
#6110 = VECTOR('',#6111,1.);
#6111 = DIRECTION('',(-0.,-0.,-1.));
#6112 = ORIENTED_EDGE('',*,*,#3153,.F.);
#6113 = PLANE('',#6114);
#6114 = AXIS2_PLACEMENT_3D('',#6115,#6116,#6117);
#6115 = CARTESIAN_POINT('',(-155.85,35.55,2.5));
#6116 = DIRECTION('',(-1.,0.,0.));
#6117 = DIRECTION('',(0.,-1.,0.));
#6118 = ADVANCED_FACE('',(#6119),#6137,.F.);
#6119 = FACE_BOUND('',#6120,.F.);
#6120 = EDGE_LOOP('',(#6121,#6129,#6135,#6136));
#6121 = ORIENTED_EDGE('',*,*,#6122,.T.);
#6122 = EDGE_CURVE('',#3164,#6123,#6125,.T.);
#6123 = VERTEX_POINT('',#6124);
#6124 = CARTESIAN_POINT('',(-148.85,35.55,0.7));
#6125 = LINE('',#6126,#6127);
#6126 = CARTESIAN_POINT('',(-148.85,35.55,2.5));
#6127 = VECTOR('',#6128,1.);
#6128 = DIRECTION('',(-0.,-0.,-1.));
#6129 = ORIENTED_EDGE('',*,*,#6130,.T.);
#6130 = EDGE_CURVE('',#6123,#6092,#6131,.T.);
#6131 = LINE('',#6132,#6133);
#6132 = CARTESIAN_POINT('',(-148.85,35.55,0.7));
#6133 = VECTOR('',#6134,1.);
#6134 = DIRECTION('',(-1.,0.,0.));
#6135 = ORIENTED_EDGE('',*,*,#6091,.F.);
#6136 = ORIENTED_EDGE('',*,*,#3163,.F.);
#6137 = PLANE('',#6138);
#6138 = AXIS2_PLACEMENT_3D('',#6139,#6140,#6141);
#6139 = CARTESIAN_POINT('',(-148.85,35.55,2.5));
#6140 = DIRECTION('',(0.,1.,0.));
#6141 = DIRECTION('',(-1.,0.,0.));
#6142 = ADVANCED_FACE('',(#6143),#6161,.F.);
#6143 = FACE_BOUND('',#6144,.F.);
#6144 = EDGE_LOOP('',(#6145,#6146,#6154,#6160));
#6145 = ORIENTED_EDGE('',*,*,#6107,.T.);
#6146 = ORIENTED_EDGE('',*,*,#6147,.T.);
#6147 = EDGE_CURVE('',#6100,#6148,#6150,.T.);
#6148 = VERTEX_POINT('',#6149);
#6149 = CARTESIAN_POINT('',(-148.85,31.75,0.7));
#6150 = LINE('',#6151,#6152);
#6151 = CARTESIAN_POINT('',(-155.85,31.75,0.7));
#6152 = VECTOR('',#6153,1.);
#6153 = DIRECTION('',(1.,0.,0.));
#6154 = ORIENTED_EDGE('',*,*,#6155,.F.);
#6155 = EDGE_CURVE('',#3172,#6148,#6156,.T.);
#6156 = LINE('',#6157,#6158);
#6157 = CARTESIAN_POINT('',(-148.85,31.75,2.5));
#6158 = VECTOR('',#6159,1.);
#6159 = DIRECTION('',(-0.,-0.,-1.));
#6160 = ORIENTED_EDGE('',*,*,#3179,.F.);
#6161 = PLANE('',#6162);
#6162 = AXIS2_PLACEMENT_3D('',#6163,#6164,#6165);
#6163 = CARTESIAN_POINT('',(-155.85,31.75,2.5));
#6164 = DIRECTION('',(0.,-1.,0.));
#6165 = DIRECTION('',(1.,0.,0.));
#6166 = ADVANCED_FACE('',(#6167),#6178,.F.);
#6167 = FACE_BOUND('',#6168,.F.);
#6168 = EDGE_LOOP('',(#6169,#6170,#6176,#6177));
#6169 = ORIENTED_EDGE('',*,*,#6155,.T.);
#6170 = ORIENTED_EDGE('',*,*,#6171,.T.);
#6171 = EDGE_CURVE('',#6148,#6123,#6172,.T.);
#6172 = LINE('',#6173,#6174);
#6173 = CARTESIAN_POINT('',(-148.85,31.75,0.7));
#6174 = VECTOR('',#6175,1.);
#6175 = DIRECTION('',(0.,1.,0.));
#6176 = ORIENTED_EDGE('',*,*,#6122,.F.);
#6177 = ORIENTED_EDGE('',*,*,#3171,.F.);
#6178 = PLANE('',#6179);
#6179 = AXIS2_PLACEMENT_3D('',#6180,#6181,#6182);
#6180 = CARTESIAN_POINT('',(-148.85,31.75,2.5));
#6181 = DIRECTION('',(1.,0.,0.));
#6182 = DIRECTION('',(0.,1.,0.));
#6183 = ADVANCED_FACE('',(#6184),#6203,.F.);
#6184 = FACE_BOUND('',#6185,.F.);
#6185 = EDGE_LOOP('',(#6186,#6194,#6201,#6202));
#6186 = ORIENTED_EDGE('',*,*,#6187,.T.);
#6187 = EDGE_CURVE('',#3188,#6188,#6190,.T.);
#6188 = VERTEX_POINT('',#6189);
#6189 = CARTESIAN_POINT('',(-129.85,28.5,0.7));
#6190 = LINE('',#6191,#6192);
#6191 = CARTESIAN_POINT('',(-129.85,28.5,2.5));
#6192 = VECTOR('',#6193,1.);
#6193 = DIRECTION('',(-0.,-0.,-1.));
#6194 = ORIENTED_EDGE('',*,*,#6195,.T.);
#6195 = EDGE_CURVE('',#6188,#6188,#6196,.T.);
#6196 = CIRCLE('',#6197,2.7);
#6197 = AXIS2_PLACEMENT_3D('',#6198,#6199,#6200);
#6198 = CARTESIAN_POINT('',(-132.55,28.5,0.7));
#6199 = DIRECTION('',(0.,0.,1.));
#6200 = DIRECTION('',(1.,0.,0.));
#6201 = ORIENTED_EDGE('',*,*,#6187,.F.);
#6202 = ORIENTED_EDGE('',*,*,#3187,.F.);
#6203 = CYLINDRICAL_SURFACE('',#6204,2.7);
#6204 = AXIS2_PLACEMENT_3D('',#6205,#6206,#6207);
#6205 = CARTESIAN_POINT('',(-132.55,28.5,2.5));
#6206 = DIRECTION('',(0.,0.,1.));
#6207 = DIRECTION('',(1.,0.,0.));
#6208 = ADVANCED_FACE('',(#6209),#6234,.F.);
#6209 = FACE_BOUND('',#6210,.F.);
#6210 = EDGE_LOOP('',(#6211,#6219,#6227,#6233));
#6211 = ORIENTED_EDGE('',*,*,#6212,.T.);
#6212 = EDGE_CURVE('',#3199,#6213,#6215,.T.);
#6213 = VERTEX_POINT('',#6214);
#6214 = CARTESIAN_POINT('',(-136.85,35.55,0.7));
#6215 = LINE('',#6216,#6217);
#6216 = CARTESIAN_POINT('',(-136.85,35.55,2.5));
#6217 = VECTOR('',#6218,1.);
#6218 = DIRECTION('',(-0.,-0.,-1.));
#6219 = ORIENTED_EDGE('',*,*,#6220,.T.);
#6220 = EDGE_CURVE('',#6213,#6221,#6223,.T.);
#6221 = VERTEX_POINT('',#6222);
#6222 = CARTESIAN_POINT('',(-136.85,31.75,0.7));
#6223 = LINE('',#6224,#6225);
#6224 = CARTESIAN_POINT('',(-136.85,35.55,0.7));
#6225 = VECTOR('',#6226,1.);
#6226 = DIRECTION('',(0.,-1.,0.));
#6227 = ORIENTED_EDGE('',*,*,#6228,.F.);
#6228 = EDGE_CURVE('',#3201,#6221,#6229,.T.);
#6229 = LINE('',#6230,#6231);
#6230 = CARTESIAN_POINT('',(-136.85,31.75,2.5));
#6231 = VECTOR('',#6232,1.);
#6232 = DIRECTION('',(-0.,-0.,-1.));
#6233 = ORIENTED_EDGE('',*,*,#3198,.F.);
#6234 = PLANE('',#6235);
#6235 = AXIS2_PLACEMENT_3D('',#6236,#6237,#6238);
#6236 = CARTESIAN_POINT('',(-136.85,35.55,2.5));
#6237 = DIRECTION('',(-1.,0.,0.));
#6238 = DIRECTION('',(0.,-1.,0.));
#6239 = ADVANCED_FACE('',(#6240),#6258,.F.);
#6240 = FACE_BOUND('',#6241,.F.);
#6241 = EDGE_LOOP('',(#6242,#6250,#6256,#6257));
#6242 = ORIENTED_EDGE('',*,*,#6243,.T.);
#6243 = EDGE_CURVE('',#3209,#6244,#6246,.T.);
#6244 = VERTEX_POINT('',#6245);
#6245 = CARTESIAN_POINT('',(-129.85,35.55,0.7));
#6246 = LINE('',#6247,#6248);
#6247 = CARTESIAN_POINT('',(-129.85,35.55,2.5));
#6248 = VECTOR('',#6249,1.);
#6249 = DIRECTION('',(-0.,-0.,-1.));
#6250 = ORIENTED_EDGE('',*,*,#6251,.T.);
#6251 = EDGE_CURVE('',#6244,#6213,#6252,.T.);
#6252 = LINE('',#6253,#6254);
#6253 = CARTESIAN_POINT('',(-129.85,35.55,0.7));
#6254 = VECTOR('',#6255,1.);
#6255 = DIRECTION('',(-1.,0.,0.));
#6256 = ORIENTED_EDGE('',*,*,#6212,.F.);
#6257 = ORIENTED_EDGE('',*,*,#3208,.F.);
#6258 = PLANE('',#6259);
#6259 = AXIS2_PLACEMENT_3D('',#6260,#6261,#6262);
#6260 = CARTESIAN_POINT('',(-129.85,35.55,2.5));
#6261 = DIRECTION('',(0.,1.,0.));
#6262 = DIRECTION('',(-1.,0.,0.));
#6263 = ADVANCED_FACE('',(#6264),#6282,.F.);
#6264 = FACE_BOUND('',#6265,.F.);
#6265 = EDGE_LOOP('',(#6266,#6267,#6275,#6281));
#6266 = ORIENTED_EDGE('',*,*,#6228,.T.);
#6267 = ORIENTED_EDGE('',*,*,#6268,.T.);
#6268 = EDGE_CURVE('',#6221,#6269,#6271,.T.);
#6269 = VERTEX_POINT('',#6270);
#6270 = CARTESIAN_POINT('',(-129.85,31.75,0.7));
#6271 = LINE('',#6272,#6273);
#6272 = CARTESIAN_POINT('',(-136.85,31.75,0.7));
#6273 = VECTOR('',#6274,1.);
#6274 = DIRECTION('',(1.,0.,0.));
#6275 = ORIENTED_EDGE('',*,*,#6276,.F.);
#6276 = EDGE_CURVE('',#3217,#6269,#6277,.T.);
#6277 = LINE('',#6278,#6279);
#6278 = CARTESIAN_POINT('',(-129.85,31.75,2.5));
#6279 = VECTOR('',#6280,1.);
#6280 = DIRECTION('',(-0.,-0.,-1.));
#6281 = ORIENTED_EDGE('',*,*,#3224,.F.);
#6282 = PLANE('',#6283);
#6283 = AXIS2_PLACEMENT_3D('',#6284,#6285,#6286);
#6284 = CARTESIAN_POINT('',(-136.85,31.75,2.5));
#6285 = DIRECTION('',(0.,-1.,0.));
#6286 = DIRECTION('',(1.,0.,0.));
#6287 = ADVANCED_FACE('',(#6288),#6299,.F.);
#6288 = FACE_BOUND('',#6289,.F.);
#6289 = EDGE_LOOP('',(#6290,#6291,#6297,#6298));
#6290 = ORIENTED_EDGE('',*,*,#6276,.T.);
#6291 = ORIENTED_EDGE('',*,*,#6292,.T.);
#6292 = EDGE_CURVE('',#6269,#6244,#6293,.T.);
#6293 = LINE('',#6294,#6295);
#6294 = CARTESIAN_POINT('',(-129.85,31.75,0.7));
#6295 = VECTOR('',#6296,1.);
#6296 = DIRECTION('',(0.,1.,0.));
#6297 = ORIENTED_EDGE('',*,*,#6243,.F.);
#6298 = ORIENTED_EDGE('',*,*,#3216,.F.);
#6299 = PLANE('',#6300);
#6300 = AXIS2_PLACEMENT_3D('',#6301,#6302,#6303);
#6301 = CARTESIAN_POINT('',(-129.85,31.75,2.5));
#6302 = DIRECTION('',(1.,0.,0.));
#6303 = DIRECTION('',(0.,1.,0.));
#6304 = ADVANCED_FACE('',(#6305),#6324,.F.);
#6305 = FACE_BOUND('',#6306,.F.);
#6306 = EDGE_LOOP('',(#6307,#6315,#6322,#6323));
#6307 = ORIENTED_EDGE('',*,*,#6308,.T.);
#6308 = EDGE_CURVE('',#3233,#6309,#6311,.T.);
#6309 = VERTEX_POINT('',#6310);
#6310 = CARTESIAN_POINT('',(-116.95,23.8,0.7));
#6311 = LINE('',#6312,#6313);
#6312 = CARTESIAN_POINT('',(-116.95,23.8,2.5));
#6313 = VECTOR('',#6314,1.);
#6314 = DIRECTION('',(-0.,-0.,-1.));
#6315 = ORIENTED_EDGE('',*,*,#6316,.T.);
#6316 = EDGE_CURVE('',#6309,#6309,#6317,.T.);
#6317 = CIRCLE('',#6318,1.);
#6318 = AXIS2_PLACEMENT_3D('',#6319,#6320,#6321);
#6319 = CARTESIAN_POINT('',(-117.95,23.8,0.7));
#6320 = DIRECTION('',(0.,0.,1.));
#6321 = DIRECTION('',(1.,0.,0.));
#6322 = ORIENTED_EDGE('',*,*,#6308,.F.);
#6323 = ORIENTED_EDGE('',*,*,#3232,.F.);
#6324 = CYLINDRICAL_SURFACE('',#6325,1.);
#6325 = AXIS2_PLACEMENT_3D('',#6326,#6327,#6328);
#6326 = CARTESIAN_POINT('',(-117.95,23.8,2.5));
#6327 = DIRECTION('',(0.,0.,1.));
#6328 = DIRECTION('',(1.,0.,0.));
#6329 = ADVANCED_FACE('',(#6330),#6349,.F.);
#6330 = FACE_BOUND('',#6331,.F.);
#6331 = EDGE_LOOP('',(#6332,#6340,#6347,#6348));
#6332 = ORIENTED_EDGE('',*,*,#6333,.T.);
#6333 = EDGE_CURVE('',#3244,#6334,#6336,.T.);
#6334 = VERTEX_POINT('',#6335);
#6335 = CARTESIAN_POINT('',(-109.95,22.75,0.7));
#6336 = LINE('',#6337,#6338);
#6337 = CARTESIAN_POINT('',(-109.95,22.75,2.5));
#6338 = VECTOR('',#6339,1.);
#6339 = DIRECTION('',(-0.,-0.,-1.));
#6340 = ORIENTED_EDGE('',*,*,#6341,.T.);
#6341 = EDGE_CURVE('',#6334,#6334,#6342,.T.);
#6342 = CIRCLE('',#6343,1.);
#6343 = AXIS2_PLACEMENT_3D('',#6344,#6345,#6346);
#6344 = CARTESIAN_POINT('',(-110.95,22.75,0.7));
#6345 = DIRECTION('',(0.,0.,1.));
#6346 = DIRECTION('',(1.,0.,0.));
#6347 = ORIENTED_EDGE('',*,*,#6333,.F.);
#6348 = ORIENTED_EDGE('',*,*,#3243,.F.);
#6349 = CYLINDRICAL_SURFACE('',#6350,1.);
#6350 = AXIS2_PLACEMENT_3D('',#6351,#6352,#6353);
#6351 = CARTESIAN_POINT('',(-110.95,22.75,2.5));
#6352 = DIRECTION('',(0.,0.,1.));
#6353 = DIRECTION('',(1.,0.,0.));
#6354 = ADVANCED_FACE('',(#6355),#6380,.F.);
#6355 = FACE_BOUND('',#6356,.F.);
#6356 = EDGE_LOOP('',(#6357,#6365,#6373,#6379));
#6357 = ORIENTED_EDGE('',*,*,#6358,.T.);
#6358 = EDGE_CURVE('',#3255,#6359,#6361,.T.);
#6359 = VERTEX_POINT('',#6360);
#6360 = CARTESIAN_POINT('',(-117.85,35.55,0.7));
#6361 = LINE('',#6362,#6363);
#6362 = CARTESIAN_POINT('',(-117.85,35.55,2.5));
#6363 = VECTOR('',#6364,1.);
#6364 = DIRECTION('',(-0.,-0.,-1.));
#6365 = ORIENTED_EDGE('',*,*,#6366,.T.);
#6366 = EDGE_CURVE('',#6359,#6367,#6369,.T.);
#6367 = VERTEX_POINT('',#6368);
#6368 = CARTESIAN_POINT('',(-117.85,31.75,0.7));
#6369 = LINE('',#6370,#6371);
#6370 = CARTESIAN_POINT('',(-117.85,35.55,0.7));
#6371 = VECTOR('',#6372,1.);
#6372 = DIRECTION('',(0.,-1.,0.));
#6373 = ORIENTED_EDGE('',*,*,#6374,.F.);
#6374 = EDGE_CURVE('',#3257,#6367,#6375,.T.);
#6375 = LINE('',#6376,#6377);
#6376 = CARTESIAN_POINT('',(-117.85,31.75,2.5));
#6377 = VECTOR('',#6378,1.);
#6378 = DIRECTION('',(-0.,-0.,-1.));
#6379 = ORIENTED_EDGE('',*,*,#3254,.F.);
#6380 = PLANE('',#6381);
#6381 = AXIS2_PLACEMENT_3D('',#6382,#6383,#6384);
#6382 = CARTESIAN_POINT('',(-117.85,35.55,2.5));
#6383 = DIRECTION('',(-1.,0.,0.));
#6384 = DIRECTION('',(0.,-1.,0.));
#6385 = ADVANCED_FACE('',(#6386),#6404,.F.);
#6386 = FACE_BOUND('',#6387,.F.);
#6387 = EDGE_LOOP('',(#6388,#6396,#6402,#6403));
#6388 = ORIENTED_EDGE('',*,*,#6389,.T.);
#6389 = EDGE_CURVE('',#3265,#6390,#6392,.T.);
#6390 = VERTEX_POINT('',#6391);
#6391 = CARTESIAN_POINT('',(-110.85,35.55,0.7));
#6392 = LINE('',#6393,#6394);
#6393 = CARTESIAN_POINT('',(-110.85,35.55,2.5));
#6394 = VECTOR('',#6395,1.);
#6395 = DIRECTION('',(-0.,-0.,-1.));
#6396 = ORIENTED_EDGE('',*,*,#6397,.T.);
#6397 = EDGE_CURVE('',#6390,#6359,#6398,.T.);
#6398 = LINE('',#6399,#6400);
#6399 = CARTESIAN_POINT('',(-110.85,35.55,0.7));
#6400 = VECTOR('',#6401,1.);
#6401 = DIRECTION('',(-1.,0.,0.));
#6402 = ORIENTED_EDGE('',*,*,#6358,.F.);
#6403 = ORIENTED_EDGE('',*,*,#3264,.F.);
#6404 = PLANE('',#6405);
#6405 = AXIS2_PLACEMENT_3D('',#6406,#6407,#6408);
#6406 = CARTESIAN_POINT('',(-110.85,35.55,2.5));
#6407 = DIRECTION('',(0.,1.,0.));
#6408 = DIRECTION('',(-1.,0.,0.));
#6409 = ADVANCED_FACE('',(#6410),#6428,.F.);
#6410 = FACE_BOUND('',#6411,.F.);
#6411 = EDGE_LOOP('',(#6412,#6413,#6421,#6427));
#6412 = ORIENTED_EDGE('',*,*,#6374,.T.);
#6413 = ORIENTED_EDGE('',*,*,#6414,.T.);
#6414 = EDGE_CURVE('',#6367,#6415,#6417,.T.);
#6415 = VERTEX_POINT('',#6416);
#6416 = CARTESIAN_POINT('',(-110.85,31.75,0.7));
#6417 = LINE('',#6418,#6419);
#6418 = CARTESIAN_POINT('',(-117.85,31.75,0.7));
#6419 = VECTOR('',#6420,1.);
#6420 = DIRECTION('',(1.,0.,0.));
#6421 = ORIENTED_EDGE('',*,*,#6422,.F.);
#6422 = EDGE_CURVE('',#3273,#6415,#6423,.T.);
#6423 = LINE('',#6424,#6425);
#6424 = CARTESIAN_POINT('',(-110.85,31.75,2.5));
#6425 = VECTOR('',#6426,1.);
#6426 = DIRECTION('',(-0.,-0.,-1.));
#6427 = ORIENTED_EDGE('',*,*,#3280,.F.);
#6428 = PLANE('',#6429);
#6429 = AXIS2_PLACEMENT_3D('',#6430,#6431,#6432);
#6430 = CARTESIAN_POINT('',(-117.85,31.75,2.5));
#6431 = DIRECTION('',(0.,-1.,0.));
#6432 = DIRECTION('',(1.,0.,0.));
#6433 = ADVANCED_FACE('',(#6434),#6445,.F.);
#6434 = FACE_BOUND('',#6435,.F.);
#6435 = EDGE_LOOP('',(#6436,#6437,#6443,#6444));
#6436 = ORIENTED_EDGE('',*,*,#6422,.T.);
#6437 = ORIENTED_EDGE('',*,*,#6438,.T.);
#6438 = EDGE_CURVE('',#6415,#6390,#6439,.T.);
#6439 = LINE('',#6440,#6441);
#6440 = CARTESIAN_POINT('',(-110.85,31.75,0.7));
#6441 = VECTOR('',#6442,1.);
#6442 = DIRECTION('',(0.,1.,0.));
#6443 = ORIENTED_EDGE('',*,*,#6389,.F.);
#6444 = ORIENTED_EDGE('',*,*,#3272,.F.);
#6445 = PLANE('',#6446);
#6446 = AXIS2_PLACEMENT_3D('',#6447,#6448,#6449);
#6447 = CARTESIAN_POINT('',(-110.85,31.75,2.5));
#6448 = DIRECTION('',(1.,0.,0.));
#6449 = DIRECTION('',(0.,1.,0.));
#6450 = ADVANCED_FACE('',(#6451),#6470,.F.);
#6451 = FACE_BOUND('',#6452,.F.);
#6452 = EDGE_LOOP('',(#6453,#6461,#6468,#6469));
#6453 = ORIENTED_EDGE('',*,*,#6454,.T.);
#6454 = EDGE_CURVE('',#3289,#6455,#6457,.T.);
#6455 = VERTEX_POINT('',#6456);
#6456 = CARTESIAN_POINT('',(-110.85,28.5,0.7));
#6457 = LINE('',#6458,#6459);
#6458 = CARTESIAN_POINT('',(-110.85,28.5,2.5));
#6459 = VECTOR('',#6460,1.);
#6460 = DIRECTION('',(-0.,-0.,-1.));
#6461 = ORIENTED_EDGE('',*,*,#6462,.T.);
#6462 = EDGE_CURVE('',#6455,#6455,#6463,.T.);
#6463 = CIRCLE('',#6464,2.7);
#6464 = AXIS2_PLACEMENT_3D('',#6465,#6466,#6467);
#6465 = CARTESIAN_POINT('',(-113.55,28.5,0.7));
#6466 = DIRECTION('',(0.,0.,1.));
#6467 = DIRECTION('',(1.,0.,0.));
#6468 = ORIENTED_EDGE('',*,*,#6454,.F.);
#6469 = ORIENTED_EDGE('',*,*,#3288,.F.);
#6470 = CYLINDRICAL_SURFACE('',#6471,2.7);
#6471 = AXIS2_PLACEMENT_3D('',#6472,#6473,#6474);
#6472 = CARTESIAN_POINT('',(-113.55,28.5,2.5));
#6473 = DIRECTION('',(0.,0.,1.));
#6474 = DIRECTION('',(1.,0.,0.));
#6475 = ADVANCED_FACE('',(#6476),#6495,.F.);
#6476 = FACE_BOUND('',#6477,.F.);
#6477 = EDGE_LOOP('',(#6478,#6486,#6493,#6494));
#6478 = ORIENTED_EDGE('',*,*,#6479,.T.);
#6479 = EDGE_CURVE('',#3300,#6480,#6482,.T.);
#6480 = VERTEX_POINT('',#6481);
#6481 = CARTESIAN_POINT('',(-90.95,3.75,0.7));
#6482 = LINE('',#6483,#6484);
#6483 = CARTESIAN_POINT('',(-90.95,3.75,2.5));
#6484 = VECTOR('',#6485,1.);
#6485 = DIRECTION('',(-0.,-0.,-1.));
#6486 = ORIENTED_EDGE('',*,*,#6487,.T.);
#6487 = EDGE_CURVE('',#6480,#6480,#6488,.T.);
#6488 = CIRCLE('',#6489,1.);
#6489 = AXIS2_PLACEMENT_3D('',#6490,#6491,#6492);
#6490 = CARTESIAN_POINT('',(-91.95,3.75,0.7));
#6491 = DIRECTION('',(0.,0.,1.));
#6492 = DIRECTION('',(1.,0.,0.));
#6493 = ORIENTED_EDGE('',*,*,#6479,.F.);
#6494 = ORIENTED_EDGE('',*,*,#3299,.F.);
#6495 = CYLINDRICAL_SURFACE('',#6496,1.);
#6496 = AXIS2_PLACEMENT_3D('',#6497,#6498,#6499);
#6497 = CARTESIAN_POINT('',(-91.95,3.75,2.5));
#6498 = DIRECTION('',(0.,0.,1.));
#6499 = DIRECTION('',(1.,0.,0.));
#6500 = ADVANCED_FACE('',(#6501),#6520,.F.);
#6501 = FACE_BOUND('',#6502,.F.);
#6502 = EDGE_LOOP('',(#6503,#6511,#6518,#6519));
#6503 = ORIENTED_EDGE('',*,*,#6504,.T.);
#6504 = EDGE_CURVE('',#3311,#6505,#6507,.T.);
#6505 = VERTEX_POINT('',#6506);
#6506 = CARTESIAN_POINT('',(-97.95,4.8,0.7));
#6507 = LINE('',#6508,#6509);
#6508 = CARTESIAN_POINT('',(-97.95,4.8,2.5));
#6509 = VECTOR('',#6510,1.);
#6510 = DIRECTION('',(-0.,-0.,-1.));
#6511 = ORIENTED_EDGE('',*,*,#6512,.T.);
#6512 = EDGE_CURVE('',#6505,#6505,#6513,.T.);
#6513 = CIRCLE('',#6514,1.);
#6514 = AXIS2_PLACEMENT_3D('',#6515,#6516,#6517);
#6515 = CARTESIAN_POINT('',(-98.95,4.8,0.7));
#6516 = DIRECTION('',(0.,0.,1.));
#6517 = DIRECTION('',(1.,0.,0.));
#6518 = ORIENTED_EDGE('',*,*,#6504,.F.);
#6519 = ORIENTED_EDGE('',*,*,#3310,.F.);
#6520 = CYLINDRICAL_SURFACE('',#6521,1.);
#6521 = AXIS2_PLACEMENT_3D('',#6522,#6523,#6524);
#6522 = CARTESIAN_POINT('',(-98.95,4.8,2.5));
#6523 = DIRECTION('',(0.,0.,1.));
#6524 = DIRECTION('',(1.,0.,0.));
#6525 = ADVANCED_FACE('',(#6526),#6545,.F.);
#6526 = FACE_BOUND('',#6527,.F.);
#6527 = EDGE_LOOP('',(#6528,#6536,#6543,#6544));
#6528 = ORIENTED_EDGE('',*,*,#6529,.T.);
#6529 = EDGE_CURVE('',#3322,#6530,#6532,.T.);
#6530 = VERTEX_POINT('',#6531);
#6531 = CARTESIAN_POINT('',(-71.95,3.75,0.7));
#6532 = LINE('',#6533,#6534);
#6533 = CARTESIAN_POINT('',(-71.95,3.75,2.5));
#6534 = VECTOR('',#6535,1.);
#6535 = DIRECTION('',(-0.,-0.,-1.));
#6536 = ORIENTED_EDGE('',*,*,#6537,.T.);
#6537 = EDGE_CURVE('',#6530,#6530,#6538,.T.);
#6538 = CIRCLE('',#6539,1.);
#6539 = AXIS2_PLACEMENT_3D('',#6540,#6541,#6542);
#6540 = CARTESIAN_POINT('',(-72.95,3.75,0.7));
#6541 = DIRECTION('',(0.,0.,1.));
#6542 = DIRECTION('',(1.,0.,0.));
#6543 = ORIENTED_EDGE('',*,*,#6529,.F.);
#6544 = ORIENTED_EDGE('',*,*,#3321,.F.);
#6545 = CYLINDRICAL_SURFACE('',#6546,1.);
#6546 = AXIS2_PLACEMENT_3D('',#6547,#6548,#6549);
#6547 = CARTESIAN_POINT('',(-72.95,3.75,2.5));
#6548 = DIRECTION('',(0.,0.,1.));
#6549 = DIRECTION('',(1.,0.,0.));
#6550 = ADVANCED_FACE('',(#6551),#6570,.F.);
#6551 = FACE_BOUND('',#6552,.F.);
#6552 = EDGE_LOOP('',(#6553,#6561,#6568,#6569));
#6553 = ORIENTED_EDGE('',*,*,#6554,.T.);
#6554 = EDGE_CURVE('',#3333,#6555,#6557,.T.);
#6555 = VERTEX_POINT('',#6556);
#6556 = CARTESIAN_POINT('',(-78.95,4.8,0.7));
#6557 = LINE('',#6558,#6559);
#6558 = CARTESIAN_POINT('',(-78.95,4.8,2.5));
#6559 = VECTOR('',#6560,1.);
#6560 = DIRECTION('',(-0.,-0.,-1.));
#6561 = ORIENTED_EDGE('',*,*,#6562,.T.);
#6562 = EDGE_CURVE('',#6555,#6555,#6563,.T.);
#6563 = CIRCLE('',#6564,1.);
#6564 = AXIS2_PLACEMENT_3D('',#6565,#6566,#6567);
#6565 = CARTESIAN_POINT('',(-79.95,4.8,0.7));
#6566 = DIRECTION('',(0.,0.,1.));
#6567 = DIRECTION('',(1.,0.,0.));
#6568 = ORIENTED_EDGE('',*,*,#6554,.F.);
#6569 = ORIENTED_EDGE('',*,*,#3332,.F.);
#6570 = CYLINDRICAL_SURFACE('',#6571,1.);
#6571 = AXIS2_PLACEMENT_3D('',#6572,#6573,#6574);
#6572 = CARTESIAN_POINT('',(-79.95,4.8,2.5));
#6573 = DIRECTION('',(0.,0.,1.));
#6574 = DIRECTION('',(1.,0.,0.));
#6575 = ADVANCED_FACE('',(#6576),#6595,.F.);
#6576 = FACE_BOUND('',#6577,.F.);
#6577 = EDGE_LOOP('',(#6578,#6586,#6593,#6594));
#6578 = ORIENTED_EDGE('',*,*,#6579,.T.);
#6579 = EDGE_CURVE('',#3344,#6580,#6582,.T.);
#6580 = VERTEX_POINT('',#6581);
#6581 = CARTESIAN_POINT('',(-91.85,9.5,0.7));
#6582 = LINE('',#6583,#6584);
#6583 = CARTESIAN_POINT('',(-91.85,9.5,2.5));
#6584 = VECTOR('',#6585,1.);
#6585 = DIRECTION('',(-0.,-0.,-1.));
#6586 = ORIENTED_EDGE('',*,*,#6587,.T.);
#6587 = EDGE_CURVE('',#6580,#6580,#6588,.T.);
#6588 = CIRCLE('',#6589,2.7);
#6589 = AXIS2_PLACEMENT_3D('',#6590,#6591,#6592);
#6590 = CARTESIAN_POINT('',(-94.55,9.5,0.7));
#6591 = DIRECTION('',(0.,0.,1.));
#6592 = DIRECTION('',(1.,0.,0.));
#6593 = ORIENTED_EDGE('',*,*,#6579,.F.);
#6594 = ORIENTED_EDGE('',*,*,#3343,.F.);
#6595 = CYLINDRICAL_SURFACE('',#6596,2.7);
#6596 = AXIS2_PLACEMENT_3D('',#6597,#6598,#6599);
#6597 = CARTESIAN_POINT('',(-94.55,9.5,2.5));
#6598 = DIRECTION('',(0.,0.,1.));
#6599 = DIRECTION('',(1.,0.,0.));
#6600 = ADVANCED_FACE('',(#6601),#6626,.F.);
#6601 = FACE_BOUND('',#6602,.F.);
#6602 = EDGE_LOOP('',(#6603,#6611,#6619,#6625));
#6603 = ORIENTED_EDGE('',*,*,#6604,.T.);
#6604 = EDGE_CURVE('',#3355,#6605,#6607,.T.);
#6605 = VERTEX_POINT('',#6606);
#6606 = CARTESIAN_POINT('',(-98.85,16.55,0.7));
#6607 = LINE('',#6608,#6609);
#6608 = CARTESIAN_POINT('',(-98.85,16.55,2.5));
#6609 = VECTOR('',#6610,1.);
#6610 = DIRECTION('',(-0.,-0.,-1.));
#6611 = ORIENTED_EDGE('',*,*,#6612,.T.);
#6612 = EDGE_CURVE('',#6605,#6613,#6615,.T.);
#6613 = VERTEX_POINT('',#6614);
#6614 = CARTESIAN_POINT('',(-98.85,12.75,0.7));
#6615 = LINE('',#6616,#6617);
#6616 = CARTESIAN_POINT('',(-98.85,16.55,0.7));
#6617 = VECTOR('',#6618,1.);
#6618 = DIRECTION('',(0.,-1.,0.));
#6619 = ORIENTED_EDGE('',*,*,#6620,.F.);
#6620 = EDGE_CURVE('',#3357,#6613,#6621,.T.);
#6621 = LINE('',#6622,#6623);
#6622 = CARTESIAN_POINT('',(-98.85,12.75,2.5));
#6623 = VECTOR('',#6624,1.);
#6624 = DIRECTION('',(-0.,-0.,-1.));
#6625 = ORIENTED_EDGE('',*,*,#3354,.F.);
#6626 = PLANE('',#6627);
#6627 = AXIS2_PLACEMENT_3D('',#6628,#6629,#6630);
#6628 = CARTESIAN_POINT('',(-98.85,16.55,2.5));
#6629 = DIRECTION('',(-1.,0.,0.));
#6630 = DIRECTION('',(0.,-1.,0.));
#6631 = ADVANCED_FACE('',(#6632),#6650,.F.);
#6632 = FACE_BOUND('',#6633,.F.);
#6633 = EDGE_LOOP('',(#6634,#6642,#6648,#6649));
#6634 = ORIENTED_EDGE('',*,*,#6635,.T.);
#6635 = EDGE_CURVE('',#3365,#6636,#6638,.T.);
#6636 = VERTEX_POINT('',#6637);
#6637 = CARTESIAN_POINT('',(-91.85,16.55,0.7));
#6638 = LINE('',#6639,#6640);
#6639 = CARTESIAN_POINT('',(-91.85,16.55,2.5));
#6640 = VECTOR('',#6641,1.);
#6641 = DIRECTION('',(-0.,-0.,-1.));
#6642 = ORIENTED_EDGE('',*,*,#6643,.T.);
#6643 = EDGE_CURVE('',#6636,#6605,#6644,.T.);
#6644 = LINE('',#6645,#6646);
#6645 = CARTESIAN_POINT('',(-91.85,16.55,0.7));
#6646 = VECTOR('',#6647,1.);
#6647 = DIRECTION('',(-1.,0.,0.));
#6648 = ORIENTED_EDGE('',*,*,#6604,.F.);
#6649 = ORIENTED_EDGE('',*,*,#3364,.F.);
#6650 = PLANE('',#6651);
#6651 = AXIS2_PLACEMENT_3D('',#6652,#6653,#6654);
#6652 = CARTESIAN_POINT('',(-91.85,16.55,2.5));
#6653 = DIRECTION('',(0.,1.,0.));
#6654 = DIRECTION('',(-1.,0.,0.));
#6655 = ADVANCED_FACE('',(#6656),#6674,.F.);
#6656 = FACE_BOUND('',#6657,.F.);
#6657 = EDGE_LOOP('',(#6658,#6659,#6667,#6673));
#6658 = ORIENTED_EDGE('',*,*,#6620,.T.);
#6659 = ORIENTED_EDGE('',*,*,#6660,.T.);
#6660 = EDGE_CURVE('',#6613,#6661,#6663,.T.);
#6661 = VERTEX_POINT('',#6662);
#6662 = CARTESIAN_POINT('',(-91.85,12.75,0.7));
#6663 = LINE('',#6664,#6665);
#6664 = CARTESIAN_POINT('',(-98.85,12.75,0.7));
#6665 = VECTOR('',#6666,1.);
#6666 = DIRECTION('',(1.,0.,0.));
#6667 = ORIENTED_EDGE('',*,*,#6668,.F.);
#6668 = EDGE_CURVE('',#3373,#6661,#6669,.T.);
#6669 = LINE('',#6670,#6671);
#6670 = CARTESIAN_POINT('',(-91.85,12.75,2.5));
#6671 = VECTOR('',#6672,1.);
#6672 = DIRECTION('',(-0.,-0.,-1.));
#6673 = ORIENTED_EDGE('',*,*,#3380,.F.);
#6674 = PLANE('',#6675);
#6675 = AXIS2_PLACEMENT_3D('',#6676,#6677,#6678);
#6676 = CARTESIAN_POINT('',(-98.85,12.75,2.5));
#6677 = DIRECTION('',(0.,-1.,0.));
#6678 = DIRECTION('',(1.,0.,0.));
#6679 = ADVANCED_FACE('',(#6680),#6691,.F.);
#6680 = FACE_BOUND('',#6681,.F.);
#6681 = EDGE_LOOP('',(#6682,#6683,#6689,#6690));
#6682 = ORIENTED_EDGE('',*,*,#6668,.T.);
#6683 = ORIENTED_EDGE('',*,*,#6684,.T.);
#6684 = EDGE_CURVE('',#6661,#6636,#6685,.T.);
#6685 = LINE('',#6686,#6687);
#6686 = CARTESIAN_POINT('',(-91.85,12.75,0.7));
#6687 = VECTOR('',#6688,1.);
#6688 = DIRECTION('',(0.,1.,0.));
#6689 = ORIENTED_EDGE('',*,*,#6635,.F.);
#6690 = ORIENTED_EDGE('',*,*,#3372,.F.);
#6691 = PLANE('',#6692);
#6692 = AXIS2_PLACEMENT_3D('',#6693,#6694,#6695);
#6693 = CARTESIAN_POINT('',(-91.85,12.75,2.5));
#6694 = DIRECTION('',(1.,0.,0.));
#6695 = DIRECTION('',(0.,1.,0.));
#6696 = ADVANCED_FACE('',(#6697),#6716,.F.);
#6697 = FACE_BOUND('',#6698,.F.);
#6698 = EDGE_LOOP('',(#6699,#6707,#6714,#6715));
#6699 = ORIENTED_EDGE('',*,*,#6700,.T.);
#6700 = EDGE_CURVE('',#3389,#6701,#6703,.T.);
#6701 = VERTEX_POINT('',#6702);
#6702 = CARTESIAN_POINT('',(-72.85,9.5,0.7));
#6703 = LINE('',#6704,#6705);
#6704 = CARTESIAN_POINT('',(-72.85,9.5,2.5));
#6705 = VECTOR('',#6706,1.);
#6706 = DIRECTION('',(-0.,-0.,-1.));
#6707 = ORIENTED_EDGE('',*,*,#6708,.T.);
#6708 = EDGE_CURVE('',#6701,#6701,#6709,.T.);
#6709 = CIRCLE('',#6710,2.7);
#6710 = AXIS2_PLACEMENT_3D('',#6711,#6712,#6713);
#6711 = CARTESIAN_POINT('',(-75.55,9.5,0.7));
#6712 = DIRECTION('',(0.,0.,1.));
#6713 = DIRECTION('',(1.,0.,0.));
#6714 = ORIENTED_EDGE('',*,*,#6700,.F.);
#6715 = ORIENTED_EDGE('',*,*,#3388,.F.);
#6716 = CYLINDRICAL_SURFACE('',#6717,2.7);
#6717 = AXIS2_PLACEMENT_3D('',#6718,#6719,#6720);
#6718 = CARTESIAN_POINT('',(-75.55,9.5,2.5));
#6719 = DIRECTION('',(0.,0.,1.));
#6720 = DIRECTION('',(1.,0.,0.));
#6721 = ADVANCED_FACE('',(#6722),#6747,.F.);
#6722 = FACE_BOUND('',#6723,.F.);
#6723 = EDGE_LOOP('',(#6724,#6732,#6740,#6746));
#6724 = ORIENTED_EDGE('',*,*,#6725,.T.);
#6725 = EDGE_CURVE('',#3400,#6726,#6728,.T.);
#6726 = VERTEX_POINT('',#6727);
#6727 = CARTESIAN_POINT('',(-79.85,16.55,0.7));
#6728 = LINE('',#6729,#6730);
#6729 = CARTESIAN_POINT('',(-79.85,16.55,2.5));
#6730 = VECTOR('',#6731,1.);
#6731 = DIRECTION('',(-0.,-0.,-1.));
#6732 = ORIENTED_EDGE('',*,*,#6733,.T.);
#6733 = EDGE_CURVE('',#6726,#6734,#6736,.T.);
#6734 = VERTEX_POINT('',#6735);
#6735 = CARTESIAN_POINT('',(-79.85,12.75,0.7));
#6736 = LINE('',#6737,#6738);
#6737 = CARTESIAN_POINT('',(-79.85,16.55,0.7));
#6738 = VECTOR('',#6739,1.);
#6739 = DIRECTION('',(0.,-1.,0.));
#6740 = ORIENTED_EDGE('',*,*,#6741,.F.);
#6741 = EDGE_CURVE('',#3402,#6734,#6742,.T.);
#6742 = LINE('',#6743,#6744);
#6743 = CARTESIAN_POINT('',(-79.85,12.75,2.5));
#6744 = VECTOR('',#6745,1.);
#6745 = DIRECTION('',(-0.,-0.,-1.));
#6746 = ORIENTED_EDGE('',*,*,#3399,.F.);
#6747 = PLANE('',#6748);
#6748 = AXIS2_PLACEMENT_3D('',#6749,#6750,#6751);
#6749 = CARTESIAN_POINT('',(-79.85,16.55,2.5));
#6750 = DIRECTION('',(-1.,0.,0.));
#6751 = DIRECTION('',(0.,-1.,0.));
#6752 = ADVANCED_FACE('',(#6753),#6771,.F.);
#6753 = FACE_BOUND('',#6754,.F.);
#6754 = EDGE_LOOP('',(#6755,#6763,#6769,#6770));
#6755 = ORIENTED_EDGE('',*,*,#6756,.T.);
#6756 = EDGE_CURVE('',#3410,#6757,#6759,.T.);
#6757 = VERTEX_POINT('',#6758);
#6758 = CARTESIAN_POINT('',(-72.85,16.55,0.7));
#6759 = LINE('',#6760,#6761);
#6760 = CARTESIAN_POINT('',(-72.85,16.55,2.5));
#6761 = VECTOR('',#6762,1.);
#6762 = DIRECTION('',(-0.,-0.,-1.));
#6763 = ORIENTED_EDGE('',*,*,#6764,.T.);
#6764 = EDGE_CURVE('',#6757,#6726,#6765,.T.);
#6765 = LINE('',#6766,#6767);
#6766 = CARTESIAN_POINT('',(-72.85,16.55,0.7));
#6767 = VECTOR('',#6768,1.);
#6768 = DIRECTION('',(-1.,0.,0.));
#6769 = ORIENTED_EDGE('',*,*,#6725,.F.);
#6770 = ORIENTED_EDGE('',*,*,#3409,.F.);
#6771 = PLANE('',#6772);
#6772 = AXIS2_PLACEMENT_3D('',#6773,#6774,#6775);
#6773 = CARTESIAN_POINT('',(-72.85,16.55,2.5));
#6774 = DIRECTION('',(0.,1.,0.));
#6775 = DIRECTION('',(-1.,0.,0.));
#6776 = ADVANCED_FACE('',(#6777),#6795,.F.);
#6777 = FACE_BOUND('',#6778,.F.);
#6778 = EDGE_LOOP('',(#6779,#6780,#6788,#6794));
#6779 = ORIENTED_EDGE('',*,*,#6741,.T.);
#6780 = ORIENTED_EDGE('',*,*,#6781,.T.);
#6781 = EDGE_CURVE('',#6734,#6782,#6784,.T.);
#6782 = VERTEX_POINT('',#6783);
#6783 = CARTESIAN_POINT('',(-72.85,12.75,0.7));
#6784 = LINE('',#6785,#6786);
#6785 = CARTESIAN_POINT('',(-79.85,12.75,0.7));
#6786 = VECTOR('',#6787,1.);
#6787 = DIRECTION('',(1.,0.,0.));
#6788 = ORIENTED_EDGE('',*,*,#6789,.F.);
#6789 = EDGE_CURVE('',#3418,#6782,#6790,.T.);
#6790 = LINE('',#6791,#6792);
#6791 = CARTESIAN_POINT('',(-72.85,12.75,2.5));
#6792 = VECTOR('',#6793,1.);
#6793 = DIRECTION('',(-0.,-0.,-1.));
#6794 = ORIENTED_EDGE('',*,*,#3425,.F.);
#6795 = PLANE('',#6796);
#6796 = AXIS2_PLACEMENT_3D('',#6797,#6798,#6799);
#6797 = CARTESIAN_POINT('',(-79.85,12.75,2.5));
#6798 = DIRECTION('',(0.,-1.,0.));
#6799 = DIRECTION('',(1.,0.,0.));
#6800 = ADVANCED_FACE('',(#6801),#6812,.F.);
#6801 = FACE_BOUND('',#6802,.F.);
#6802 = EDGE_LOOP('',(#6803,#6804,#6810,#6811));
#6803 = ORIENTED_EDGE('',*,*,#6789,.T.);
#6804 = ORIENTED_EDGE('',*,*,#6805,.T.);
#6805 = EDGE_CURVE('',#6782,#6757,#6806,.T.);
#6806 = LINE('',#6807,#6808);
#6807 = CARTESIAN_POINT('',(-72.85,12.75,0.7));
#6808 = VECTOR('',#6809,1.);
#6809 = DIRECTION('',(0.,1.,0.));
#6810 = ORIENTED_EDGE('',*,*,#6756,.F.);
#6811 = ORIENTED_EDGE('',*,*,#3417,.F.);
#6812 = PLANE('',#6813);
#6813 = AXIS2_PLACEMENT_3D('',#6814,#6815,#6816);
#6814 = CARTESIAN_POINT('',(-72.85,12.75,2.5));
#6815 = DIRECTION('',(1.,0.,0.));
#6816 = DIRECTION('',(0.,1.,0.));
#6817 = ADVANCED_FACE('',(#6818),#6843,.F.);
#6818 = FACE_BOUND('',#6819,.F.);
#6819 = EDGE_LOOP('',(#6820,#6828,#6836,#6842));
#6820 = ORIENTED_EDGE('',*,*,#6821,.T.);
#6821 = EDGE_CURVE('',#3434,#6822,#6824,.T.);
#6822 = VERTEX_POINT('',#6823);
#6823 = CARTESIAN_POINT('',(-62.75,36.,0.7));
#6824 = LINE('',#6825,#6826);
#6825 = CARTESIAN_POINT('',(-62.75,36.,2.5));
#6826 = VECTOR('',#6827,1.);
#6827 = DIRECTION('',(-0.,-0.,-1.));
#6828 = ORIENTED_EDGE('',*,*,#6829,.T.);
#6829 = EDGE_CURVE('',#6822,#6830,#6832,.T.);
#6830 = VERTEX_POINT('',#6831);
#6831 = CARTESIAN_POINT('',(-62.75,-15.,0.7));
#6832 = LINE('',#6833,#6834);
#6833 = CARTESIAN_POINT('',(-62.75,36.,0.7));
#6834 = VECTOR('',#6835,1.);
#6835 = DIRECTION('',(0.,-1.,0.));
#6836 = ORIENTED_EDGE('',*,*,#6837,.F.);
#6837 = EDGE_CURVE('',#3436,#6830,#6838,.T.);
#6838 = LINE('',#6839,#6840);
#6839 = CARTESIAN_POINT('',(-62.75,-15.,2.5));
#6840 = VECTOR('',#6841,1.);
#6841 = DIRECTION('',(-0.,-0.,-1.));
#6842 = ORIENTED_EDGE('',*,*,#3433,.F.);
#6843 = PLANE('',#6844);
#6844 = AXIS2_PLACEMENT_3D('',#6845,#6846,#6847);
#6845 = CARTESIAN_POINT('',(-62.75,36.,2.5));
#6846 = DIRECTION('',(-1.,0.,0.));
#6847 = DIRECTION('',(0.,-1.,0.));
#6848 = ADVANCED_FACE('',(#6849),#6867,.F.);
#6849 = FACE_BOUND('',#6850,.F.);
#6850 = EDGE_LOOP('',(#6851,#6859,#6865,#6866));
#6851 = ORIENTED_EDGE('',*,*,#6852,.T.);
#6852 = EDGE_CURVE('',#3444,#6853,#6855,.T.);
#6853 = VERTEX_POINT('',#6854);
#6854 = CARTESIAN_POINT('',(-60.15,36.,0.7));
#6855 = LINE('',#6856,#6857);
#6856 = CARTESIAN_POINT('',(-60.15,36.,2.5));
#6857 = VECTOR('',#6858,1.);
#6858 = DIRECTION('',(-0.,-0.,-1.));
#6859 = ORIENTED_EDGE('',*,*,#6860,.T.);
#6860 = EDGE_CURVE('',#6853,#6822,#6861,.T.);
#6861 = LINE('',#6862,#6863);
#6862 = CARTESIAN_POINT('',(-60.15,36.,0.7));
#6863 = VECTOR('',#6864,1.);
#6864 = DIRECTION('',(-1.,0.,0.));
#6865 = ORIENTED_EDGE('',*,*,#6821,.F.);
#6866 = ORIENTED_EDGE('',*,*,#3443,.F.);
#6867 = PLANE('',#6868);
#6868 = AXIS2_PLACEMENT_3D('',#6869,#6870,#6871);
#6869 = CARTESIAN_POINT('',(-60.15,36.,2.5));
#6870 = DIRECTION('',(0.,1.,0.));
#6871 = DIRECTION('',(-1.,0.,0.));
#6872 = ADVANCED_FACE('',(#6873),#6891,.F.);
#6873 = FACE_BOUND('',#6874,.F.);
#6874 = EDGE_LOOP('',(#6875,#6876,#6884,#6890));
#6875 = ORIENTED_EDGE('',*,*,#6837,.T.);
#6876 = ORIENTED_EDGE('',*,*,#6877,.T.);
#6877 = EDGE_CURVE('',#6830,#6878,#6880,.T.);
#6878 = VERTEX_POINT('',#6879);
#6879 = CARTESIAN_POINT('',(-60.15,-15.,0.7));
#6880 = LINE('',#6881,#6882);
#6881 = CARTESIAN_POINT('',(-62.75,-15.,0.7));
#6882 = VECTOR('',#6883,1.);
#6883 = DIRECTION('',(1.,0.,0.));
#6884 = ORIENTED_EDGE('',*,*,#6885,.F.);
#6885 = EDGE_CURVE('',#3452,#6878,#6886,.T.);
#6886 = LINE('',#6887,#6888);
#6887 = CARTESIAN_POINT('',(-60.15,-15.,2.5));
#6888 = VECTOR('',#6889,1.);
#6889 = DIRECTION('',(-0.,-0.,-1.));
#6890 = ORIENTED_EDGE('',*,*,#3459,.F.);
#6891 = PLANE('',#6892);
#6892 = AXIS2_PLACEMENT_3D('',#6893,#6894,#6895);
#6893 = CARTESIAN_POINT('',(-62.75,-15.,2.5));
#6894 = DIRECTION('',(0.,-1.,0.));
#6895 = DIRECTION('',(1.,0.,0.));
#6896 = ADVANCED_FACE('',(#6897),#6908,.F.);
#6897 = FACE_BOUND('',#6898,.F.);
#6898 = EDGE_LOOP('',(#6899,#6900,#6906,#6907));
#6899 = ORIENTED_EDGE('',*,*,#6885,.T.);
#6900 = ORIENTED_EDGE('',*,*,#6901,.T.);
#6901 = EDGE_CURVE('',#6878,#6853,#6902,.T.);
#6902 = LINE('',#6903,#6904);
#6903 = CARTESIAN_POINT('',(-60.15,-15.,0.7));
#6904 = VECTOR('',#6905,1.);
#6905 = DIRECTION('',(0.,1.,0.));
#6906 = ORIENTED_EDGE('',*,*,#6852,.F.);
#6907 = ORIENTED_EDGE('',*,*,#3451,.F.);
#6908 = PLANE('',#6909);
#6909 = AXIS2_PLACEMENT_3D('',#6910,#6911,#6912);
#6910 = CARTESIAN_POINT('',(-60.15,-15.,2.5));
#6911 = DIRECTION('',(1.,0.,0.));
#6912 = DIRECTION('',(0.,1.,0.));
#6913 = ADVANCED_FACE('',(#6914),#6939,.F.);
#6914 = FACE_BOUND('',#6915,.F.);
#6915 = EDGE_LOOP('',(#6916,#6924,#6932,#6938));
#6916 = ORIENTED_EDGE('',*,*,#6917,.T.);
#6917 = EDGE_CURVE('',#3468,#6918,#6920,.T.);
#6918 = VERTEX_POINT('',#6919);
#6919 = CARTESIAN_POINT('',(-44.9,36.,0.7));
#6920 = LINE('',#6921,#6922);
#6921 = CARTESIAN_POINT('',(-44.9,36.,2.5));
#6922 = VECTOR('',#6923,1.);
#6923 = DIRECTION('',(-0.,-0.,-1.));
#6924 = ORIENTED_EDGE('',*,*,#6925,.T.);
#6925 = EDGE_CURVE('',#6918,#6926,#6928,.T.);
#6926 = VERTEX_POINT('',#6927);
#6927 = CARTESIAN_POINT('',(-44.9,-15.,0.7));
#6928 = LINE('',#6929,#6930);
#6929 = CARTESIAN_POINT('',(-44.9,36.,0.7));
#6930 = VECTOR('',#6931,1.);
#6931 = DIRECTION('',(0.,-1.,0.));
#6932 = ORIENTED_EDGE('',*,*,#6933,.F.);
#6933 = EDGE_CURVE('',#3470,#6926,#6934,.T.);
#6934 = LINE('',#6935,#6936);
#6935 = CARTESIAN_POINT('',(-44.9,-15.,2.5));
#6936 = VECTOR('',#6937,1.);
#6937 = DIRECTION('',(-0.,-0.,-1.));
#6938 = ORIENTED_EDGE('',*,*,#3467,.F.);
#6939 = PLANE('',#6940);
#6940 = AXIS2_PLACEMENT_3D('',#6941,#6942,#6943);
#6941 = CARTESIAN_POINT('',(-44.9,36.,2.5));
#6942 = DIRECTION('',(-1.,0.,0.));
#6943 = DIRECTION('',(0.,-1.,0.));
#6944 = ADVANCED_FACE('',(#6945),#6963,.F.);
#6945 = FACE_BOUND('',#6946,.F.);
#6946 = EDGE_LOOP('',(#6947,#6955,#6961,#6962));
#6947 = ORIENTED_EDGE('',*,*,#6948,.T.);
#6948 = EDGE_CURVE('',#3478,#6949,#6951,.T.);
#6949 = VERTEX_POINT('',#6950);
#6950 = CARTESIAN_POINT('',(-42.3,36.,0.7));
#6951 = LINE('',#6952,#6953);
#6952 = CARTESIAN_POINT('',(-42.3,36.,2.5));
#6953 = VECTOR('',#6954,1.);
#6954 = DIRECTION('',(-0.,-0.,-1.));
#6955 = ORIENTED_EDGE('',*,*,#6956,.T.);
#6956 = EDGE_CURVE('',#6949,#6918,#6957,.T.);
#6957 = LINE('',#6958,#6959);
#6958 = CARTESIAN_POINT('',(-42.3,36.,0.7));
#6959 = VECTOR('',#6960,1.);
#6960 = DIRECTION('',(-1.,0.,0.));
#6961 = ORIENTED_EDGE('',*,*,#6917,.F.);
#6962 = ORIENTED_EDGE('',*,*,#3477,.F.);
#6963 = PLANE('',#6964);
#6964 = AXIS2_PLACEMENT_3D('',#6965,#6966,#6967);
#6965 = CARTESIAN_POINT('',(-42.3,36.,2.5));
#6966 = DIRECTION('',(0.,1.,0.));
#6967 = DIRECTION('',(-1.,0.,0.));
#6968 = ADVANCED_FACE('',(#6969),#6987,.F.);
#6969 = FACE_BOUND('',#6970,.F.);
#6970 = EDGE_LOOP('',(#6971,#6972,#6980,#6986));
#6971 = ORIENTED_EDGE('',*,*,#6933,.T.);
#6972 = ORIENTED_EDGE('',*,*,#6973,.T.);
#6973 = EDGE_CURVE('',#6926,#6974,#6976,.T.);
#6974 = VERTEX_POINT('',#6975);
#6975 = CARTESIAN_POINT('',(-42.3,-15.,0.7));
#6976 = LINE('',#6977,#6978);
#6977 = CARTESIAN_POINT('',(-44.9,-15.,0.7));
#6978 = VECTOR('',#6979,1.);
#6979 = DIRECTION('',(1.,0.,0.));
#6980 = ORIENTED_EDGE('',*,*,#6981,.F.);
#6981 = EDGE_CURVE('',#3486,#6974,#6982,.T.);
#6982 = LINE('',#6983,#6984);
#6983 = CARTESIAN_POINT('',(-42.3,-15.,2.5));
#6984 = VECTOR('',#6985,1.);
#6985 = DIRECTION('',(-0.,-0.,-1.));
#6986 = ORIENTED_EDGE('',*,*,#3493,.F.);
#6987 = PLANE('',#6988);
#6988 = AXIS2_PLACEMENT_3D('',#6989,#6990,#6991);
#6989 = CARTESIAN_POINT('',(-44.9,-15.,2.5));
#6990 = DIRECTION('',(0.,-1.,0.));
#6991 = DIRECTION('',(1.,0.,0.));
#6992 = ADVANCED_FACE('',(#6993),#7004,.F.);
#6993 = FACE_BOUND('',#6994,.F.);
#6994 = EDGE_LOOP('',(#6995,#6996,#7002,#7003));
#6995 = ORIENTED_EDGE('',*,*,#6981,.T.);
#6996 = ORIENTED_EDGE('',*,*,#6997,.T.);
#6997 = EDGE_CURVE('',#6974,#6949,#6998,.T.);
#6998 = LINE('',#6999,#7000);
#6999 = CARTESIAN_POINT('',(-42.3,-15.,0.7));
#7000 = VECTOR('',#7001,1.);
#7001 = DIRECTION('',(0.,1.,0.));
#7002 = ORIENTED_EDGE('',*,*,#6948,.F.);
#7003 = ORIENTED_EDGE('',*,*,#3485,.F.);
#7004 = PLANE('',#7005);
#7005 = AXIS2_PLACEMENT_3D('',#7006,#7007,#7008);
#7006 = CARTESIAN_POINT('',(-42.3,-15.,2.5));
#7007 = DIRECTION('',(1.,0.,0.));
#7008 = DIRECTION('',(0.,1.,0.));
#7009 = ADVANCED_FACE('',(#7010),#7029,.F.);
#7010 = FACE_BOUND('',#7011,.F.);
#7011 = EDGE_LOOP('',(#7012,#7020,#7027,#7028));
#7012 = ORIENTED_EDGE('',*,*,#7013,.T.);
#7013 = EDGE_CURVE('',#3502,#7014,#7016,.T.);
#7014 = VERTEX_POINT('',#7015);
#7015 = CARTESIAN_POINT('',(-97.95,23.8,0.7));
#7016 = LINE('',#7017,#7018);
#7017 = CARTESIAN_POINT('',(-97.95,23.8,2.5));
#7018 = VECTOR('',#7019,1.);
#7019 = DIRECTION('',(-0.,-0.,-1.));
#7020 = ORIENTED_EDGE('',*,*,#7021,.T.);
#7021 = EDGE_CURVE('',#7014,#7014,#7022,.T.);
#7022 = CIRCLE('',#7023,1.);
#7023 = AXIS2_PLACEMENT_3D('',#7024,#7025,#7026);
#7024 = CARTESIAN_POINT('',(-98.95,23.8,0.7));
#7025 = DIRECTION('',(0.,0.,1.));
#7026 = DIRECTION('',(1.,0.,0.));
#7027 = ORIENTED_EDGE('',*,*,#7013,.F.);
#7028 = ORIENTED_EDGE('',*,*,#3501,.F.);
#7029 = CYLINDRICAL_SURFACE('',#7030,1.);
#7030 = AXIS2_PLACEMENT_3D('',#7031,#7032,#7033);
#7031 = CARTESIAN_POINT('',(-98.95,23.8,2.5));
#7032 = DIRECTION('',(0.,0.,1.));
#7033 = DIRECTION('',(1.,0.,0.));
#7034 = ADVANCED_FACE('',(#7035),#7054,.F.);
#7035 = FACE_BOUND('',#7036,.F.);
#7036 = EDGE_LOOP('',(#7037,#7045,#7052,#7053));
#7037 = ORIENTED_EDGE('',*,*,#7038,.T.);
#7038 = EDGE_CURVE('',#3513,#7039,#7041,.T.);
#7039 = VERTEX_POINT('',#7040);
#7040 = CARTESIAN_POINT('',(-90.95,22.75,0.7));
#7041 = LINE('',#7042,#7043);
#7042 = CARTESIAN_POINT('',(-90.95,22.75,2.5));
#7043 = VECTOR('',#7044,1.);
#7044 = DIRECTION('',(-0.,-0.,-1.));
#7045 = ORIENTED_EDGE('',*,*,#7046,.T.);
#7046 = EDGE_CURVE('',#7039,#7039,#7047,.T.);
#7047 = CIRCLE('',#7048,1.);
#7048 = AXIS2_PLACEMENT_3D('',#7049,#7050,#7051);
#7049 = CARTESIAN_POINT('',(-91.95,22.75,0.7));
#7050 = DIRECTION('',(0.,0.,1.));
#7051 = DIRECTION('',(1.,0.,0.));
#7052 = ORIENTED_EDGE('',*,*,#7038,.F.);
#7053 = ORIENTED_EDGE('',*,*,#3512,.F.);
#7054 = CYLINDRICAL_SURFACE('',#7055,1.);
#7055 = AXIS2_PLACEMENT_3D('',#7056,#7057,#7058);
#7056 = CARTESIAN_POINT('',(-91.95,22.75,2.5));
#7057 = DIRECTION('',(0.,0.,1.));
#7058 = DIRECTION('',(1.,0.,0.));
#7059 = ADVANCED_FACE('',(#7060),#7079,.F.);
#7060 = FACE_BOUND('',#7061,.F.);
#7061 = EDGE_LOOP('',(#7062,#7070,#7077,#7078));
#7062 = ORIENTED_EDGE('',*,*,#7063,.T.);
#7063 = EDGE_CURVE('',#3524,#7064,#7066,.T.);
#7064 = VERTEX_POINT('',#7065);
#7065 = CARTESIAN_POINT('',(-78.95,23.8,0.7));
#7066 = LINE('',#7067,#7068);
#7067 = CARTESIAN_POINT('',(-78.95,23.8,2.5));
#7068 = VECTOR('',#7069,1.);
#7069 = DIRECTION('',(-0.,-0.,-1.));
#7070 = ORIENTED_EDGE('',*,*,#7071,.T.);
#7071 = EDGE_CURVE('',#7064,#7064,#7072,.T.);
#7072 = CIRCLE('',#7073,1.);
#7073 = AXIS2_PLACEMENT_3D('',#7074,#7075,#7076);
#7074 = CARTESIAN_POINT('',(-79.95,23.8,0.7));
#7075 = DIRECTION('',(0.,0.,1.));
#7076 = DIRECTION('',(1.,0.,0.));
#7077 = ORIENTED_EDGE('',*,*,#7063,.F.);
#7078 = ORIENTED_EDGE('',*,*,#3523,.F.);
#7079 = CYLINDRICAL_SURFACE('',#7080,1.);
#7080 = AXIS2_PLACEMENT_3D('',#7081,#7082,#7083);
#7081 = CARTESIAN_POINT('',(-79.95,23.8,2.5));
#7082 = DIRECTION('',(0.,0.,1.));
#7083 = DIRECTION('',(1.,0.,0.));
#7084 = ADVANCED_FACE('',(#7085),#7104,.F.);
#7085 = FACE_BOUND('',#7086,.F.);
#7086 = EDGE_LOOP('',(#7087,#7095,#7102,#7103));
#7087 = ORIENTED_EDGE('',*,*,#7088,.T.);
#7088 = EDGE_CURVE('',#3535,#7089,#7091,.T.);
#7089 = VERTEX_POINT('',#7090);
#7090 = CARTESIAN_POINT('',(-71.95,22.75,0.7));
#7091 = LINE('',#7092,#7093);
#7092 = CARTESIAN_POINT('',(-71.95,22.75,2.5));
#7093 = VECTOR('',#7094,1.);
#7094 = DIRECTION('',(-0.,-0.,-1.));
#7095 = ORIENTED_EDGE('',*,*,#7096,.T.);
#7096 = EDGE_CURVE('',#7089,#7089,#7097,.T.);
#7097 = CIRCLE('',#7098,1.);
#7098 = AXIS2_PLACEMENT_3D('',#7099,#7100,#7101);
#7099 = CARTESIAN_POINT('',(-72.95,22.75,0.7));
#7100 = DIRECTION('',(0.,0.,1.));
#7101 = DIRECTION('',(1.,0.,0.));
#7102 = ORIENTED_EDGE('',*,*,#7088,.F.);
#7103 = ORIENTED_EDGE('',*,*,#3534,.F.);
#7104 = CYLINDRICAL_SURFACE('',#7105,1.);
#7105 = AXIS2_PLACEMENT_3D('',#7106,#7107,#7108);
#7106 = CARTESIAN_POINT('',(-72.95,22.75,2.5));
#7107 = DIRECTION('',(0.,0.,1.));
#7108 = DIRECTION('',(1.,0.,0.));
#7109 = ADVANCED_FACE('',(#7110),#7129,.F.);
#7110 = FACE_BOUND('',#7111,.F.);
#7111 = EDGE_LOOP('',(#7112,#7120,#7127,#7128));
#7112 = ORIENTED_EDGE('',*,*,#7113,.T.);
#7113 = EDGE_CURVE('',#3546,#7114,#7116,.T.);
#7114 = VERTEX_POINT('',#7115);
#7115 = CARTESIAN_POINT('',(-91.85,28.5,0.7));
#7116 = LINE('',#7117,#7118);
#7117 = CARTESIAN_POINT('',(-91.85,28.5,2.5));
#7118 = VECTOR('',#7119,1.);
#7119 = DIRECTION('',(-0.,-0.,-1.));
#7120 = ORIENTED_EDGE('',*,*,#7121,.T.);
#7121 = EDGE_CURVE('',#7114,#7114,#7122,.T.);
#7122 = CIRCLE('',#7123,2.7);
#7123 = AXIS2_PLACEMENT_3D('',#7124,#7125,#7126);
#7124 = CARTESIAN_POINT('',(-94.55,28.5,0.7));
#7125 = DIRECTION('',(0.,0.,1.));
#7126 = DIRECTION('',(1.,0.,0.));
#7127 = ORIENTED_EDGE('',*,*,#7113,.F.);
#7128 = ORIENTED_EDGE('',*,*,#3545,.F.);
#7129 = CYLINDRICAL_SURFACE('',#7130,2.7);
#7130 = AXIS2_PLACEMENT_3D('',#7131,#7132,#7133);
#7131 = CARTESIAN_POINT('',(-94.55,28.5,2.5));
#7132 = DIRECTION('',(0.,0.,1.));
#7133 = DIRECTION('',(1.,0.,0.));
#7134 = ADVANCED_FACE('',(#7135),#7160,.F.);
#7135 = FACE_BOUND('',#7136,.F.);
#7136 = EDGE_LOOP('',(#7137,#7145,#7153,#7159));
#7137 = ORIENTED_EDGE('',*,*,#7138,.T.);
#7138 = EDGE_CURVE('',#3557,#7139,#7141,.T.);
#7139 = VERTEX_POINT('',#7140);
#7140 = CARTESIAN_POINT('',(-98.85,35.55,0.7));
#7141 = LINE('',#7142,#7143);
#7142 = CARTESIAN_POINT('',(-98.85,35.55,2.5));
#7143 = VECTOR('',#7144,1.);
#7144 = DIRECTION('',(-0.,-0.,-1.));
#7145 = ORIENTED_EDGE('',*,*,#7146,.T.);
#7146 = EDGE_CURVE('',#7139,#7147,#7149,.T.);
#7147 = VERTEX_POINT('',#7148);
#7148 = CARTESIAN_POINT('',(-98.85,31.75,0.7));
#7149 = LINE('',#7150,#7151);
#7150 = CARTESIAN_POINT('',(-98.85,35.55,0.7));
#7151 = VECTOR('',#7152,1.);
#7152 = DIRECTION('',(0.,-1.,0.));
#7153 = ORIENTED_EDGE('',*,*,#7154,.F.);
#7154 = EDGE_CURVE('',#3559,#7147,#7155,.T.);
#7155 = LINE('',#7156,#7157);
#7156 = CARTESIAN_POINT('',(-98.85,31.75,2.5));
#7157 = VECTOR('',#7158,1.);
#7158 = DIRECTION('',(-0.,-0.,-1.));
#7159 = ORIENTED_EDGE('',*,*,#3556,.F.);
#7160 = PLANE('',#7161);
#7161 = AXIS2_PLACEMENT_3D('',#7162,#7163,#7164);
#7162 = CARTESIAN_POINT('',(-98.85,35.55,2.5));
#7163 = DIRECTION('',(-1.,0.,0.));
#7164 = DIRECTION('',(0.,-1.,0.));
#7165 = ADVANCED_FACE('',(#7166),#7184,.F.);
#7166 = FACE_BOUND('',#7167,.F.);
#7167 = EDGE_LOOP('',(#7168,#7176,#7182,#7183));
#7168 = ORIENTED_EDGE('',*,*,#7169,.T.);
#7169 = EDGE_CURVE('',#3567,#7170,#7172,.T.);
#7170 = VERTEX_POINT('',#7171);
#7171 = CARTESIAN_POINT('',(-91.85,35.55,0.7));
#7172 = LINE('',#7173,#7174);
#7173 = CARTESIAN_POINT('',(-91.85,35.55,2.5));
#7174 = VECTOR('',#7175,1.);
#7175 = DIRECTION('',(-0.,-0.,-1.));
#7176 = ORIENTED_EDGE('',*,*,#7177,.T.);
#7177 = EDGE_CURVE('',#7170,#7139,#7178,.T.);
#7178 = LINE('',#7179,#7180);
#7179 = CARTESIAN_POINT('',(-91.85,35.55,0.7));
#7180 = VECTOR('',#7181,1.);
#7181 = DIRECTION('',(-1.,0.,0.));
#7182 = ORIENTED_EDGE('',*,*,#7138,.F.);
#7183 = ORIENTED_EDGE('',*,*,#3566,.F.);
#7184 = PLANE('',#7185);
#7185 = AXIS2_PLACEMENT_3D('',#7186,#7187,#7188);
#7186 = CARTESIAN_POINT('',(-91.85,35.55,2.5));
#7187 = DIRECTION('',(0.,1.,0.));
#7188 = DIRECTION('',(-1.,0.,0.));
#7189 = ADVANCED_FACE('',(#7190),#7208,.F.);
#7190 = FACE_BOUND('',#7191,.F.);
#7191 = EDGE_LOOP('',(#7192,#7193,#7201,#7207));
#7192 = ORIENTED_EDGE('',*,*,#7154,.T.);
#7193 = ORIENTED_EDGE('',*,*,#7194,.T.);
#7194 = EDGE_CURVE('',#7147,#7195,#7197,.T.);
#7195 = VERTEX_POINT('',#7196);
#7196 = CARTESIAN_POINT('',(-91.85,31.75,0.7));
#7197 = LINE('',#7198,#7199);
#7198 = CARTESIAN_POINT('',(-98.85,31.75,0.7));
#7199 = VECTOR('',#7200,1.);
#7200 = DIRECTION('',(1.,0.,0.));
#7201 = ORIENTED_EDGE('',*,*,#7202,.F.);
#7202 = EDGE_CURVE('',#3575,#7195,#7203,.T.);
#7203 = LINE('',#7204,#7205);
#7204 = CARTESIAN_POINT('',(-91.85,31.75,2.5));
#7205 = VECTOR('',#7206,1.);
#7206 = DIRECTION('',(-0.,-0.,-1.));
#7207 = ORIENTED_EDGE('',*,*,#3582,.F.);
#7208 = PLANE('',#7209);
#7209 = AXIS2_PLACEMENT_3D('',#7210,#7211,#7212);
#7210 = CARTESIAN_POINT('',(-98.85,31.75,2.5));
#7211 = DIRECTION('',(0.,-1.,0.));
#7212 = DIRECTION('',(1.,0.,0.));
#7213 = ADVANCED_FACE('',(#7214),#7225,.F.);
#7214 = FACE_BOUND('',#7215,.F.);
#7215 = EDGE_LOOP('',(#7216,#7217,#7223,#7224));
#7216 = ORIENTED_EDGE('',*,*,#7202,.T.);
#7217 = ORIENTED_EDGE('',*,*,#7218,.T.);
#7218 = EDGE_CURVE('',#7195,#7170,#7219,.T.);
#7219 = LINE('',#7220,#7221);
#7220 = CARTESIAN_POINT('',(-91.85,31.75,0.7));
#7221 = VECTOR('',#7222,1.);
#7222 = DIRECTION('',(0.,1.,0.));
#7223 = ORIENTED_EDGE('',*,*,#7169,.F.);
#7224 = ORIENTED_EDGE('',*,*,#3574,.F.);
#7225 = PLANE('',#7226);
#7226 = AXIS2_PLACEMENT_3D('',#7227,#7228,#7229);
#7227 = CARTESIAN_POINT('',(-91.85,31.75,2.5));
#7228 = DIRECTION('',(1.,0.,0.));
#7229 = DIRECTION('',(0.,1.,0.));
#7230 = ADVANCED_FACE('',(#7231),#7250,.F.);
#7231 = FACE_BOUND('',#7232,.F.);
#7232 = EDGE_LOOP('',(#7233,#7241,#7248,#7249));
#7233 = ORIENTED_EDGE('',*,*,#7234,.T.);
#7234 = EDGE_CURVE('',#3591,#7235,#7237,.T.);
#7235 = VERTEX_POINT('',#7236);
#7236 = CARTESIAN_POINT('',(-72.85,28.5,0.7));
#7237 = LINE('',#7238,#7239);
#7238 = CARTESIAN_POINT('',(-72.85,28.5,2.5));
#7239 = VECTOR('',#7240,1.);
#7240 = DIRECTION('',(-0.,-0.,-1.));
#7241 = ORIENTED_EDGE('',*,*,#7242,.T.);
#7242 = EDGE_CURVE('',#7235,#7235,#7243,.T.);
#7243 = CIRCLE('',#7244,2.7);
#7244 = AXIS2_PLACEMENT_3D('',#7245,#7246,#7247);
#7245 = CARTESIAN_POINT('',(-75.55,28.5,0.7));
#7246 = DIRECTION('',(0.,0.,1.));
#7247 = DIRECTION('',(1.,0.,0.));
#7248 = ORIENTED_EDGE('',*,*,#7234,.F.);
#7249 = ORIENTED_EDGE('',*,*,#3590,.F.);
#7250 = CYLINDRICAL_SURFACE('',#7251,2.7);
#7251 = AXIS2_PLACEMENT_3D('',#7252,#7253,#7254);
#7252 = CARTESIAN_POINT('',(-75.55,28.5,2.5));
#7253 = DIRECTION('',(0.,0.,1.));
#7254 = DIRECTION('',(1.,0.,0.));
#7255 = ADVANCED_FACE('',(#7256),#7281,.F.);
#7256 = FACE_BOUND('',#7257,.F.);
#7257 = EDGE_LOOP('',(#7258,#7266,#7274,#7280));
#7258 = ORIENTED_EDGE('',*,*,#7259,.T.);
#7259 = EDGE_CURVE('',#3602,#7260,#7262,.T.);
#7260 = VERTEX_POINT('',#7261);
#7261 = CARTESIAN_POINT('',(-79.85,35.55,0.7));
#7262 = LINE('',#7263,#7264);
#7263 = CARTESIAN_POINT('',(-79.85,35.55,2.5));
#7264 = VECTOR('',#7265,1.);
#7265 = DIRECTION('',(-0.,-0.,-1.));
#7266 = ORIENTED_EDGE('',*,*,#7267,.T.);
#7267 = EDGE_CURVE('',#7260,#7268,#7270,.T.);
#7268 = VERTEX_POINT('',#7269);
#7269 = CARTESIAN_POINT('',(-79.85,31.75,0.7));
#7270 = LINE('',#7271,#7272);
#7271 = CARTESIAN_POINT('',(-79.85,35.55,0.7));
#7272 = VECTOR('',#7273,1.);
#7273 = DIRECTION('',(0.,-1.,0.));
#7274 = ORIENTED_EDGE('',*,*,#7275,.F.);
#7275 = EDGE_CURVE('',#3604,#7268,#7276,.T.);
#7276 = LINE('',#7277,#7278);
#7277 = CARTESIAN_POINT('',(-79.85,31.75,2.5));
#7278 = VECTOR('',#7279,1.);
#7279 = DIRECTION('',(-0.,-0.,-1.));
#7280 = ORIENTED_EDGE('',*,*,#3601,.F.);
#7281 = PLANE('',#7282);
#7282 = AXIS2_PLACEMENT_3D('',#7283,#7284,#7285);
#7283 = CARTESIAN_POINT('',(-79.85,35.55,2.5));
#7284 = DIRECTION('',(-1.,0.,0.));
#7285 = DIRECTION('',(0.,-1.,0.));
#7286 = ADVANCED_FACE('',(#7287),#7305,.F.);
#7287 = FACE_BOUND('',#7288,.F.);
#7288 = EDGE_LOOP('',(#7289,#7297,#7303,#7304));
#7289 = ORIENTED_EDGE('',*,*,#7290,.T.);
#7290 = EDGE_CURVE('',#3612,#7291,#7293,.T.);
#7291 = VERTEX_POINT('',#7292);
#7292 = CARTESIAN_POINT('',(-72.85,35.55,0.7));
#7293 = LINE('',#7294,#7295);
#7294 = CARTESIAN_POINT('',(-72.85,35.55,2.5));
#7295 = VECTOR('',#7296,1.);
#7296 = DIRECTION('',(-0.,-0.,-1.));
#7297 = ORIENTED_EDGE('',*,*,#7298,.T.);
#7298 = EDGE_CURVE('',#7291,#7260,#7299,.T.);
#7299 = LINE('',#7300,#7301);
#7300 = CARTESIAN_POINT('',(-72.85,35.55,0.7));
#7301 = VECTOR('',#7302,1.);
#7302 = DIRECTION('',(-1.,0.,0.));
#7303 = ORIENTED_EDGE('',*,*,#7259,.F.);
#7304 = ORIENTED_EDGE('',*,*,#3611,.F.);
#7305 = PLANE('',#7306);
#7306 = AXIS2_PLACEMENT_3D('',#7307,#7308,#7309);
#7307 = CARTESIAN_POINT('',(-72.85,35.55,2.5));
#7308 = DIRECTION('',(0.,1.,0.));
#7309 = DIRECTION('',(-1.,0.,0.));
#7310 = ADVANCED_FACE('',(#7311),#7329,.F.);
#7311 = FACE_BOUND('',#7312,.F.);
#7312 = EDGE_LOOP('',(#7313,#7314,#7322,#7328));
#7313 = ORIENTED_EDGE('',*,*,#7275,.T.);
#7314 = ORIENTED_EDGE('',*,*,#7315,.T.);
#7315 = EDGE_CURVE('',#7268,#7316,#7318,.T.);
#7316 = VERTEX_POINT('',#7317);
#7317 = CARTESIAN_POINT('',(-72.85,31.75,0.7));
#7318 = LINE('',#7319,#7320);
#7319 = CARTESIAN_POINT('',(-79.85,31.75,0.7));
#7320 = VECTOR('',#7321,1.);
#7321 = DIRECTION('',(1.,0.,0.));
#7322 = ORIENTED_EDGE('',*,*,#7323,.F.);
#7323 = EDGE_CURVE('',#3620,#7316,#7324,.T.);
#7324 = LINE('',#7325,#7326);
#7325 = CARTESIAN_POINT('',(-72.85,31.75,2.5));
#7326 = VECTOR('',#7327,1.);
#7327 = DIRECTION('',(-0.,-0.,-1.));
#7328 = ORIENTED_EDGE('',*,*,#3627,.F.);
#7329 = PLANE('',#7330);
#7330 = AXIS2_PLACEMENT_3D('',#7331,#7332,#7333);
#7331 = CARTESIAN_POINT('',(-79.85,31.75,2.5));
#7332 = DIRECTION('',(0.,-1.,0.));
#7333 = DIRECTION('',(1.,0.,0.));
#7334 = ADVANCED_FACE('',(#7335),#7346,.F.);
#7335 = FACE_BOUND('',#7336,.F.);
#7336 = EDGE_LOOP('',(#7337,#7338,#7344,#7345));
#7337 = ORIENTED_EDGE('',*,*,#7323,.T.);
#7338 = ORIENTED_EDGE('',*,*,#7339,.T.);
#7339 = EDGE_CURVE('',#7316,#7291,#7340,.T.);
#7340 = LINE('',#7341,#7342);
#7341 = CARTESIAN_POINT('',(-72.85,31.75,0.7));
#7342 = VECTOR('',#7343,1.);
#7343 = DIRECTION('',(0.,1.,0.));
#7344 = ORIENTED_EDGE('',*,*,#7290,.F.);
#7345 = ORIENTED_EDGE('',*,*,#3619,.F.);
#7346 = PLANE('',#7347);
#7347 = AXIS2_PLACEMENT_3D('',#7348,#7349,#7350);
#7348 = CARTESIAN_POINT('',(-72.85,31.75,2.5));
#7349 = DIRECTION('',(1.,0.,0.));
#7350 = DIRECTION('',(0.,1.,0.));
#7351 = ADVANCED_FACE('',(#7352),#7358,.T.);
#7352 = FACE_BOUND('',#7353,.T.);
#7353 = EDGE_LOOP('',(#7354,#7355,#7356,#7357));
#7354 = ORIENTED_EDGE('',*,*,#3688,.T.);
#7355 = ORIENTED_EDGE('',*,*,#3736,.T.);
#7356 = ORIENTED_EDGE('',*,*,#3760,.T.);
#7357 = ORIENTED_EDGE('',*,*,#3719,.T.);
#7358 = PLANE('',#7359);
#7359 = AXIS2_PLACEMENT_3D('',#7360,#7361,#7362);
#7360 = CARTESIAN_POINT('',(-129.650297619,-26.03630952381,0.7));
#7361 = DIRECTION('',(0.,0.,1.));
#7362 = DIRECTION('',(1.,0.,0.));
#7363 = ADVANCED_FACE('',(#7364),#7370,.T.);
#7364 = FACE_BOUND('',#7365,.T.);
#7365 = EDGE_LOOP('',(#7366,#7367,#7368,#7369));
#7366 = ORIENTED_EDGE('',*,*,#3784,.T.);
#7367 = ORIENTED_EDGE('',*,*,#3832,.T.);
#7368 = ORIENTED_EDGE('',*,*,#3856,.T.);
#7369 = ORIENTED_EDGE('',*,*,#3815,.T.);
#7370 = PLANE('',#7371);
#7371 = AXIS2_PLACEMENT_3D('',#7372,#7373,#7374);
#7372 = CARTESIAN_POINT('',(-129.650297619,-26.03630952381,0.7));
#7373 = DIRECTION('',(0.,0.,1.));
#7374 = DIRECTION('',(1.,0.,0.));
#7375 = ADVANCED_FACE('',(#7376),#7382,.T.);
#7376 = FACE_BOUND('',#7377,.T.);
#7377 = EDGE_LOOP('',(#7378,#7379,#7380,#7381));
#7378 = ORIENTED_EDGE('',*,*,#3880,.T.);
#7379 = ORIENTED_EDGE('',*,*,#3928,.T.);
#7380 = ORIENTED_EDGE('',*,*,#3952,.T.);
#7381 = ORIENTED_EDGE('',*,*,#3911,.T.);
#7382 = PLANE('',#7383);
#7383 = AXIS2_PLACEMENT_3D('',#7384,#7385,#7386);
#7384 = CARTESIAN_POINT('',(-129.650297619,-26.03630952381,0.7));
#7385 = DIRECTION('',(0.,0.,1.));
#7386 = DIRECTION('',(1.,0.,0.));
#7387 = ADVANCED_FACE('',(#7388),#7394,.T.);
#7388 = FACE_BOUND('',#7389,.T.);
#7389 = EDGE_LOOP('',(#7390,#7391,#7392,#7393));
#7390 = ORIENTED_EDGE('',*,*,#3976,.T.);
#7391 = ORIENTED_EDGE('',*,*,#4024,.T.);
#7392 = ORIENTED_EDGE('',*,*,#4048,.T.);
#7393 = ORIENTED_EDGE('',*,*,#4007,.T.);
#7394 = PLANE('',#7395);
#7395 = AXIS2_PLACEMENT_3D('',#7396,#7397,#7398);
#7396 = CARTESIAN_POINT('',(-129.650297619,-26.03630952381,0.7));
#7397 = DIRECTION('',(0.,0.,1.));
#7398 = DIRECTION('',(1.,0.,0.));
#7399 = ADVANCED_FACE('',(#7400),#7403,.T.);
#7400 = FACE_BOUND('',#7401,.T.);
#7401 = EDGE_LOOP('',(#7402));
#7402 = ORIENTED_EDGE('',*,*,#4072,.T.);
#7403 = PLANE('',#7404);
#7404 = AXIS2_PLACEMENT_3D('',#7405,#7406,#7407);
#7405 = CARTESIAN_POINT('',(-110.7757629812,6.266652880531,0.7));
#7406 = DIRECTION('',(0.,0.,1.));
#7407 = DIRECTION('',(1.,0.,0.));
#7408 = ADVANCED_FACE('',(#7409),#7412,.T.);
#7409 = FACE_BOUND('',#7410,.T.);
#7410 = EDGE_LOOP('',(#7411));
#7411 = ORIENTED_EDGE('',*,*,#4097,.T.);
#7412 = PLANE('',#7413);
#7413 = AXIS2_PLACEMENT_3D('',#7414,#7415,#7416);
#7414 = CARTESIAN_POINT('',(-110.7757629812,6.266652880531,0.7));
#7415 = DIRECTION('',(0.,0.,1.));
#7416 = DIRECTION('',(1.,0.,0.));
#7417 = ADVANCED_FACE('',(#7418),#7421,.T.);
#7418 = FACE_BOUND('',#7419,.T.);
#7419 = EDGE_LOOP('',(#7420));
#7420 = ORIENTED_EDGE('',*,*,#4122,.T.);
#7421 = PLANE('',#7422);
#7422 = AXIS2_PLACEMENT_3D('',#7423,#7424,#7425);
#7423 = CARTESIAN_POINT('',(-110.7757629812,6.266652880531,0.7));
#7424 = DIRECTION('',(0.,0.,1.));
#7425 = DIRECTION('',(1.,0.,0.));
#7426 = ADVANCED_FACE('',(#7427),#7430,.T.);
#7427 = FACE_BOUND('',#7428,.T.);
#7428 = EDGE_LOOP('',(#7429));
#7429 = ORIENTED_EDGE('',*,*,#4147,.T.);
#7430 = PLANE('',#7431);
#7431 = AXIS2_PLACEMENT_3D('',#7432,#7433,#7434);
#7432 = CARTESIAN_POINT('',(-110.7757629812,6.266652880531,0.7));
#7433 = DIRECTION('',(0.,0.,1.));
#7434 = DIRECTION('',(1.,0.,0.));
#7435 = ADVANCED_FACE('',(#7436),#7439,.T.);
#7436 = FACE_BOUND('',#7437,.T.);
#7437 = EDGE_LOOP('',(#7438));
#7438 = ORIENTED_EDGE('',*,*,#4172,.T.);
#7439 = PLANE('',#7440);
#7440 = AXIS2_PLACEMENT_3D('',#7441,#7442,#7443);
#7441 = CARTESIAN_POINT('',(-110.7757629812,6.266652880531,0.7));
#7442 = DIRECTION('',(0.,0.,1.));
#7443 = DIRECTION('',(1.,0.,0.));
#7444 = ADVANCED_FACE('',(#7445),#7451,.T.);
#7445 = FACE_BOUND('',#7446,.T.);
#7446 = EDGE_LOOP('',(#7447,#7448,#7449,#7450));
#7447 = ORIENTED_EDGE('',*,*,#4197,.T.);
#7448 = ORIENTED_EDGE('',*,*,#4245,.T.);
#7449 = ORIENTED_EDGE('',*,*,#4269,.T.);
#7450 = ORIENTED_EDGE('',*,*,#4228,.T.);
#7451 = PLANE('',#7452);
#7452 = AXIS2_PLACEMENT_3D('',#7453,#7454,#7455);
#7453 = CARTESIAN_POINT('',(-110.7757629812,6.266652880531,0.7));
#7454 = DIRECTION('',(0.,0.,1.));
#7455 = DIRECTION('',(1.,0.,0.));
#7456 = ADVANCED_FACE('',(#7457),#7460,.T.);
#7457 = FACE_BOUND('',#7458,.T.);
#7458 = EDGE_LOOP('',(#7459));
#7459 = ORIENTED_EDGE('',*,*,#4293,.T.);
#7460 = PLANE('',#7461);
#7461 = AXIS2_PLACEMENT_3D('',#7462,#7463,#7464);
#7462 = CARTESIAN_POINT('',(-110.7757629812,6.266652880531,0.7));
#7463 = DIRECTION('',(0.,0.,1.));
#7464 = DIRECTION('',(1.,0.,0.));
#7465 = ADVANCED_FACE('',(#7466),#7472,.T.);
#7466 = FACE_BOUND('',#7467,.T.);
#7467 = EDGE_LOOP('',(#7468,#7469,#7470,#7471));
#7468 = ORIENTED_EDGE('',*,*,#4318,.T.);
#7469 = ORIENTED_EDGE('',*,*,#4366,.T.);
#7470 = ORIENTED_EDGE('',*,*,#4390,.T.);
#7471 = ORIENTED_EDGE('',*,*,#4349,.T.);
#7472 = PLANE('',#7473);
#7473 = AXIS2_PLACEMENT_3D('',#7474,#7475,#7476);
#7474 = CARTESIAN_POINT('',(-110.7757629812,6.266652880531,0.7));
#7475 = DIRECTION('',(0.,0.,1.));
#7476 = DIRECTION('',(1.,0.,0.));
#7477 = ADVANCED_FACE('',(#7478),#7481,.T.);
#7478 = FACE_BOUND('',#7479,.T.);
#7479 = EDGE_LOOP('',(#7480));
#7480 = ORIENTED_EDGE('',*,*,#4414,.T.);
#7481 = PLANE('',#7482);
#7482 = AXIS2_PLACEMENT_3D('',#7483,#7484,#7485);
#7483 = CARTESIAN_POINT('',(-110.7757629812,6.266652880531,0.7));
#7484 = DIRECTION('',(0.,0.,1.));
#7485 = DIRECTION('',(1.,0.,0.));
#7486 = ADVANCED_FACE('',(#7487),#7490,.T.);
#7487 = FACE_BOUND('',#7488,.T.);
#7488 = EDGE_LOOP('',(#7489));
#7489 = ORIENTED_EDGE('',*,*,#4439,.T.);
#7490 = PLANE('',#7491);
#7491 = AXIS2_PLACEMENT_3D('',#7492,#7493,#7494);
#7492 = CARTESIAN_POINT('',(-110.7757629812,6.266652880531,0.7));
#7493 = DIRECTION('',(0.,0.,1.));
#7494 = DIRECTION('',(1.,0.,0.));
#7495 = ADVANCED_FACE('',(#7496),#7502,.T.);
#7496 = FACE_BOUND('',#7497,.T.);
#7497 = EDGE_LOOP('',(#7498,#7499,#7500,#7501));
#7498 = ORIENTED_EDGE('',*,*,#4464,.T.);
#7499 = ORIENTED_EDGE('',*,*,#4512,.T.);
#7500 = ORIENTED_EDGE('',*,*,#4536,.T.);
#7501 = ORIENTED_EDGE('',*,*,#4495,.T.);
#7502 = PLANE('',#7503);
#7503 = AXIS2_PLACEMENT_3D('',#7504,#7505,#7506);
#7504 = CARTESIAN_POINT('',(-110.7757629812,6.266652880531,0.7));
#7505 = DIRECTION('',(0.,0.,1.));
#7506 = DIRECTION('',(1.,0.,0.));
#7507 = ADVANCED_FACE('',(#7508),#7511,.T.);
#7508 = FACE_BOUND('',#7509,.T.);
#7509 = EDGE_LOOP('',(#7510));
#7510 = ORIENTED_EDGE('',*,*,#4560,.T.);
#7511 = PLANE('',#7512);
#7512 = AXIS2_PLACEMENT_3D('',#7513,#7514,#7515);
#7513 = CARTESIAN_POINT('',(-110.7757629812,6.266652880531,0.7));
#7514 = DIRECTION('',(0.,0.,1.));
#7515 = DIRECTION('',(1.,0.,0.));
#7516 = ADVANCED_FACE('',(#7517),#7520,.T.);
#7517 = FACE_BOUND('',#7518,.T.);
#7518 = EDGE_LOOP('',(#7519));
#7519 = ORIENTED_EDGE('',*,*,#4585,.T.);
#7520 = PLANE('',#7521);
#7521 = AXIS2_PLACEMENT_3D('',#7522,#7523,#7524);
#7522 = CARTESIAN_POINT('',(-110.7757629812,6.266652880531,0.7));
#7523 = DIRECTION('',(0.,0.,1.));
#7524 = DIRECTION('',(1.,0.,0.));
#7525 = ADVANCED_FACE('',(#7526),#7529,.T.);
#7526 = FACE_BOUND('',#7527,.T.);
#7527 = EDGE_LOOP('',(#7528));
#7528 = ORIENTED_EDGE('',*,*,#4610,.T.);
#7529 = PLANE('',#7530);
#7530 = AXIS2_PLACEMENT_3D('',#7531,#7532,#7533);
#7531 = CARTESIAN_POINT('',(-110.7757629812,6.266652880531,0.7));
#7532 = DIRECTION('',(0.,0.,1.));
#7533 = DIRECTION('',(1.,0.,0.));
#7534 = ADVANCED_FACE('',(#7535),#7538,.T.);
#7535 = FACE_BOUND('',#7536,.T.);
#7536 = EDGE_LOOP('',(#7537));
#7537 = ORIENTED_EDGE('',*,*,#4635,.T.);
#7538 = PLANE('',#7539);
#7539 = AXIS2_PLACEMENT_3D('',#7540,#7541,#7542);
#7540 = CARTESIAN_POINT('',(-110.7757629812,6.266652880531,0.7));
#7541 = DIRECTION('',(0.,0.,1.));
#7542 = DIRECTION('',(1.,0.,0.));
#7543 = ADVANCED_FACE('',(#7544),#7547,.T.);
#7544 = FACE_BOUND('',#7545,.T.);
#7545 = EDGE_LOOP('',(#7546));
#7546 = ORIENTED_EDGE('',*,*,#4660,.T.);
#7547 = PLANE('',#7548);
#7548 = AXIS2_PLACEMENT_3D('',#7549,#7550,#7551);
#7549 = CARTESIAN_POINT('',(-110.7757629812,6.266652880531,0.7));
#7550 = DIRECTION('',(0.,0.,1.));
#7551 = DIRECTION('',(1.,0.,0.));
#7552 = ADVANCED_FACE('',(#7553),#7556,.T.);
#7553 = FACE_BOUND('',#7554,.T.);
#7554 = EDGE_LOOP('',(#7555));
#7555 = ORIENTED_EDGE('',*,*,#4685,.T.);
#7556 = PLANE('',#7557);
#7557 = AXIS2_PLACEMENT_3D('',#7558,#7559,#7560);
#7558 = CARTESIAN_POINT('',(-110.7757629812,6.266652880531,0.7));
#7559 = DIRECTION('',(0.,0.,1.));
#7560 = DIRECTION('',(1.,0.,0.));
#7561 = ADVANCED_FACE('',(#7562),#7565,.T.);
#7562 = FACE_BOUND('',#7563,.T.);
#7563 = EDGE_LOOP('',(#7564));
#7564 = ORIENTED_EDGE('',*,*,#4710,.T.);
#7565 = PLANE('',#7566);
#7566 = AXIS2_PLACEMENT_3D('',#7567,#7568,#7569);
#7567 = CARTESIAN_POINT('',(-110.7757629812,6.266652880531,0.7));
#7568 = DIRECTION('',(0.,0.,1.));
#7569 = DIRECTION('',(1.,0.,0.));
#7570 = ADVANCED_FACE('',(#7571),#7577,.T.);
#7571 = FACE_BOUND('',#7572,.T.);
#7572 = EDGE_LOOP('',(#7573,#7574,#7575,#7576));
#7573 = ORIENTED_EDGE('',*,*,#4735,.T.);
#7574 = ORIENTED_EDGE('',*,*,#4783,.T.);
#7575 = ORIENTED_EDGE('',*,*,#4807,.T.);
#7576 = ORIENTED_EDGE('',*,*,#4766,.T.);
#7577 = PLANE('',#7578);
#7578 = AXIS2_PLACEMENT_3D('',#7579,#7580,#7581);
#7579 = CARTESIAN_POINT('',(-110.7757629812,6.266652880531,0.7));
#7580 = DIRECTION('',(0.,0.,1.));
#7581 = DIRECTION('',(1.,0.,0.));
#7582 = ADVANCED_FACE('',(#7583),#7589,.T.);
#7583 = FACE_BOUND('',#7584,.T.);
#7584 = EDGE_LOOP('',(#7585,#7586,#7587,#7588));
#7585 = ORIENTED_EDGE('',*,*,#4831,.T.);
#7586 = ORIENTED_EDGE('',*,*,#4879,.T.);
#7587 = ORIENTED_EDGE('',*,*,#4903,.T.);
#7588 = ORIENTED_EDGE('',*,*,#4862,.T.);
#7589 = PLANE('',#7590);
#7590 = AXIS2_PLACEMENT_3D('',#7591,#7592,#7593);
#7591 = CARTESIAN_POINT('',(-110.7757629812,6.266652880531,0.7));
#7592 = DIRECTION('',(0.,0.,1.));
#7593 = DIRECTION('',(1.,0.,0.));
#7594 = ADVANCED_FACE('',(#7595),#7601,.T.);
#7595 = FACE_BOUND('',#7596,.T.);
#7596 = EDGE_LOOP('',(#7597,#7598,#7599,#7600));
#7597 = ORIENTED_EDGE('',*,*,#4927,.T.);
#7598 = ORIENTED_EDGE('',*,*,#4951,.T.);
#7599 = ORIENTED_EDGE('',*,*,#4975,.T.);
#7600 = ORIENTED_EDGE('',*,*,#4999,.T.);
#7601 = PLANE('',#7602);
#7602 = AXIS2_PLACEMENT_3D('',#7603,#7604,#7605);
#7603 = CARTESIAN_POINT('',(-45.625,-32.375,0.7));
#7604 = DIRECTION('',(0.,0.,1.));
#7605 = DIRECTION('',(1.,0.,0.));
#7606 = ADVANCED_FACE('',(#7607),#7613,.T.);
#7607 = FACE_BOUND('',#7608,.T.);
#7608 = EDGE_LOOP('',(#7609,#7610,#7611,#7612));
#7609 = ORIENTED_EDGE('',*,*,#5023,.T.);
#7610 = ORIENTED_EDGE('',*,*,#5071,.T.);
#7611 = ORIENTED_EDGE('',*,*,#5095,.T.);
#7612 = ORIENTED_EDGE('',*,*,#5054,.T.);
#7613 = PLANE('',#7614);
#7614 = AXIS2_PLACEMENT_3D('',#7615,#7616,#7617);
#7615 = CARTESIAN_POINT('',(-52.52237061769,7.365776293823,0.7));
#7616 = DIRECTION('',(0.,0.,1.));
#7617 = DIRECTION('',(1.,0.,0.));
#7618 = ADVANCED_FACE('',(#7619),#7622,.T.);
#7619 = FACE_BOUND('',#7620,.T.);
#7620 = EDGE_LOOP('',(#7621));
#7621 = ORIENTED_EDGE('',*,*,#5119,.T.);
#7622 = PLANE('',#7623);
#7623 = AXIS2_PLACEMENT_3D('',#7624,#7625,#7626);
#7624 = CARTESIAN_POINT('',(-110.7757629812,6.266652880531,0.7));
#7625 = DIRECTION('',(0.,0.,1.));
#7626 = DIRECTION('',(1.,0.,0.));
#7627 = ADVANCED_FACE('',(#7628),#7631,.T.);
#7628 = FACE_BOUND('',#7629,.T.);
#7629 = EDGE_LOOP('',(#7630));
#7630 = ORIENTED_EDGE('',*,*,#5144,.T.);
#7631 = PLANE('',#7632);
#7632 = AXIS2_PLACEMENT_3D('',#7633,#7634,#7635);
#7633 = CARTESIAN_POINT('',(-110.7757629812,6.266652880531,0.7));
#7634 = DIRECTION('',(0.,0.,1.));
#7635 = DIRECTION('',(1.,0.,0.));
#7636 = ADVANCED_FACE('',(#7637),#7640,.T.);
#7637 = FACE_BOUND('',#7638,.T.);
#7638 = EDGE_LOOP('',(#7639));
#7639 = ORIENTED_EDGE('',*,*,#5169,.T.);
#7640 = PLANE('',#7641);
#7641 = AXIS2_PLACEMENT_3D('',#7642,#7643,#7644);
#7642 = CARTESIAN_POINT('',(-110.7757629812,6.266652880531,0.7));
#7643 = DIRECTION('',(0.,0.,1.));
#7644 = DIRECTION('',(1.,0.,0.));
#7645 = ADVANCED_FACE('',(#7646),#7649,.T.);
#7646 = FACE_BOUND('',#7647,.T.);
#7647 = EDGE_LOOP('',(#7648));
#7648 = ORIENTED_EDGE('',*,*,#5194,.T.);
#7649 = PLANE('',#7650);
#7650 = AXIS2_PLACEMENT_3D('',#7651,#7652,#7653);
#7651 = CARTESIAN_POINT('',(-110.7757629812,6.266652880531,0.7));
#7652 = DIRECTION('',(0.,0.,1.));
#7653 = DIRECTION('',(1.,0.,0.));
#7654 = ADVANCED_FACE('',(#7655),#7658,.T.);
#7655 = FACE_BOUND('',#7656,.T.);
#7656 = EDGE_LOOP('',(#7657));
#7657 = ORIENTED_EDGE('',*,*,#5219,.T.);
#7658 = PLANE('',#7659);
#7659 = AXIS2_PLACEMENT_3D('',#7660,#7661,#7662);
#7660 = CARTESIAN_POINT('',(-110.7757629812,6.266652880531,0.7));
#7661 = DIRECTION('',(0.,0.,1.));
#7662 = DIRECTION('',(1.,0.,0.));
#7663 = ADVANCED_FACE('',(#7664),#7670,.T.);
#7664 = FACE_BOUND('',#7665,.T.);
#7665 = EDGE_LOOP('',(#7666,#7667,#7668,#7669));
#7666 = ORIENTED_EDGE('',*,*,#5244,.T.);
#7667 = ORIENTED_EDGE('',*,*,#5292,.T.);
#7668 = ORIENTED_EDGE('',*,*,#5316,.T.);
#7669 = ORIENTED_EDGE('',*,*,#5275,.T.);
#7670 = PLANE('',#7671);
#7671 = AXIS2_PLACEMENT_3D('',#7672,#7673,#7674);
#7672 = CARTESIAN_POINT('',(-110.7757629812,6.266652880531,0.7));
#7673 = DIRECTION('',(0.,0.,1.));
#7674 = DIRECTION('',(1.,0.,0.));
#7675 = ADVANCED_FACE('',(#7676),#7679,.T.);
#7676 = FACE_BOUND('',#7677,.T.);
#7677 = EDGE_LOOP('',(#7678));
#7678 = ORIENTED_EDGE('',*,*,#5340,.T.);
#7679 = PLANE('',#7680);
#7680 = AXIS2_PLACEMENT_3D('',#7681,#7682,#7683);
#7681 = CARTESIAN_POINT('',(-110.7757629812,6.266652880531,0.7));
#7682 = DIRECTION('',(0.,0.,1.));
#7683 = DIRECTION('',(1.,0.,0.));
#7684 = ADVANCED_FACE('',(#7685),#7691,.T.);
#7685 = FACE_BOUND('',#7686,.T.);
#7686 = EDGE_LOOP('',(#7687,#7688,#7689,#7690));
#7687 = ORIENTED_EDGE('',*,*,#5365,.T.);
#7688 = ORIENTED_EDGE('',*,*,#5413,.T.);
#7689 = ORIENTED_EDGE('',*,*,#5437,.T.);
#7690 = ORIENTED_EDGE('',*,*,#5396,.T.);
#7691 = PLANE('',#7692);
#7692 = AXIS2_PLACEMENT_3D('',#7693,#7694,#7695);
#7693 = CARTESIAN_POINT('',(-110.7757629812,6.266652880531,0.7));
#7694 = DIRECTION('',(0.,0.,1.));
#7695 = DIRECTION('',(1.,0.,0.));
#7696 = ADVANCED_FACE('',(#7697),#7700,.T.);
#7697 = FACE_BOUND('',#7698,.T.);
#7698 = EDGE_LOOP('',(#7699));
#7699 = ORIENTED_EDGE('',*,*,#5461,.T.);
#7700 = PLANE('',#7701);
#7701 = AXIS2_PLACEMENT_3D('',#7702,#7703,#7704);
#7702 = CARTESIAN_POINT('',(-110.7757629812,6.266652880531,0.7));
#7703 = DIRECTION('',(0.,0.,1.));
#7704 = DIRECTION('',(1.,0.,0.));
#7705 = ADVANCED_FACE('',(#7706),#7709,.T.);
#7706 = FACE_BOUND('',#7707,.T.);
#7707 = EDGE_LOOP('',(#7708));
#7708 = ORIENTED_EDGE('',*,*,#5486,.T.);
#7709 = PLANE('',#7710);
#7710 = AXIS2_PLACEMENT_3D('',#7711,#7712,#7713);
#7711 = CARTESIAN_POINT('',(-110.7757629812,6.266652880531,0.7));
#7712 = DIRECTION('',(0.,0.,1.));
#7713 = DIRECTION('',(1.,0.,0.));
#7714 = ADVANCED_FACE('',(#7715),#7718,.T.);
#7715 = FACE_BOUND('',#7716,.T.);
#7716 = EDGE_LOOP('',(#7717));
#7717 = ORIENTED_EDGE('',*,*,#5511,.T.);
#7718 = PLANE('',#7719);
#7719 = AXIS2_PLACEMENT_3D('',#7720,#7721,#7722);
#7720 = CARTESIAN_POINT('',(-110.7757629812,6.266652880531,0.7));
#7721 = DIRECTION('',(0.,0.,1.));
#7722 = DIRECTION('',(1.,0.,0.));
#7723 = ADVANCED_FACE('',(#7724),#7727,.T.);
#7724 = FACE_BOUND('',#7725,.T.);
#7725 = EDGE_LOOP('',(#7726));
#7726 = ORIENTED_EDGE('',*,*,#5536,.T.);
#7727 = PLANE('',#7728);
#7728 = AXIS2_PLACEMENT_3D('',#7729,#7730,#7731);
#7729 = CARTESIAN_POINT('',(-110.7757629812,6.266652880531,0.7));
#7730 = DIRECTION('',(0.,0.,1.));
#7731 = DIRECTION('',(1.,0.,0.));
#7732 = ADVANCED_FACE('',(#7733),#7736,.T.);
#7733 = FACE_BOUND('',#7734,.T.);
#7734 = EDGE_LOOP('',(#7735));
#7735 = ORIENTED_EDGE('',*,*,#5561,.T.);
#7736 = PLANE('',#7737);
#7737 = AXIS2_PLACEMENT_3D('',#7738,#7739,#7740);
#7738 = CARTESIAN_POINT('',(-110.7757629812,6.266652880531,0.7));
#7739 = DIRECTION('',(0.,0.,1.));
#7740 = DIRECTION('',(1.,0.,0.));
#7741 = ADVANCED_FACE('',(#7742),#7748,.T.);
#7742 = FACE_BOUND('',#7743,.T.);
#7743 = EDGE_LOOP('',(#7744,#7745,#7746,#7747));
#7744 = ORIENTED_EDGE('',*,*,#5586,.T.);
#7745 = ORIENTED_EDGE('',*,*,#5634,.T.);
#7746 = ORIENTED_EDGE('',*,*,#5658,.T.);
#7747 = ORIENTED_EDGE('',*,*,#5617,.T.);
#7748 = PLANE('',#7749);
#7749 = AXIS2_PLACEMENT_3D('',#7750,#7751,#7752);
#7750 = CARTESIAN_POINT('',(-110.7757629812,6.266652880531,0.7));
#7751 = DIRECTION('',(0.,0.,1.));
#7752 = DIRECTION('',(1.,0.,0.));
#7753 = ADVANCED_FACE('',(#7754),#7757,.T.);
#7754 = FACE_BOUND('',#7755,.T.);
#7755 = EDGE_LOOP('',(#7756));
#7756 = ORIENTED_EDGE('',*,*,#5682,.T.);
#7757 = PLANE('',#7758);
#7758 = AXIS2_PLACEMENT_3D('',#7759,#7760,#7761);
#7759 = CARTESIAN_POINT('',(-110.7757629812,6.266652880531,0.7));
#7760 = DIRECTION('',(0.,0.,1.));
#7761 = DIRECTION('',(1.,0.,0.));
#7762 = ADVANCED_FACE('',(#7763),#7769,.T.);
#7763 = FACE_BOUND('',#7764,.T.);
#7764 = EDGE_LOOP('',(#7765,#7766,#7767,#7768));
#7765 = ORIENTED_EDGE('',*,*,#5707,.T.);
#7766 = ORIENTED_EDGE('',*,*,#5755,.T.);
#7767 = ORIENTED_EDGE('',*,*,#5779,.T.);
#7768 = ORIENTED_EDGE('',*,*,#5738,.T.);
#7769 = PLANE('',#7770);
#7770 = AXIS2_PLACEMENT_3D('',#7771,#7772,#7773);
#7771 = CARTESIAN_POINT('',(-110.7757629812,6.266652880531,0.7));
#7772 = DIRECTION('',(0.,0.,1.));
#7773 = DIRECTION('',(1.,0.,0.));
#7774 = ADVANCED_FACE('',(#7775),#7778,.T.);
#7775 = FACE_BOUND('',#7776,.T.);
#7776 = EDGE_LOOP('',(#7777));
#7777 = ORIENTED_EDGE('',*,*,#5803,.T.);
#7778 = PLANE('',#7779);
#7779 = AXIS2_PLACEMENT_3D('',#7780,#7781,#7782);
#7780 = CARTESIAN_POINT('',(-110.7757629812,6.266652880531,0.7));
#7781 = DIRECTION('',(0.,0.,1.));
#7782 = DIRECTION('',(1.,0.,0.));
#7783 = ADVANCED_FACE('',(#7784),#7787,.T.);
#7784 = FACE_BOUND('',#7785,.T.);
#7785 = EDGE_LOOP('',(#7786));
#7786 = ORIENTED_EDGE('',*,*,#5828,.T.);
#7787 = PLANE('',#7788);
#7788 = AXIS2_PLACEMENT_3D('',#7789,#7790,#7791);
#7789 = CARTESIAN_POINT('',(-110.7757629812,6.266652880531,0.7));
#7790 = DIRECTION('',(0.,0.,1.));
#7791 = DIRECTION('',(1.,0.,0.));
#7792 = ADVANCED_FACE('',(#7793),#7799,.T.);
#7793 = FACE_BOUND('',#7794,.T.);
#7794 = EDGE_LOOP('',(#7795,#7796,#7797,#7798));
#7795 = ORIENTED_EDGE('',*,*,#5853,.T.);
#7796 = ORIENTED_EDGE('',*,*,#5901,.T.);
#7797 = ORIENTED_EDGE('',*,*,#5925,.T.);
#7798 = ORIENTED_EDGE('',*,*,#5884,.T.);
#7799 = PLANE('',#7800);
#7800 = AXIS2_PLACEMENT_3D('',#7801,#7802,#7803);
#7801 = CARTESIAN_POINT('',(-110.7757629812,6.266652880531,0.7));
#7802 = DIRECTION('',(0.,0.,1.));
#7803 = DIRECTION('',(1.,0.,0.));
#7804 = ADVANCED_FACE('',(#7805),#7808,.T.);
#7805 = FACE_BOUND('',#7806,.T.);
#7806 = EDGE_LOOP('',(#7807));
#7807 = ORIENTED_EDGE('',*,*,#5949,.T.);
#7808 = PLANE('',#7809);
#7809 = AXIS2_PLACEMENT_3D('',#7810,#7811,#7812);
#7810 = CARTESIAN_POINT('',(-110.7757629812,6.266652880531,0.7));
#7811 = DIRECTION('',(0.,0.,1.));
#7812 = DIRECTION('',(1.,0.,0.));
#7813 = ADVANCED_FACE('',(#7814),#7817,.T.);
#7814 = FACE_BOUND('',#7815,.T.);
#7815 = EDGE_LOOP('',(#7816));
#7816 = ORIENTED_EDGE('',*,*,#5974,.T.);
#7817 = PLANE('',#7818);
#7818 = AXIS2_PLACEMENT_3D('',#7819,#7820,#7821);
#7819 = CARTESIAN_POINT('',(-110.7757629812,6.266652880531,0.7));
#7820 = DIRECTION('',(0.,0.,1.));
#7821 = DIRECTION('',(1.,0.,0.));
#7822 = ADVANCED_FACE('',(#7823),#7826,.T.);
#7823 = FACE_BOUND('',#7824,.T.);
#7824 = EDGE_LOOP('',(#7825));
#7825 = ORIENTED_EDGE('',*,*,#5999,.T.);
#7826 = PLANE('',#7827);
#7827 = AXIS2_PLACEMENT_3D('',#7828,#7829,#7830);
#7828 = CARTESIAN_POINT('',(-110.7757629812,6.266652880531,0.7));
#7829 = DIRECTION('',(0.,0.,1.));
#7830 = DIRECTION('',(1.,0.,0.));
#7831 = ADVANCED_FACE('',(#7832),#7835,.T.);
#7832 = FACE_BOUND('',#7833,.T.);
#7833 = EDGE_LOOP('',(#7834));
#7834 = ORIENTED_EDGE('',*,*,#6024,.T.);
#7835 = PLANE('',#7836);
#7836 = AXIS2_PLACEMENT_3D('',#7837,#7838,#7839);
#7837 = CARTESIAN_POINT('',(-110.7757629812,6.266652880531,0.7));
#7838 = DIRECTION('',(0.,0.,1.));
#7839 = DIRECTION('',(1.,0.,0.));
#7840 = ADVANCED_FACE('',(#7841),#7844,.T.);
#7841 = FACE_BOUND('',#7842,.T.);
#7842 = EDGE_LOOP('',(#7843));
#7843 = ORIENTED_EDGE('',*,*,#6049,.T.);
#7844 = PLANE('',#7845);
#7845 = AXIS2_PLACEMENT_3D('',#7846,#7847,#7848);
#7846 = CARTESIAN_POINT('',(-110.7757629812,6.266652880531,0.7));
#7847 = DIRECTION('',(0.,0.,1.));
#7848 = DIRECTION('',(1.,0.,0.));
#7849 = ADVANCED_FACE('',(#7850),#7853,.T.);
#7850 = FACE_BOUND('',#7851,.T.);
#7851 = EDGE_LOOP('',(#7852));
#7852 = ORIENTED_EDGE('',*,*,#6074,.T.);
#7853 = PLANE('',#7854);
#7854 = AXIS2_PLACEMENT_3D('',#7855,#7856,#7857);
#7855 = CARTESIAN_POINT('',(-110.7757629812,6.266652880531,0.7));
#7856 = DIRECTION('',(0.,0.,1.));
#7857 = DIRECTION('',(1.,0.,0.));
#7858 = ADVANCED_FACE('',(#7859),#7865,.T.);
#7859 = FACE_BOUND('',#7860,.T.);
#7860 = EDGE_LOOP('',(#7861,#7862,#7863,#7864));
#7861 = ORIENTED_EDGE('',*,*,#6099,.T.);
#7862 = ORIENTED_EDGE('',*,*,#6147,.T.);
#7863 = ORIENTED_EDGE('',*,*,#6171,.T.);
#7864 = ORIENTED_EDGE('',*,*,#6130,.T.);
#7865 = PLANE('',#7866);
#7866 = AXIS2_PLACEMENT_3D('',#7867,#7868,#7869);
#7867 = CARTESIAN_POINT('',(-110.7757629812,6.266652880531,0.7));
#7868 = DIRECTION('',(0.,0.,1.));
#7869 = DIRECTION('',(1.,0.,0.));
#7870 = ADVANCED_FACE('',(#7871),#7874,.T.);
#7871 = FACE_BOUND('',#7872,.T.);
#7872 = EDGE_LOOP('',(#7873));
#7873 = ORIENTED_EDGE('',*,*,#6195,.T.);
#7874 = PLANE('',#7875);
#7875 = AXIS2_PLACEMENT_3D('',#7876,#7877,#7878);
#7876 = CARTESIAN_POINT('',(-110.7757629812,6.266652880531,0.7));
#7877 = DIRECTION('',(0.,0.,1.));
#7878 = DIRECTION('',(1.,0.,0.));
#7879 = ADVANCED_FACE('',(#7880),#7886,.T.);
#7880 = FACE_BOUND('',#7881,.T.);
#7881 = EDGE_LOOP('',(#7882,#7883,#7884,#7885));
#7882 = ORIENTED_EDGE('',*,*,#6220,.T.);
#7883 = ORIENTED_EDGE('',*,*,#6268,.T.);
#7884 = ORIENTED_EDGE('',*,*,#6292,.T.);
#7885 = ORIENTED_EDGE('',*,*,#6251,.T.);
#7886 = PLANE('',#7887);
#7887 = AXIS2_PLACEMENT_3D('',#7888,#7889,#7890);
#7888 = CARTESIAN_POINT('',(-110.7757629812,6.266652880531,0.7));
#7889 = DIRECTION('',(0.,0.,1.));
#7890 = DIRECTION('',(1.,0.,0.));
#7891 = ADVANCED_FACE('',(#7892),#7895,.T.);
#7892 = FACE_BOUND('',#7893,.T.);
#7893 = EDGE_LOOP('',(#7894));
#7894 = ORIENTED_EDGE('',*,*,#6316,.T.);
#7895 = PLANE('',#7896);
#7896 = AXIS2_PLACEMENT_3D('',#7897,#7898,#7899);
#7897 = CARTESIAN_POINT('',(-110.7757629812,6.266652880531,0.7));
#7898 = DIRECTION('',(0.,0.,1.));
#7899 = DIRECTION('',(1.,0.,0.));
#7900 = ADVANCED_FACE('',(#7901),#7904,.T.);
#7901 = FACE_BOUND('',#7902,.T.);
#7902 = EDGE_LOOP('',(#7903));
#7903 = ORIENTED_EDGE('',*,*,#6341,.T.);
#7904 = PLANE('',#7905);
#7905 = AXIS2_PLACEMENT_3D('',#7906,#7907,#7908);
#7906 = CARTESIAN_POINT('',(-110.7757629812,6.266652880531,0.7));
#7907 = DIRECTION('',(0.,0.,1.));
#7908 = DIRECTION('',(1.,0.,0.));
#7909 = ADVANCED_FACE('',(#7910),#7916,.T.);
#7910 = FACE_BOUND('',#7911,.T.);
#7911 = EDGE_LOOP('',(#7912,#7913,#7914,#7915));
#7912 = ORIENTED_EDGE('',*,*,#6366,.T.);
#7913 = ORIENTED_EDGE('',*,*,#6414,.T.);
#7914 = ORIENTED_EDGE('',*,*,#6438,.T.);
#7915 = ORIENTED_EDGE('',*,*,#6397,.T.);
#7916 = PLANE('',#7917);
#7917 = AXIS2_PLACEMENT_3D('',#7918,#7919,#7920);
#7918 = CARTESIAN_POINT('',(-110.7757629812,6.266652880531,0.7));
#7919 = DIRECTION('',(0.,0.,1.));
#7920 = DIRECTION('',(1.,0.,0.));
#7921 = ADVANCED_FACE('',(#7922),#7925,.T.);
#7922 = FACE_BOUND('',#7923,.T.);
#7923 = EDGE_LOOP('',(#7924));
#7924 = ORIENTED_EDGE('',*,*,#6462,.T.);
#7925 = PLANE('',#7926);
#7926 = AXIS2_PLACEMENT_3D('',#7927,#7928,#7929);
#7927 = CARTESIAN_POINT('',(-110.7757629812,6.266652880531,0.7));
#7928 = DIRECTION('',(0.,0.,1.));
#7929 = DIRECTION('',(1.,0.,0.));
#7930 = ADVANCED_FACE('',(#7931),#7934,.T.);
#7931 = FACE_BOUND('',#7932,.T.);
#7932 = EDGE_LOOP('',(#7933));
#7933 = ORIENTED_EDGE('',*,*,#6487,.T.);
#7934 = PLANE('',#7935);
#7935 = AXIS2_PLACEMENT_3D('',#7936,#7937,#7938);
#7936 = CARTESIAN_POINT('',(-110.7757629812,6.266652880531,0.7));
#7937 = DIRECTION('',(0.,0.,1.));
#7938 = DIRECTION('',(1.,0.,0.));
#7939 = ADVANCED_FACE('',(#7940),#7943,.T.);
#7940 = FACE_BOUND('',#7941,.T.);
#7941 = EDGE_LOOP('',(#7942));
#7942 = ORIENTED_EDGE('',*,*,#6512,.T.);
#7943 = PLANE('',#7944);
#7944 = AXIS2_PLACEMENT_3D('',#7945,#7946,#7947);
#7945 = CARTESIAN_POINT('',(-110.7757629812,6.266652880531,0.7));
#7946 = DIRECTION('',(0.,0.,1.));
#7947 = DIRECTION('',(1.,0.,0.));
#7948 = ADVANCED_FACE('',(#7949),#7952,.T.);
#7949 = FACE_BOUND('',#7950,.T.);
#7950 = EDGE_LOOP('',(#7951));
#7951 = ORIENTED_EDGE('',*,*,#6537,.T.);
#7952 = PLANE('',#7953);
#7953 = AXIS2_PLACEMENT_3D('',#7954,#7955,#7956);
#7954 = CARTESIAN_POINT('',(-110.7757629812,6.266652880531,0.7));
#7955 = DIRECTION('',(0.,0.,1.));
#7956 = DIRECTION('',(1.,0.,0.));
#7957 = ADVANCED_FACE('',(#7958),#7961,.T.);
#7958 = FACE_BOUND('',#7959,.T.);
#7959 = EDGE_LOOP('',(#7960));
#7960 = ORIENTED_EDGE('',*,*,#6562,.T.);
#7961 = PLANE('',#7962);
#7962 = AXIS2_PLACEMENT_3D('',#7963,#7964,#7965);
#7963 = CARTESIAN_POINT('',(-110.7757629812,6.266652880531,0.7));
#7964 = DIRECTION('',(0.,0.,1.));
#7965 = DIRECTION('',(1.,0.,0.));
#7966 = ADVANCED_FACE('',(#7967),#7970,.T.);
#7967 = FACE_BOUND('',#7968,.T.);
#7968 = EDGE_LOOP('',(#7969));
#7969 = ORIENTED_EDGE('',*,*,#6587,.T.);
#7970 = PLANE('',#7971);
#7971 = AXIS2_PLACEMENT_3D('',#7972,#7973,#7974);
#7972 = CARTESIAN_POINT('',(-110.7757629812,6.266652880531,0.7));
#7973 = DIRECTION('',(0.,0.,1.));
#7974 = DIRECTION('',(1.,0.,0.));
#7975 = ADVANCED_FACE('',(#7976),#7982,.T.);
#7976 = FACE_BOUND('',#7977,.T.);
#7977 = EDGE_LOOP('',(#7978,#7979,#7980,#7981));
#7978 = ORIENTED_EDGE('',*,*,#6612,.T.);
#7979 = ORIENTED_EDGE('',*,*,#6660,.T.);
#7980 = ORIENTED_EDGE('',*,*,#6684,.T.);
#7981 = ORIENTED_EDGE('',*,*,#6643,.T.);
#7982 = PLANE('',#7983);
#7983 = AXIS2_PLACEMENT_3D('',#7984,#7985,#7986);
#7984 = CARTESIAN_POINT('',(-110.7757629812,6.266652880531,0.7));
#7985 = DIRECTION('',(0.,0.,1.));
#7986 = DIRECTION('',(1.,0.,0.));
#7987 = ADVANCED_FACE('',(#7988),#7991,.T.);
#7988 = FACE_BOUND('',#7989,.T.);
#7989 = EDGE_LOOP('',(#7990));
#7990 = ORIENTED_EDGE('',*,*,#6708,.T.);
#7991 = PLANE('',#7992);
#7992 = AXIS2_PLACEMENT_3D('',#7993,#7994,#7995);
#7993 = CARTESIAN_POINT('',(-110.7757629812,6.266652880531,0.7));
#7994 = DIRECTION('',(0.,0.,1.));
#7995 = DIRECTION('',(1.,0.,0.));
#7996 = ADVANCED_FACE('',(#7997),#8003,.T.);
#7997 = FACE_BOUND('',#7998,.T.);
#7998 = EDGE_LOOP('',(#7999,#8000,#8001,#8002));
#7999 = ORIENTED_EDGE('',*,*,#6733,.T.);
#8000 = ORIENTED_EDGE('',*,*,#6781,.T.);
#8001 = ORIENTED_EDGE('',*,*,#6805,.T.);
#8002 = ORIENTED_EDGE('',*,*,#6764,.T.);
#8003 = PLANE('',#8004);
#8004 = AXIS2_PLACEMENT_3D('',#8005,#8006,#8007);
#8005 = CARTESIAN_POINT('',(-110.7757629812,6.266652880531,0.7));
#8006 = DIRECTION('',(0.,0.,1.));
#8007 = DIRECTION('',(1.,0.,0.));
#8008 = ADVANCED_FACE('',(#8009),#8015,.T.);
#8009 = FACE_BOUND('',#8010,.T.);
#8010 = EDGE_LOOP('',(#8011,#8012,#8013,#8014));
#8011 = ORIENTED_EDGE('',*,*,#6829,.T.);
#8012 = ORIENTED_EDGE('',*,*,#6877,.T.);
#8013 = ORIENTED_EDGE('',*,*,#6901,.T.);
#8014 = ORIENTED_EDGE('',*,*,#6860,.T.);
#8015 = PLANE('',#8016);
#8016 = AXIS2_PLACEMENT_3D('',#8017,#8018,#8019);
#8017 = CARTESIAN_POINT('',(-52.52237061769,7.365776293823,0.7));
#8018 = DIRECTION('',(0.,0.,1.));
#8019 = DIRECTION('',(1.,0.,0.));
#8020 = ADVANCED_FACE('',(#8021),#8027,.T.);
#8021 = FACE_BOUND('',#8022,.T.);
#8022 = EDGE_LOOP('',(#8023,#8024,#8025,#8026));
#8023 = ORIENTED_EDGE('',*,*,#6925,.T.);
#8024 = ORIENTED_EDGE('',*,*,#6973,.T.);
#8025 = ORIENTED_EDGE('',*,*,#6997,.T.);
#8026 = ORIENTED_EDGE('',*,*,#6956,.T.);
#8027 = PLANE('',#8028);
#8028 = AXIS2_PLACEMENT_3D('',#8029,#8030,#8031);
#8029 = CARTESIAN_POINT('',(-52.52237061769,7.365776293823,0.7));
#8030 = DIRECTION('',(0.,0.,1.));
#8031 = DIRECTION('',(1.,0.,0.));
#8032 = ADVANCED_FACE('',(#8033),#8036,.T.);
#8033 = FACE_BOUND('',#8034,.T.);
#8034 = EDGE_LOOP('',(#8035));
#8035 = ORIENTED_EDGE('',*,*,#7021,.T.);
#8036 = PLANE('',#8037);
#8037 = AXIS2_PLACEMENT_3D('',#8038,#8039,#8040);
#8038 = CARTESIAN_POINT('',(-110.7757629812,6.266652880531,0.7));
#8039 = DIRECTION('',(0.,0.,1.));
#8040 = DIRECTION('',(1.,0.,0.));
#8041 = ADVANCED_FACE('',(#8042),#8045,.T.);
#8042 = FACE_BOUND('',#8043,.T.);
#8043 = EDGE_LOOP('',(#8044));
#8044 = ORIENTED_EDGE('',*,*,#7046,.T.);
#8045 = PLANE('',#8046);
#8046 = AXIS2_PLACEMENT_3D('',#8047,#8048,#8049);
#8047 = CARTESIAN_POINT('',(-110.7757629812,6.266652880531,0.7));
#8048 = DIRECTION('',(0.,0.,1.));
#8049 = DIRECTION('',(1.,0.,0.));
#8050 = ADVANCED_FACE('',(#8051),#8054,.T.);
#8051 = FACE_BOUND('',#8052,.T.);
#8052 = EDGE_LOOP('',(#8053));
#8053 = ORIENTED_EDGE('',*,*,#7071,.T.);
#8054 = PLANE('',#8055);
#8055 = AXIS2_PLACEMENT_3D('',#8056,#8057,#8058);
#8056 = CARTESIAN_POINT('',(-110.7757629812,6.266652880531,0.7));
#8057 = DIRECTION('',(0.,0.,1.));
#8058 = DIRECTION('',(1.,0.,0.));
#8059 = ADVANCED_FACE('',(#8060),#8063,.T.);
#8060 = FACE_BOUND('',#8061,.T.);
#8061 = EDGE_LOOP('',(#8062));
#8062 = ORIENTED_EDGE('',*,*,#7096,.T.);
#8063 = PLANE('',#8064);
#8064 = AXIS2_PLACEMENT_3D('',#8065,#8066,#8067);
#8065 = CARTESIAN_POINT('',(-110.7757629812,6.266652880531,0.7));
#8066 = DIRECTION('',(0.,0.,1.));
#8067 = DIRECTION('',(1.,0.,0.));
#8068 = ADVANCED_FACE('',(#8069),#8072,.T.);
#8069 = FACE_BOUND('',#8070,.T.);
#8070 = EDGE_LOOP('',(#8071));
#8071 = ORIENTED_EDGE('',*,*,#7121,.T.);
#8072 = PLANE('',#8073);
#8073 = AXIS2_PLACEMENT_3D('',#8074,#8075,#8076);
#8074 = CARTESIAN_POINT('',(-110.7757629812,6.266652880531,0.7));
#8075 = DIRECTION('',(0.,0.,1.));
#8076 = DIRECTION('',(1.,0.,0.));
#8077 = ADVANCED_FACE('',(#8078),#8084,.T.);
#8078 = FACE_BOUND('',#8079,.T.);
#8079 = EDGE_LOOP('',(#8080,#8081,#8082,#8083));
#8080 = ORIENTED_EDGE('',*,*,#7146,.T.);
#8081 = ORIENTED_EDGE('',*,*,#7194,.T.);
#8082 = ORIENTED_EDGE('',*,*,#7218,.T.);
#8083 = ORIENTED_EDGE('',*,*,#7177,.T.);
#8084 = PLANE('',#8085);
#8085 = AXIS2_PLACEMENT_3D('',#8086,#8087,#8088);
#8086 = CARTESIAN_POINT('',(-110.7757629812,6.266652880531,0.7));
#8087 = DIRECTION('',(0.,0.,1.));
#8088 = DIRECTION('',(1.,0.,0.));
#8089 = ADVANCED_FACE('',(#8090),#8093,.T.);
#8090 = FACE_BOUND('',#8091,.T.);
#8091 = EDGE_LOOP('',(#8092));
#8092 = ORIENTED_EDGE('',*,*,#7242,.T.);
#8093 = PLANE('',#8094);
#8094 = AXIS2_PLACEMENT_3D('',#8095,#8096,#8097);
#8095 = CARTESIAN_POINT('',(-110.7757629812,6.266652880531,0.7));
#8096 = DIRECTION('',(0.,0.,1.));
#8097 = DIRECTION('',(1.,0.,0.));
#8098 = ADVANCED_FACE('',(#8099),#8105,.T.);
#8099 = FACE_BOUND('',#8100,.T.);
#8100 = EDGE_LOOP('',(#8101,#8102,#8103,#8104));
#8101 = ORIENTED_EDGE('',*,*,#7267,.T.);
#8102 = ORIENTED_EDGE('',*,*,#7315,.T.);
#8103 = ORIENTED_EDGE('',*,*,#7339,.T.);
#8104 = ORIENTED_EDGE('',*,*,#7298,.T.);
#8105 = PLANE('',#8106);
#8106 = AXIS2_PLACEMENT_3D('',#8107,#8108,#8109);
#8107 = CARTESIAN_POINT('',(-110.7757629812,6.266652880531,0.7));
#8108 = DIRECTION('',(0.,0.,1.));
#8109 = DIRECTION('',(1.,0.,0.));
#8110 = ( GEOMETRIC_REPRESENTATION_CONTEXT(3) 
GLOBAL_UNCERTAINTY_ASSIGNED_CONTEXT((#8114)) 
GLOBAL_UNIT_ASSIGNED_CONTEXT((#8111,#8112,#8113)) REPRESENTATION_CONTEXT
('Context #1','3D Context with UNIT and UNCERTAINTY') );
#8111 = ( LENGTH_UNIT() NAMED_UNIT(*) SI_UNIT(.MILLI.,.METRE.) );
#8112 = ( NAMED_UNIT(*) PLANE_ANGLE_UNIT() SI_UNIT($,.RADIAN.) );
#8113 = ( NAMED_UNIT(*) SI_UNIT($,.STERADIAN.) SOLID_ANGLE_UNIT() );
#8114 = UNCERTAINTY_MEASURE_WITH_UNIT(LENGTH_MEASURE(2.E-06),#8111,
  'distance_accuracy_value','confusion accuracy');
#8115 = PRODUCT_RELATED_PRODUCT_CATEGORY('part',$,(#7));
#8116 = MECHANICAL_DESIGN_GEOMETRIC_PRESENTATION_REPRESENTATION('',(
    #8117),#8110);
#8117 = STYLED_ITEM('color',(#8118),#15);
#8118 = PRESENTATION_STYLE_ASSIGNMENT((#8119,#8125));
#8119 = SURFACE_STYLE_USAGE(.BOTH.,#8120);
#8120 = SURFACE_SIDE_STYLE('',(#8121));
#8121 = SURFACE_STYLE_FILL_AREA(#8122);
#8122 = FILL_AREA_STYLE('',(#8123));
#8123 = FILL_AREA_STYLE_COLOUR('',#8124);
#8124 = DRAUGHTING_PRE_DEFINED_COLOUR('white');
#8125 = CURVE_STYLE('',#8126,POSITIVE_LENGTH_MEASURE(0.1),#8127);
#8126 = DRAUGHTING_PRE_DEFINED_CURVE_FONT('continuous');
#8127 = COLOUR_RGB('',0.678431390124,0.709803936702,0.741176476869);
ENDSEC;
END-ISO-10303-21;
