ISO-10303-21;
HEADER;
FILE_DESCRIPTION(('FreeCAD Model'),'2;1');
FILE_NAME('Open CASCADE Shape Model','2025-12-10T21:07:42',(''),(''),
  'Open CASCADE STEP processor 7.8','FreeCAD','Unknown');
FILE_SCHEMA(('AUTOMOTIVE_DESIGN { 1 0 10303 214 1 1 1 1 }'));
ENDSEC;
DATA;
#1 = APPLICATION_PROTOCOL_DEFINITION('international standard',
  'automotive_design',2000,#2);
#2 = APPLICATION_CONTEXT(
  'core data for automotive mechanical design processes');
#3 = SHAPE_DEFINITION_REPRESENTATION(#4,#10);
#4 = PRODUCT_DEFINITION_SHAPE('','',#5);
#5 = PRODUCT_DEFINITION('design','',#6,#9);
#6 = PRODUCT_DEFINITION_FORMATION('','',#7);
#7 = PRODUCT('Bottom001 (Mirror #1)','Bottom001 (Mirror #1)','',(#8));
#8 = PRODUCT_CONTEXT('',#2,'mechanical');
#9 = PRODUCT_DEFINITION_CONTEXT('part definition',#2,'design');
#10 = ADVANCED_BREP_SHAPE_REPRESENTATION('',(#11,#15),#7838);
#11 = AXIS2_PLACEMENT_3D('',#12,#13,#14);
#12 = CARTESIAN_POINT('',(0.,0.,0.));
#13 = DIRECTION('',(0.,0.,1.));
#14 = DIRECTION('',(1.,0.,-0.));
#15 = MANIFOLD_SOLID_BREP('',#16);
#16 = CLOSED_SHELL('',(#17,#57,#374,#399,#424,#565,#615,#640,#664,#689,
    #715,#746,#770,#794,#818,#842,#859,#890,#914,#938,#962,#986,#1003,
    #1034,#1058,#1082,#1106,#1130,#1147,#1178,#1202,#1226,#1250,#1274,
    #1291,#1322,#1346,#1370,#1394,#1418,#1435,#1470,#1516,#1540,#1564,
    #1589,#1613,#1630,#1655,#1680,#1705,#1730,#1755,#1772,#1797,#1814,
    #1831,#1848,#1873,#1890,#1907,#1924,#1936,#1951,#3387,#3404,#3435,
    #3459,#3483,#3500,#3531,#3555,#3579,#3596,#3627,#3651,#3675,#3692,
    #3723,#3747,#3771,#3788,#3813,#3838,#3863,#3888,#3919,#3943,#3967,
    #3984,#4009,#4040,#4064,#4088,#4105,#4130,#4155,#4180,#4205,#4236,
    #4260,#4284,#4301,#4326,#4351,#4376,#4401,#4426,#4451,#4482,#4506,
    #4530,#4547,#4578,#4602,#4626,#4643,#4674,#4698,#4722,#4739,#4770,
    #4794,#4818,#4835,#4860,#4885,#4910,#4935,#4960,#4991,#5015,#5039,
    #5056,#5081,#5112,#5136,#5160,#5177,#5202,#5227,#5252,#5277,#5308,
    #5332,#5356,#5373,#5398,#5429,#5453,#5477,#5494,#5519,#5544,#5569,
    #5594,#5625,#5649,#5673,#5690,#5715,#5740,#5765,#5790,#5821,#5845,
    #5869,#5886,#5911,#5942,#5966,#5990,#6007,#6032,#6057,#6082,#6107,
    #6138,#6162,#6186,#6203,#6228,#6253,#6278,#6303,#6328,#6359,#6383,
    #6407,#6424,#6449,#6480,#6504,#6528,#6545,#6576,#6600,#6624,#6641,
    #6672,#6696,#6720,#6737,#6762,#6787,#6812,#6837,#6862,#6893,#6917,
    #6941,#6958,#6983,#7014,#7038,#7062,#7079,#7091,#7103,#7115,#7127,
    #7136,#7145,#7154,#7163,#7175,#7184,#7196,#7205,#7214,#7223,#7232,
    #7244,#7253,#7262,#7271,#7280,#7289,#7298,#7310,#7322,#7334,#7346,
    #7355,#7364,#7373,#7382,#7391,#7403,#7412,#7424,#7433,#7442,#7451,
    #7460,#7472,#7481,#7493,#7502,#7511,#7520,#7529,#7541,#7550,#7559,
    #7568,#7577,#7589,#7598,#7610,#7619,#7628,#7637,#7646,#7658,#7667,
    #7676,#7685,#7694,#7703,#7715,#7724,#7736,#7748,#7760,#7769,#7778,
    #7787,#7796,#7805,#7817,#7826));
#17 = ADVANCED_FACE('',(#18),#52,.F.);
#18 = FACE_BOUND('',#19,.T.);
#19 = EDGE_LOOP('',(#20,#30,#38,#46));
#20 = ORIENTED_EDGE('',*,*,#21,.F.);
#21 = EDGE_CURVE('',#22,#24,#26,.T.);
#22 = VERTEX_POINT('',#23);
#23 = CARTESIAN_POINT('',(31.8,46.95,-0.1));
#24 = VERTEX_POINT('',#25);
#25 = CARTESIAN_POINT('',(168.2,46.95,-0.1));
#26 = LINE('',#27,#28);
#27 = CARTESIAN_POINT('',(30.,46.95,-0.1));
#28 = VECTOR('',#29,1.);
#29 = DIRECTION('',(1.,0.,0.));
#30 = ORIENTED_EDGE('',*,*,#31,.T.);
#31 = EDGE_CURVE('',#22,#32,#34,.T.);
#32 = VERTEX_POINT('',#33);
#33 = CARTESIAN_POINT('',(31.8,46.95,10.5));
#34 = LINE('',#35,#36);
#35 = CARTESIAN_POINT('',(31.8,46.95,-0.1));
#36 = VECTOR('',#37,1.);
#37 = DIRECTION('',(0.,0.,1.));
#38 = ORIENTED_EDGE('',*,*,#39,.T.);
#39 = EDGE_CURVE('',#32,#40,#42,.T.);
#40 = VERTEX_POINT('',#41);
#41 = CARTESIAN_POINT('',(168.2,46.95,10.5));
#42 = LINE('',#43,#44);
#43 = CARTESIAN_POINT('',(30.,46.95,10.5));
#44 = VECTOR('',#45,1.);
#45 = DIRECTION('',(1.,0.,0.));
#46 = ORIENTED_EDGE('',*,*,#47,.F.);
#47 = EDGE_CURVE('',#24,#40,#48,.T.);
#48 = LINE('',#49,#50);
#49 = CARTESIAN_POINT('',(168.2,46.95,-0.1));
#50 = VECTOR('',#51,1.);
#51 = DIRECTION('',(0.,0.,1.));
#52 = PLANE('',#53);
#53 = AXIS2_PLACEMENT_3D('',#54,#55,#56);
#54 = CARTESIAN_POINT('',(30.,46.95,-0.1));
#55 = DIRECTION('',(-0.,-1.,-0.));
#56 = DIRECTION('',(-1.,-0.,-0.));
#57 = ADVANCED_FACE('',(#58,#119,#169,#219,#269,#319),#369,.F.);
#58 = FACE_BOUND('',#59,.T.);
#59 = EDGE_LOOP('',(#60,#70,#77,#78,#87,#95,#104,#112));
#60 = ORIENTED_EDGE('',*,*,#61,.T.);
#61 = EDGE_CURVE('',#62,#64,#66,.T.);
#62 = VERTEX_POINT('',#63);
#63 = CARTESIAN_POINT('',(30.,-130.15,-0.1));
#64 = VERTEX_POINT('',#65);
#65 = CARTESIAN_POINT('',(30.,45.15,-0.1));
#66 = LINE('',#67,#68);
#67 = CARTESIAN_POINT('',(30.,-46.95,-0.1));
#68 = VECTOR('',#69,1.);
#69 = DIRECTION('',(0.,1.,0.));
#70 = ORIENTED_EDGE('',*,*,#71,.F.);
#71 = EDGE_CURVE('',#22,#64,#72,.T.);
#72 = CIRCLE('',#73,1.8);
#73 = AXIS2_PLACEMENT_3D('',#74,#75,#76);
#74 = CARTESIAN_POINT('',(31.8,45.15,-0.1));
#75 = DIRECTION('',(-0.,0.,1.));
#76 = DIRECTION('',(0.,-1.,0.));
#77 = ORIENTED_EDGE('',*,*,#21,.T.);
#78 = ORIENTED_EDGE('',*,*,#79,.T.);
#79 = EDGE_CURVE('',#24,#80,#82,.T.);
#80 = VERTEX_POINT('',#81);
#81 = CARTESIAN_POINT('',(170.,45.15,-0.1));
#82 = CIRCLE('',#83,1.8);
#83 = AXIS2_PLACEMENT_3D('',#84,#85,#86);
#84 = CARTESIAN_POINT('',(168.2,45.15,-0.1));
#85 = DIRECTION('',(-0.,-0.,-1.));
#86 = DIRECTION('',(0.,-1.,0.));
#87 = ORIENTED_EDGE('',*,*,#88,.T.);
#88 = EDGE_CURVE('',#80,#89,#91,.T.);
#89 = VERTEX_POINT('',#90);
#90 = CARTESIAN_POINT('',(170.,-130.15,-0.1));
#91 = LINE('',#92,#93);
#92 = CARTESIAN_POINT('',(170.,-46.95,-0.1));
#93 = VECTOR('',#94,1.);
#94 = DIRECTION('',(-0.,-1.,-0.));
#95 = ORIENTED_EDGE('',*,*,#96,.T.);
#96 = EDGE_CURVE('',#89,#97,#99,.T.);
#97 = VERTEX_POINT('',#98);
#98 = CARTESIAN_POINT('',(168.2,-131.95,-0.1));
#99 = CIRCLE('',#100,1.8);
#100 = AXIS2_PLACEMENT_3D('',#101,#102,#103);
#101 = CARTESIAN_POINT('',(168.2,-130.15,-0.1));
#102 = DIRECTION('',(-0.,-0.,-1.));
#103 = DIRECTION('',(0.,-1.,0.));
#104 = ORIENTED_EDGE('',*,*,#105,.T.);
#105 = EDGE_CURVE('',#97,#106,#108,.T.);
#106 = VERTEX_POINT('',#107);
#107 = CARTESIAN_POINT('',(31.8,-131.95,-0.1));
#108 = LINE('',#109,#110);
#109 = CARTESIAN_POINT('',(170.,-131.95,-0.1));
#110 = VECTOR('',#111,1.);
#111 = DIRECTION('',(-1.,-0.,-0.));
#112 = ORIENTED_EDGE('',*,*,#113,.F.);
#113 = EDGE_CURVE('',#62,#106,#114,.T.);
#114 = CIRCLE('',#115,1.8);
#115 = AXIS2_PLACEMENT_3D('',#116,#117,#118);
#116 = CARTESIAN_POINT('',(31.8,-130.15,-0.1));
#117 = DIRECTION('',(-0.,0.,1.));
#118 = DIRECTION('',(0.,-1.,0.));
#119 = FACE_BOUND('',#120,.T.);
#120 = EDGE_LOOP('',(#121,#131,#139,#147,#155,#163));
#121 = ORIENTED_EDGE('',*,*,#122,.T.);
#122 = EDGE_CURVE('',#123,#125,#127,.T.);
#123 = VERTEX_POINT('',#124);
#124 = CARTESIAN_POINT('',(165.75,-41.96794919243,-0.1));
#125 = VERTEX_POINT('',#126);
#126 = CARTESIAN_POINT('',(164.75,-43.7,-0.1));
#127 = LINE('',#128,#129);
#128 = CARTESIAN_POINT('',(165.75,-41.96794919243,-0.1));
#129 = VECTOR('',#130,1.);
#130 = DIRECTION('',(-0.5,-0.866025403784,0.));
#131 = ORIENTED_EDGE('',*,*,#132,.T.);
#132 = EDGE_CURVE('',#125,#133,#135,.T.);
#133 = VERTEX_POINT('',#134);
#134 = CARTESIAN_POINT('',(165.75,-45.43205080756,-0.1));
#135 = LINE('',#136,#137);
#136 = CARTESIAN_POINT('',(164.75,-43.7,-0.1));
#137 = VECTOR('',#138,1.);
#138 = DIRECTION('',(0.5,-0.866025403784,0.));
#139 = ORIENTED_EDGE('',*,*,#140,.T.);
#140 = EDGE_CURVE('',#133,#141,#143,.T.);
#141 = VERTEX_POINT('',#142);
#142 = CARTESIAN_POINT('',(167.75,-45.43205080756,-0.1));
#143 = LINE('',#144,#145);
#144 = CARTESIAN_POINT('',(165.75,-45.43205080756,-0.1));
#145 = VECTOR('',#146,1.);
#146 = DIRECTION('',(1.,0.,0.));
#147 = ORIENTED_EDGE('',*,*,#148,.T.);
#148 = EDGE_CURVE('',#141,#149,#151,.T.);
#149 = VERTEX_POINT('',#150);
#150 = CARTESIAN_POINT('',(168.75,-43.7,-0.1));
#151 = LINE('',#152,#153);
#152 = CARTESIAN_POINT('',(167.75,-45.43205080756,-0.1));
#153 = VECTOR('',#154,1.);
#154 = DIRECTION('',(0.5,0.866025403784,0.));
#155 = ORIENTED_EDGE('',*,*,#156,.T.);
#156 = EDGE_CURVE('',#149,#157,#159,.T.);
#157 = VERTEX_POINT('',#158);
#158 = CARTESIAN_POINT('',(167.75,-41.96794919243,-0.1));
#159 = LINE('',#160,#161);
#160 = CARTESIAN_POINT('',(168.75,-43.7,-0.1));
#161 = VECTOR('',#162,1.);
#162 = DIRECTION('',(-0.5,0.866025403784,0.));
#163 = ORIENTED_EDGE('',*,*,#164,.T.);
#164 = EDGE_CURVE('',#157,#123,#165,.T.);
#165 = LINE('',#166,#167);
#166 = CARTESIAN_POINT('',(167.75,-41.96794919243,-0.1));
#167 = VECTOR('',#168,1.);
#168 = DIRECTION('',(-1.,0.,0.));
#169 = FACE_BOUND('',#170,.T.);
#170 = EDGE_LOOP('',(#171,#181,#189,#197,#205,#213));
#171 = ORIENTED_EDGE('',*,*,#172,.T.);
#172 = EDGE_CURVE('',#173,#175,#177,.T.);
#173 = VERTEX_POINT('',#174);
#174 = CARTESIAN_POINT('',(103.05,1.732050807569,-0.1));
#175 = VERTEX_POINT('',#176);
#176 = CARTESIAN_POINT('',(102.05,0.,-0.1));
#177 = LINE('',#178,#179);
#178 = CARTESIAN_POINT('',(103.05,1.732050807569,-0.1));
#179 = VECTOR('',#180,1.);
#180 = DIRECTION('',(-0.5,-0.866025403784,0.));
#181 = ORIENTED_EDGE('',*,*,#182,.T.);
#182 = EDGE_CURVE('',#175,#183,#185,.T.);
#183 = VERTEX_POINT('',#184);
#184 = CARTESIAN_POINT('',(103.05,-1.732050807569,-0.1));
#185 = LINE('',#186,#187);
#186 = CARTESIAN_POINT('',(102.05,0.,-0.1));
#187 = VECTOR('',#188,1.);
#188 = DIRECTION('',(0.5,-0.866025403784,0.));
#189 = ORIENTED_EDGE('',*,*,#190,.T.);
#190 = EDGE_CURVE('',#183,#191,#193,.T.);
#191 = VERTEX_POINT('',#192);
#192 = CARTESIAN_POINT('',(105.05,-1.732050807569,-0.1));
#193 = LINE('',#194,#195);
#194 = CARTESIAN_POINT('',(103.05,-1.732050807569,-0.1));
#195 = VECTOR('',#196,1.);
#196 = DIRECTION('',(1.,0.,0.));
#197 = ORIENTED_EDGE('',*,*,#198,.T.);
#198 = EDGE_CURVE('',#191,#199,#201,.T.);
#199 = VERTEX_POINT('',#200);
#200 = CARTESIAN_POINT('',(106.05,0.,-0.1));
#201 = LINE('',#202,#203);
#202 = CARTESIAN_POINT('',(105.05,-1.732050807569,-0.1));
#203 = VECTOR('',#204,1.);
#204 = DIRECTION('',(0.5,0.866025403784,0.));
#205 = ORIENTED_EDGE('',*,*,#206,.T.);
#206 = EDGE_CURVE('',#199,#207,#209,.T.);
#207 = VERTEX_POINT('',#208);
#208 = CARTESIAN_POINT('',(105.05,1.732050807569,-0.1));
#209 = LINE('',#210,#211);
#210 = CARTESIAN_POINT('',(106.05,0.,-0.1));
#211 = VECTOR('',#212,1.);
#212 = DIRECTION('',(-0.5,0.866025403784,0.));
#213 = ORIENTED_EDGE('',*,*,#214,.T.);
#214 = EDGE_CURVE('',#207,#173,#215,.T.);
#215 = LINE('',#216,#217);
#216 = CARTESIAN_POINT('',(105.05,1.732050807569,-0.1));
#217 = VECTOR('',#218,1.);
#218 = DIRECTION('',(-1.,0.,0.));
#219 = FACE_BOUND('',#220,.T.);
#220 = EDGE_LOOP('',(#221,#231,#239,#247,#255,#263));
#221 = ORIENTED_EDGE('',*,*,#222,.F.);
#222 = EDGE_CURVE('',#223,#225,#227,.T.);
#223 = VERTEX_POINT('',#224);
#224 = CARTESIAN_POINT('',(35.25,-43.7,-0.1));
#225 = VERTEX_POINT('',#226);
#226 = CARTESIAN_POINT('',(34.25,-45.43205080756,-0.1));
#227 = LINE('',#228,#229);
#228 = CARTESIAN_POINT('',(35.25,-43.7,-0.1));
#229 = VECTOR('',#230,1.);
#230 = DIRECTION('',(-0.5,-0.866025403784,0.));
#231 = ORIENTED_EDGE('',*,*,#232,.F.);
#232 = EDGE_CURVE('',#233,#223,#235,.T.);
#233 = VERTEX_POINT('',#234);
#234 = CARTESIAN_POINT('',(34.25,-41.96794919243,-0.1));
#235 = LINE('',#236,#237);
#236 = CARTESIAN_POINT('',(34.25,-41.96794919243,-0.1));
#237 = VECTOR('',#238,1.);
#238 = DIRECTION('',(0.5,-0.866025403784,0.));
#239 = ORIENTED_EDGE('',*,*,#240,.F.);
#240 = EDGE_CURVE('',#241,#233,#243,.T.);
#241 = VERTEX_POINT('',#242);
#242 = CARTESIAN_POINT('',(32.25,-41.96794919243,-0.1));
#243 = LINE('',#244,#245);
#244 = CARTESIAN_POINT('',(32.25,-41.96794919243,-0.1));
#245 = VECTOR('',#246,1.);
#246 = DIRECTION('',(1.,0.,0.));
#247 = ORIENTED_EDGE('',*,*,#248,.F.);
#248 = EDGE_CURVE('',#249,#241,#251,.T.);
#249 = VERTEX_POINT('',#250);
#250 = CARTESIAN_POINT('',(31.25,-43.7,-0.1));
#251 = LINE('',#252,#253);
#252 = CARTESIAN_POINT('',(31.25,-43.7,-0.1));
#253 = VECTOR('',#254,1.);
#254 = DIRECTION('',(0.5,0.866025403784,0.));
#255 = ORIENTED_EDGE('',*,*,#256,.F.);
#256 = EDGE_CURVE('',#257,#249,#259,.T.);
#257 = VERTEX_POINT('',#258);
#258 = CARTESIAN_POINT('',(32.25,-45.43205080756,-0.1));
#259 = LINE('',#260,#261);
#260 = CARTESIAN_POINT('',(32.25,-45.43205080756,-0.1));
#261 = VECTOR('',#262,1.);
#262 = DIRECTION('',(-0.5,0.866025403784,0.));
#263 = ORIENTED_EDGE('',*,*,#264,.F.);
#264 = EDGE_CURVE('',#225,#257,#265,.T.);
#265 = LINE('',#266,#267);
#266 = CARTESIAN_POINT('',(34.25,-45.43205080756,-0.1));
#267 = VECTOR('',#268,1.);
#268 = DIRECTION('',(-1.,0.,0.));
#269 = FACE_BOUND('',#270,.T.);
#270 = EDGE_LOOP('',(#271,#281,#289,#297,#305,#313));
#271 = ORIENTED_EDGE('',*,*,#272,.F.);
#272 = EDGE_CURVE('',#273,#275,#277,.T.);
#273 = VERTEX_POINT('',#274);
#274 = CARTESIAN_POINT('',(164.75,43.7,-0.1));
#275 = VERTEX_POINT('',#276);
#276 = CARTESIAN_POINT('',(165.75,45.432050807569,-0.1));
#277 = LINE('',#278,#279);
#278 = CARTESIAN_POINT('',(164.75,43.7,-0.1));
#279 = VECTOR('',#280,1.);
#280 = DIRECTION('',(0.5,0.866025403784,0.));
#281 = ORIENTED_EDGE('',*,*,#282,.F.);
#282 = EDGE_CURVE('',#283,#273,#285,.T.);
#283 = VERTEX_POINT('',#284);
#284 = CARTESIAN_POINT('',(165.75,41.967949192431,-0.1));
#285 = LINE('',#286,#287);
#286 = CARTESIAN_POINT('',(165.75,41.967949192431,-0.1));
#287 = VECTOR('',#288,1.);
#288 = DIRECTION('',(-0.5,0.866025403784,0.));
#289 = ORIENTED_EDGE('',*,*,#290,.F.);
#290 = EDGE_CURVE('',#291,#283,#293,.T.);
#291 = VERTEX_POINT('',#292);
#292 = CARTESIAN_POINT('',(167.75,41.967949192431,-0.1));
#293 = LINE('',#294,#295);
#294 = CARTESIAN_POINT('',(167.75,41.967949192431,-0.1));
#295 = VECTOR('',#296,1.);
#296 = DIRECTION('',(-1.,0.,0.));
#297 = ORIENTED_EDGE('',*,*,#298,.F.);
#298 = EDGE_CURVE('',#299,#291,#301,.T.);
#299 = VERTEX_POINT('',#300);
#300 = CARTESIAN_POINT('',(168.75,43.7,-0.1));
#301 = LINE('',#302,#303);
#302 = CARTESIAN_POINT('',(168.75,43.7,-0.1));
#303 = VECTOR('',#304,1.);
#304 = DIRECTION('',(-0.5,-0.866025403784,0.));
#305 = ORIENTED_EDGE('',*,*,#306,.F.);
#306 = EDGE_CURVE('',#307,#299,#309,.T.);
#307 = VERTEX_POINT('',#308);
#308 = CARTESIAN_POINT('',(167.75,45.432050807569,-0.1));
#309 = LINE('',#310,#311);
#310 = CARTESIAN_POINT('',(167.75,45.432050807569,-0.1));
#311 = VECTOR('',#312,1.);
#312 = DIRECTION('',(0.5,-0.866025403784,0.));
#313 = ORIENTED_EDGE('',*,*,#314,.F.);
#314 = EDGE_CURVE('',#275,#307,#315,.T.);
#315 = LINE('',#316,#317);
#316 = CARTESIAN_POINT('',(165.75,45.432050807569,-0.1));
#317 = VECTOR('',#318,1.);
#318 = DIRECTION('',(1.,0.,0.));
#319 = FACE_BOUND('',#320,.T.);
#320 = EDGE_LOOP('',(#321,#331,#339,#347,#355,#363));
#321 = ORIENTED_EDGE('',*,*,#322,.T.);
#322 = EDGE_CURVE('',#323,#325,#327,.T.);
#323 = VERTEX_POINT('',#324);
#324 = CARTESIAN_POINT('',(34.25,41.967949192431,-0.1));
#325 = VERTEX_POINT('',#326);
#326 = CARTESIAN_POINT('',(35.25,43.7,-0.1));
#327 = LINE('',#328,#329);
#328 = CARTESIAN_POINT('',(34.25,41.967949192431,-0.1));
#329 = VECTOR('',#330,1.);
#330 = DIRECTION('',(0.5,0.866025403784,0.));
#331 = ORIENTED_EDGE('',*,*,#332,.T.);
#332 = EDGE_CURVE('',#325,#333,#335,.T.);
#333 = VERTEX_POINT('',#334);
#334 = CARTESIAN_POINT('',(34.25,45.432050807569,-0.1));
#335 = LINE('',#336,#337);
#336 = CARTESIAN_POINT('',(35.25,43.7,-0.1));
#337 = VECTOR('',#338,1.);
#338 = DIRECTION('',(-0.5,0.866025403784,0.));
#339 = ORIENTED_EDGE('',*,*,#340,.T.);
#340 = EDGE_CURVE('',#333,#341,#343,.T.);
#341 = VERTEX_POINT('',#342);
#342 = CARTESIAN_POINT('',(32.25,45.432050807569,-0.1));
#343 = LINE('',#344,#345);
#344 = CARTESIAN_POINT('',(34.25,45.432050807569,-0.1));
#345 = VECTOR('',#346,1.);
#346 = DIRECTION('',(-1.,0.,0.));
#347 = ORIENTED_EDGE('',*,*,#348,.T.);
#348 = EDGE_CURVE('',#341,#349,#351,.T.);
#349 = VERTEX_POINT('',#350);
#350 = CARTESIAN_POINT('',(31.25,43.7,-0.1));
#351 = LINE('',#352,#353);
#352 = CARTESIAN_POINT('',(32.25,45.432050807569,-0.1));
#353 = VECTOR('',#354,1.);
#354 = DIRECTION('',(-0.5,-0.866025403784,0.));
#355 = ORIENTED_EDGE('',*,*,#356,.T.);
#356 = EDGE_CURVE('',#349,#357,#359,.T.);
#357 = VERTEX_POINT('',#358);
#358 = CARTESIAN_POINT('',(32.25,41.967949192431,-0.1));
#359 = LINE('',#360,#361);
#360 = CARTESIAN_POINT('',(31.25,43.7,-0.1));
#361 = VECTOR('',#362,1.);
#362 = DIRECTION('',(0.5,-0.866025403784,0.));
#363 = ORIENTED_EDGE('',*,*,#364,.T.);
#364 = EDGE_CURVE('',#357,#323,#365,.T.);
#365 = LINE('',#366,#367);
#366 = CARTESIAN_POINT('',(32.25,41.967949192431,-0.1));
#367 = VECTOR('',#368,1.);
#368 = DIRECTION('',(1.,0.,0.));
#369 = PLANE('',#370);
#370 = AXIS2_PLACEMENT_3D('',#371,#372,#373);
#371 = CARTESIAN_POINT('',(100.,-42.5,-0.1));
#372 = DIRECTION('',(0.,0.,1.));
#373 = DIRECTION('',(1.,0.,0.));
#374 = ADVANCED_FACE('',(#375),#394,.T.);
#375 = FACE_BOUND('',#376,.T.);
#376 = EDGE_LOOP('',(#377,#378,#386,#393));
#377 = ORIENTED_EDGE('',*,*,#71,.T.);
#378 = ORIENTED_EDGE('',*,*,#379,.T.);
#379 = EDGE_CURVE('',#64,#380,#382,.T.);
#380 = VERTEX_POINT('',#381);
#381 = CARTESIAN_POINT('',(30.,45.15,10.5));
#382 = LINE('',#383,#384);
#383 = CARTESIAN_POINT('',(30.,45.15,-0.1));
#384 = VECTOR('',#385,1.);
#385 = DIRECTION('',(0.,0.,1.));
#386 = ORIENTED_EDGE('',*,*,#387,.F.);
#387 = EDGE_CURVE('',#32,#380,#388,.T.);
#388 = CIRCLE('',#389,1.8);
#389 = AXIS2_PLACEMENT_3D('',#390,#391,#392);
#390 = CARTESIAN_POINT('',(31.8,45.15,10.5));
#391 = DIRECTION('',(-0.,0.,1.));
#392 = DIRECTION('',(0.,-1.,0.));
#393 = ORIENTED_EDGE('',*,*,#31,.F.);
#394 = CYLINDRICAL_SURFACE('',#395,1.8);
#395 = AXIS2_PLACEMENT_3D('',#396,#397,#398);
#396 = CARTESIAN_POINT('',(31.8,45.15,-0.1));
#397 = DIRECTION('',(0.,0.,1.));
#398 = DIRECTION('',(0.,1.,0.));
#399 = ADVANCED_FACE('',(#400),#419,.T.);
#400 = FACE_BOUND('',#401,.F.);
#401 = EDGE_LOOP('',(#402,#403,#411,#418));
#402 = ORIENTED_EDGE('',*,*,#79,.T.);
#403 = ORIENTED_EDGE('',*,*,#404,.T.);
#404 = EDGE_CURVE('',#80,#405,#407,.T.);
#405 = VERTEX_POINT('',#406);
#406 = CARTESIAN_POINT('',(170.,45.15,10.5));
#407 = LINE('',#408,#409);
#408 = CARTESIAN_POINT('',(170.,45.15,-0.1));
#409 = VECTOR('',#410,1.);
#410 = DIRECTION('',(0.,0.,1.));
#411 = ORIENTED_EDGE('',*,*,#412,.F.);
#412 = EDGE_CURVE('',#40,#405,#413,.T.);
#413 = CIRCLE('',#414,1.8);
#414 = AXIS2_PLACEMENT_3D('',#415,#416,#417);
#415 = CARTESIAN_POINT('',(168.2,45.15,10.5));
#416 = DIRECTION('',(-0.,-0.,-1.));
#417 = DIRECTION('',(0.,-1.,0.));
#418 = ORIENTED_EDGE('',*,*,#47,.F.);
#419 = CYLINDRICAL_SURFACE('',#420,1.8);
#420 = AXIS2_PLACEMENT_3D('',#421,#422,#423);
#421 = CARTESIAN_POINT('',(168.2,45.15,-0.1));
#422 = DIRECTION('',(0.,0.,1.));
#423 = DIRECTION('',(0.,1.,0.));
#424 = ADVANCED_FACE('',(#425,#516,#527,#538,#549),#560,.T.);
#425 = FACE_BOUND('',#426,.F.);
#426 = EDGE_LOOP('',(#427,#435,#443,#451,#459,#467,#475,#483,#491,#499,
    #507,#513,#514,#515));
#427 = ORIENTED_EDGE('',*,*,#428,.T.);
#428 = EDGE_CURVE('',#405,#429,#431,.T.);
#429 = VERTEX_POINT('',#430);
#430 = CARTESIAN_POINT('',(170.,-46.95,10.5));
#431 = LINE('',#432,#433);
#432 = CARTESIAN_POINT('',(170.,46.95,10.5));
#433 = VECTOR('',#434,1.);
#434 = DIRECTION('',(-0.,-1.,-0.));
#435 = ORIENTED_EDGE('',*,*,#436,.T.);
#436 = EDGE_CURVE('',#429,#437,#439,.T.);
#437 = VERTEX_POINT('',#438);
#438 = CARTESIAN_POINT('',(30.,-46.95,10.5));
#439 = LINE('',#440,#441);
#440 = CARTESIAN_POINT('',(170.,-46.95,10.5));
#441 = VECTOR('',#442,1.);
#442 = DIRECTION('',(-1.,-0.,-0.));
#443 = ORIENTED_EDGE('',*,*,#444,.T.);
#444 = EDGE_CURVE('',#437,#445,#447,.T.);
#445 = VERTEX_POINT('',#446);
#446 = CARTESIAN_POINT('',(30.,-36.59957624075,10.5));
#447 = LINE('',#448,#449);
#448 = CARTESIAN_POINT('',(30.,-46.95,10.5));
#449 = VECTOR('',#450,1.);
#450 = DIRECTION('',(0.,1.,0.));
#451 = ORIENTED_EDGE('',*,*,#452,.F.);
#452 = EDGE_CURVE('',#453,#445,#455,.T.);
#453 = VERTEX_POINT('',#454);
#454 = CARTESIAN_POINT('',(35.4,-36.59957624075,10.5));
#455 = LINE('',#456,#457);
#456 = CARTESIAN_POINT('',(30.,-36.59957624075,10.5));
#457 = VECTOR('',#458,1.);
#458 = DIRECTION('',(-1.,-0.,-0.));
#459 = ORIENTED_EDGE('',*,*,#460,.T.);
#460 = EDGE_CURVE('',#453,#461,#463,.T.);
#461 = VERTEX_POINT('',#462);
#462 = CARTESIAN_POINT('',(35.4,-41.55,10.5));
#463 = LINE('',#464,#465);
#464 = CARTESIAN_POINT('',(35.4,-20.775,10.5));
#465 = VECTOR('',#466,1.);
#466 = DIRECTION('',(-0.,-1.,-0.));
#467 = ORIENTED_EDGE('',*,*,#468,.T.);
#468 = EDGE_CURVE('',#461,#469,#471,.T.);
#469 = VERTEX_POINT('',#470);
#470 = CARTESIAN_POINT('',(164.6,-41.55,10.5));
#471 = LINE('',#472,#473);
#472 = CARTESIAN_POINT('',(132.3,-41.55,10.5));
#473 = VECTOR('',#474,1.);
#474 = DIRECTION('',(1.,0.,0.));
#475 = ORIENTED_EDGE('',*,*,#476,.T.);
#476 = EDGE_CURVE('',#469,#477,#479,.T.);
#477 = VERTEX_POINT('',#478);
#478 = CARTESIAN_POINT('',(164.6,41.55,10.5));
#479 = LINE('',#480,#481);
#480 = CARTESIAN_POINT('',(164.6,20.775,10.5));
#481 = VECTOR('',#482,1.);
#482 = DIRECTION('',(0.,1.,0.));
#483 = ORIENTED_EDGE('',*,*,#484,.T.);
#484 = EDGE_CURVE('',#477,#485,#487,.T.);
#485 = VERTEX_POINT('',#486);
#486 = CARTESIAN_POINT('',(35.4,41.55,10.5));
#487 = LINE('',#488,#489);
#488 = CARTESIAN_POINT('',(67.7,41.55,10.5));
#489 = VECTOR('',#490,1.);
#490 = DIRECTION('',(-1.,-0.,-0.));
#491 = ORIENTED_EDGE('',*,*,#492,.T.);
#492 = EDGE_CURVE('',#485,#493,#495,.T.);
#493 = VERTEX_POINT('',#494);
#494 = CARTESIAN_POINT('',(35.4,-30.70042375925,10.5));
#495 = LINE('',#496,#497);
#496 = CARTESIAN_POINT('',(35.4,-20.775,10.5));
#497 = VECTOR('',#498,1.);
#498 = DIRECTION('',(-0.,-1.,-0.));
#499 = ORIENTED_EDGE('',*,*,#500,.T.);
#500 = EDGE_CURVE('',#493,#501,#503,.T.);
#501 = VERTEX_POINT('',#502);
#502 = CARTESIAN_POINT('',(30.,-30.70042375925,10.5));
#503 = LINE('',#504,#505);
#504 = CARTESIAN_POINT('',(30.,-30.70042375924,10.5));
#505 = VECTOR('',#506,1.);
#506 = DIRECTION('',(-1.,-0.,-0.));
#507 = ORIENTED_EDGE('',*,*,#508,.T.);
#508 = EDGE_CURVE('',#501,#380,#509,.T.);
#509 = LINE('',#510,#511);
#510 = CARTESIAN_POINT('',(30.,-46.95,10.5));
#511 = VECTOR('',#512,1.);
#512 = DIRECTION('',(0.,1.,0.));
#513 = ORIENTED_EDGE('',*,*,#387,.F.);
#514 = ORIENTED_EDGE('',*,*,#39,.T.);
#515 = ORIENTED_EDGE('',*,*,#412,.T.);
#516 = FACE_BOUND('',#517,.F.);
#517 = EDGE_LOOP('',(#518));
#518 = ORIENTED_EDGE('',*,*,#519,.F.);
#519 = EDGE_CURVE('',#520,#520,#522,.T.);
#520 = VERTEX_POINT('',#521);
#521 = CARTESIAN_POINT('',(165.7,-43.7,10.5));
#522 = CIRCLE('',#523,1.05);
#523 = AXIS2_PLACEMENT_3D('',#524,#525,#526);
#524 = CARTESIAN_POINT('',(166.75,-43.7,10.5));
#525 = DIRECTION('',(0.,0.,-1.));
#526 = DIRECTION('',(-1.,-0.,-0.));
#527 = FACE_BOUND('',#528,.F.);
#528 = EDGE_LOOP('',(#529));
#529 = ORIENTED_EDGE('',*,*,#530,.F.);
#530 = EDGE_CURVE('',#531,#531,#533,.T.);
#531 = VERTEX_POINT('',#532);
#532 = CARTESIAN_POINT('',(32.2,-43.7,10.5));
#533 = CIRCLE('',#534,1.05);
#534 = AXIS2_PLACEMENT_3D('',#535,#536,#537);
#535 = CARTESIAN_POINT('',(33.25,-43.7,10.5));
#536 = DIRECTION('',(0.,0.,-1.));
#537 = DIRECTION('',(-1.,-0.,-0.));
#538 = FACE_BOUND('',#539,.F.);
#539 = EDGE_LOOP('',(#540));
#540 = ORIENTED_EDGE('',*,*,#541,.F.);
#541 = EDGE_CURVE('',#542,#542,#544,.T.);
#542 = VERTEX_POINT('',#543);
#543 = CARTESIAN_POINT('',(165.7,43.7,10.5));
#544 = CIRCLE('',#545,1.05);
#545 = AXIS2_PLACEMENT_3D('',#546,#547,#548);
#546 = CARTESIAN_POINT('',(166.75,43.7,10.5));
#547 = DIRECTION('',(0.,0.,-1.));
#548 = DIRECTION('',(-1.,-0.,-0.));
#549 = FACE_BOUND('',#550,.F.);
#550 = EDGE_LOOP('',(#551));
#551 = ORIENTED_EDGE('',*,*,#552,.F.);
#552 = EDGE_CURVE('',#553,#553,#555,.T.);
#553 = VERTEX_POINT('',#554);
#554 = CARTESIAN_POINT('',(32.2,43.7,10.5));
#555 = CIRCLE('',#556,1.05);
#556 = AXIS2_PLACEMENT_3D('',#557,#558,#559);
#557 = CARTESIAN_POINT('',(33.25,43.7,10.5));
#558 = DIRECTION('',(0.,0.,-1.));
#559 = DIRECTION('',(-1.,-0.,-0.));
#560 = PLANE('',#561);
#561 = AXIS2_PLACEMENT_3D('',#562,#563,#564);
#562 = CARTESIAN_POINT('',(100.,0.,10.5));
#563 = DIRECTION('',(0.,0.,1.));
#564 = DIRECTION('',(1.,0.,0.));
#565 = ADVANCED_FACE('',(#566),#610,.T.);
#566 = FACE_BOUND('',#567,.F.);
#567 = EDGE_LOOP('',(#568,#576,#584,#590,#591,#592,#593,#602,#609));
#568 = ORIENTED_EDGE('',*,*,#569,.F.);
#569 = EDGE_CURVE('',#570,#437,#572,.T.);
#570 = VERTEX_POINT('',#571);
#571 = CARTESIAN_POINT('',(30.,-46.95,11.7));
#572 = LINE('',#573,#574);
#573 = CARTESIAN_POINT('',(30.,-46.95,13.5));
#574 = VECTOR('',#575,1.);
#575 = DIRECTION('',(0.,0.,-1.));
#576 = ORIENTED_EDGE('',*,*,#577,.T.);
#577 = EDGE_CURVE('',#570,#578,#580,.T.);
#578 = VERTEX_POINT('',#579);
#579 = CARTESIAN_POINT('',(30.,-130.15,11.7));
#580 = LINE('',#581,#582);
#581 = CARTESIAN_POINT('',(30.,-46.95,11.7));
#582 = VECTOR('',#583,1.);
#583 = DIRECTION('',(-0.,-1.,-0.));
#584 = ORIENTED_EDGE('',*,*,#585,.F.);
#585 = EDGE_CURVE('',#62,#578,#586,.T.);
#586 = LINE('',#587,#588);
#587 = CARTESIAN_POINT('',(30.,-130.15,-0.1));
#588 = VECTOR('',#589,1.);
#589 = DIRECTION('',(0.,0.,1.));
#590 = ORIENTED_EDGE('',*,*,#61,.T.);
#591 = ORIENTED_EDGE('',*,*,#379,.T.);
#592 = ORIENTED_EDGE('',*,*,#508,.F.);
#593 = ORIENTED_EDGE('',*,*,#594,.F.);
#594 = EDGE_CURVE('',#595,#501,#597,.T.);
#595 = VERTEX_POINT('',#596);
#596 = CARTESIAN_POINT('',(30.,-28.8,6.65));
#597 = CIRCLE('',#598,4.85);
#598 = AXIS2_PLACEMENT_3D('',#599,#600,#601);
#599 = CARTESIAN_POINT('',(30.,-33.65,6.65));
#600 = DIRECTION('',(1.,0.,0.));
#601 = DIRECTION('',(0.,1.,0.));
#602 = ORIENTED_EDGE('',*,*,#603,.F.);
#603 = EDGE_CURVE('',#445,#595,#604,.T.);
#604 = CIRCLE('',#605,4.85);
#605 = AXIS2_PLACEMENT_3D('',#606,#607,#608);
#606 = CARTESIAN_POINT('',(30.,-33.65,6.65));
#607 = DIRECTION('',(1.,0.,0.));
#608 = DIRECTION('',(0.,1.,0.));
#609 = ORIENTED_EDGE('',*,*,#444,.F.);
#610 = PLANE('',#611);
#611 = AXIS2_PLACEMENT_3D('',#612,#613,#614);
#612 = CARTESIAN_POINT('',(30.,-42.5,6.7));
#613 = DIRECTION('',(-1.,-0.,-0.));
#614 = DIRECTION('',(-0.,-0.,-1.));
#615 = ADVANCED_FACE('',(#616),#635,.T.);
#616 = FACE_BOUND('',#617,.T.);
#617 = EDGE_LOOP('',(#618,#619,#627,#634));
#618 = ORIENTED_EDGE('',*,*,#113,.T.);
#619 = ORIENTED_EDGE('',*,*,#620,.T.);
#620 = EDGE_CURVE('',#106,#621,#623,.T.);
#621 = VERTEX_POINT('',#622);
#622 = CARTESIAN_POINT('',(31.8,-131.95,11.7));
#623 = LINE('',#624,#625);
#624 = CARTESIAN_POINT('',(31.8,-131.95,-0.1));
#625 = VECTOR('',#626,1.);
#626 = DIRECTION('',(0.,0.,1.));
#627 = ORIENTED_EDGE('',*,*,#628,.F.);
#628 = EDGE_CURVE('',#578,#621,#629,.T.);
#629 = CIRCLE('',#630,1.8);
#630 = AXIS2_PLACEMENT_3D('',#631,#632,#633);
#631 = CARTESIAN_POINT('',(31.8,-130.15,11.7));
#632 = DIRECTION('',(-0.,6.E-17,1.));
#633 = DIRECTION('',(0.,-1.,6.E-17));
#634 = ORIENTED_EDGE('',*,*,#585,.F.);
#635 = CYLINDRICAL_SURFACE('',#636,1.8);
#636 = AXIS2_PLACEMENT_3D('',#637,#638,#639);
#637 = CARTESIAN_POINT('',(31.8,-130.15,-0.1));
#638 = DIRECTION('',(0.,0.,1.));
#639 = DIRECTION('',(-1.,0.,0.));
#640 = ADVANCED_FACE('',(#641),#659,.F.);
#641 = FACE_BOUND('',#642,.T.);
#642 = EDGE_LOOP('',(#643,#644,#652,#658));
#643 = ORIENTED_EDGE('',*,*,#105,.F.);
#644 = ORIENTED_EDGE('',*,*,#645,.T.);
#645 = EDGE_CURVE('',#97,#646,#648,.T.);
#646 = VERTEX_POINT('',#647);
#647 = CARTESIAN_POINT('',(168.2,-131.95,11.7));
#648 = LINE('',#649,#650);
#649 = CARTESIAN_POINT('',(168.2,-131.95,-0.1));
#650 = VECTOR('',#651,1.);
#651 = DIRECTION('',(0.,0.,1.));
#652 = ORIENTED_EDGE('',*,*,#653,.T.);
#653 = EDGE_CURVE('',#646,#621,#654,.T.);
#654 = LINE('',#655,#656);
#655 = CARTESIAN_POINT('',(170.,-131.95,11.7));
#656 = VECTOR('',#657,1.);
#657 = DIRECTION('',(-1.,-0.,-0.));
#658 = ORIENTED_EDGE('',*,*,#620,.F.);
#659 = PLANE('',#660);
#660 = AXIS2_PLACEMENT_3D('',#661,#662,#663);
#661 = CARTESIAN_POINT('',(170.,-131.95,-0.1));
#662 = DIRECTION('',(0.,1.,0.));
#663 = DIRECTION('',(1.,0.,0.));
#664 = ADVANCED_FACE('',(#665),#684,.T.);
#665 = FACE_BOUND('',#666,.F.);
#666 = EDGE_LOOP('',(#667,#668,#669,#678));
#667 = ORIENTED_EDGE('',*,*,#96,.T.);
#668 = ORIENTED_EDGE('',*,*,#645,.T.);
#669 = ORIENTED_EDGE('',*,*,#670,.T.);
#670 = EDGE_CURVE('',#646,#671,#673,.T.);
#671 = VERTEX_POINT('',#672);
#672 = CARTESIAN_POINT('',(170.,-130.15,11.7));
#673 = CIRCLE('',#674,1.8);
#674 = AXIS2_PLACEMENT_3D('',#675,#676,#677);
#675 = CARTESIAN_POINT('',(168.2,-130.15,11.7));
#676 = DIRECTION('',(-6.E-17,0.,1.));
#677 = DIRECTION('',(1.,0.,6.E-17));
#678 = ORIENTED_EDGE('',*,*,#679,.F.);
#679 = EDGE_CURVE('',#89,#671,#680,.T.);
#680 = LINE('',#681,#682);
#681 = CARTESIAN_POINT('',(170.,-130.15,-0.1));
#682 = VECTOR('',#683,1.);
#683 = DIRECTION('',(0.,0.,1.));
#684 = CYLINDRICAL_SURFACE('',#685,1.8);
#685 = AXIS2_PLACEMENT_3D('',#686,#687,#688);
#686 = CARTESIAN_POINT('',(168.2,-130.15,-0.1));
#687 = DIRECTION('',(0.,0.,1.));
#688 = DIRECTION('',(1.,0.,0.));
#689 = ADVANCED_FACE('',(#690),#710,.T.);
#690 = FACE_BOUND('',#691,.F.);
#691 = EDGE_LOOP('',(#692,#693,#694,#695,#696,#704));
#692 = ORIENTED_EDGE('',*,*,#428,.F.);
#693 = ORIENTED_EDGE('',*,*,#404,.F.);
#694 = ORIENTED_EDGE('',*,*,#88,.T.);
#695 = ORIENTED_EDGE('',*,*,#679,.T.);
#696 = ORIENTED_EDGE('',*,*,#697,.F.);
#697 = EDGE_CURVE('',#698,#671,#700,.T.);
#698 = VERTEX_POINT('',#699);
#699 = CARTESIAN_POINT('',(170.,-46.95,11.7));
#700 = LINE('',#701,#702);
#701 = CARTESIAN_POINT('',(170.,-46.95,11.7));
#702 = VECTOR('',#703,1.);
#703 = DIRECTION('',(-0.,-1.,-0.));
#704 = ORIENTED_EDGE('',*,*,#705,.T.);
#705 = EDGE_CURVE('',#698,#429,#706,.T.);
#706 = LINE('',#707,#708);
#707 = CARTESIAN_POINT('',(170.,-46.95,13.5));
#708 = VECTOR('',#709,1.);
#709 = DIRECTION('',(0.,0.,-1.));
#710 = PLANE('',#711);
#711 = AXIS2_PLACEMENT_3D('',#712,#713,#714);
#712 = CARTESIAN_POINT('',(170.,-42.5,6.7));
#713 = DIRECTION('',(1.,0.,0.));
#714 = DIRECTION('',(0.,0.,1.));
#715 = ADVANCED_FACE('',(#716),#741,.F.);
#716 = FACE_BOUND('',#717,.T.);
#717 = EDGE_LOOP('',(#718,#726,#734,#740));
#718 = ORIENTED_EDGE('',*,*,#719,.T.);
#719 = EDGE_CURVE('',#123,#720,#722,.T.);
#720 = VERTEX_POINT('',#721);
#721 = CARTESIAN_POINT('',(165.75,-41.96794919243,1.5));
#722 = LINE('',#723,#724);
#723 = CARTESIAN_POINT('',(165.75,-41.96794919243,-0.1));
#724 = VECTOR('',#725,1.);
#725 = DIRECTION('',(0.,0.,1.));
#726 = ORIENTED_EDGE('',*,*,#727,.T.);
#727 = EDGE_CURVE('',#720,#728,#730,.T.);
#728 = VERTEX_POINT('',#729);
#729 = CARTESIAN_POINT('',(164.75,-43.7,1.5));
#730 = LINE('',#731,#732);
#731 = CARTESIAN_POINT('',(165.75,-41.96794919243,1.5));
#732 = VECTOR('',#733,1.);
#733 = DIRECTION('',(-0.5,-0.866025403784,0.));
#734 = ORIENTED_EDGE('',*,*,#735,.F.);
#735 = EDGE_CURVE('',#125,#728,#736,.T.);
#736 = LINE('',#737,#738);
#737 = CARTESIAN_POINT('',(164.75,-43.7,-0.1));
#738 = VECTOR('',#739,1.);
#739 = DIRECTION('',(0.,0.,1.));
#740 = ORIENTED_EDGE('',*,*,#122,.F.);
#741 = PLANE('',#742);
#742 = AXIS2_PLACEMENT_3D('',#743,#744,#745);
#743 = CARTESIAN_POINT('',(165.75,-41.96794919243,-0.1));
#744 = DIRECTION('',(-0.866025403784,0.5,0.));
#745 = DIRECTION('',(0.5,0.866025403784,0.));
#746 = ADVANCED_FACE('',(#747),#765,.F.);
#747 = FACE_BOUND('',#748,.T.);
#748 = EDGE_LOOP('',(#749,#757,#763,#764));
#749 = ORIENTED_EDGE('',*,*,#750,.T.);
#750 = EDGE_CURVE('',#157,#751,#753,.T.);
#751 = VERTEX_POINT('',#752);
#752 = CARTESIAN_POINT('',(167.75,-41.96794919243,1.5));
#753 = LINE('',#754,#755);
#754 = CARTESIAN_POINT('',(167.75,-41.96794919243,-0.1));
#755 = VECTOR('',#756,1.);
#756 = DIRECTION('',(0.,0.,1.));
#757 = ORIENTED_EDGE('',*,*,#758,.T.);
#758 = EDGE_CURVE('',#751,#720,#759,.T.);
#759 = LINE('',#760,#761);
#760 = CARTESIAN_POINT('',(167.75,-41.96794919243,1.5));
#761 = VECTOR('',#762,1.);
#762 = DIRECTION('',(-1.,0.,0.));
#763 = ORIENTED_EDGE('',*,*,#719,.F.);
#764 = ORIENTED_EDGE('',*,*,#164,.F.);
#765 = PLANE('',#766);
#766 = AXIS2_PLACEMENT_3D('',#767,#768,#769);
#767 = CARTESIAN_POINT('',(167.75,-41.96794919243,-0.1));
#768 = DIRECTION('',(0.,1.,0.));
#769 = DIRECTION('',(1.,0.,0.));
#770 = ADVANCED_FACE('',(#771),#789,.F.);
#771 = FACE_BOUND('',#772,.T.);
#772 = EDGE_LOOP('',(#773,#781,#787,#788));
#773 = ORIENTED_EDGE('',*,*,#774,.T.);
#774 = EDGE_CURVE('',#149,#775,#777,.T.);
#775 = VERTEX_POINT('',#776);
#776 = CARTESIAN_POINT('',(168.75,-43.7,1.5));
#777 = LINE('',#778,#779);
#778 = CARTESIAN_POINT('',(168.75,-43.7,-0.1));
#779 = VECTOR('',#780,1.);
#780 = DIRECTION('',(0.,0.,1.));
#781 = ORIENTED_EDGE('',*,*,#782,.T.);
#782 = EDGE_CURVE('',#775,#751,#783,.T.);
#783 = LINE('',#784,#785);
#784 = CARTESIAN_POINT('',(168.75,-43.7,1.5));
#785 = VECTOR('',#786,1.);
#786 = DIRECTION('',(-0.5,0.866025403784,0.));
#787 = ORIENTED_EDGE('',*,*,#750,.F.);
#788 = ORIENTED_EDGE('',*,*,#156,.F.);
#789 = PLANE('',#790);
#790 = AXIS2_PLACEMENT_3D('',#791,#792,#793);
#791 = CARTESIAN_POINT('',(168.75,-43.7,-0.1));
#792 = DIRECTION('',(0.866025403784,0.5,0.));
#793 = DIRECTION('',(0.5,-0.866025403784,0.));
#794 = ADVANCED_FACE('',(#795),#813,.F.);
#795 = FACE_BOUND('',#796,.T.);
#796 = EDGE_LOOP('',(#797,#805,#811,#812));
#797 = ORIENTED_EDGE('',*,*,#798,.T.);
#798 = EDGE_CURVE('',#141,#799,#801,.T.);
#799 = VERTEX_POINT('',#800);
#800 = CARTESIAN_POINT('',(167.75,-45.43205080756,1.5));
#801 = LINE('',#802,#803);
#802 = CARTESIAN_POINT('',(167.75,-45.43205080756,-0.1));
#803 = VECTOR('',#804,1.);
#804 = DIRECTION('',(0.,0.,1.));
#805 = ORIENTED_EDGE('',*,*,#806,.T.);
#806 = EDGE_CURVE('',#799,#775,#807,.T.);
#807 = LINE('',#808,#809);
#808 = CARTESIAN_POINT('',(167.75,-45.43205080756,1.5));
#809 = VECTOR('',#810,1.);
#810 = DIRECTION('',(0.5,0.866025403784,0.));
#811 = ORIENTED_EDGE('',*,*,#774,.F.);
#812 = ORIENTED_EDGE('',*,*,#148,.F.);
#813 = PLANE('',#814);
#814 = AXIS2_PLACEMENT_3D('',#815,#816,#817);
#815 = CARTESIAN_POINT('',(167.75,-45.43205080756,-0.1));
#816 = DIRECTION('',(0.866025403784,-0.5,0.));
#817 = DIRECTION('',(-0.5,-0.866025403784,-0.));
#818 = ADVANCED_FACE('',(#819),#837,.F.);
#819 = FACE_BOUND('',#820,.T.);
#820 = EDGE_LOOP('',(#821,#829,#835,#836));
#821 = ORIENTED_EDGE('',*,*,#822,.T.);
#822 = EDGE_CURVE('',#133,#823,#825,.T.);
#823 = VERTEX_POINT('',#824);
#824 = CARTESIAN_POINT('',(165.75,-45.43205080756,1.5));
#825 = LINE('',#826,#827);
#826 = CARTESIAN_POINT('',(165.75,-45.43205080756,-0.1));
#827 = VECTOR('',#828,1.);
#828 = DIRECTION('',(0.,0.,1.));
#829 = ORIENTED_EDGE('',*,*,#830,.T.);
#830 = EDGE_CURVE('',#823,#799,#831,.T.);
#831 = LINE('',#832,#833);
#832 = CARTESIAN_POINT('',(165.75,-45.43205080756,1.5));
#833 = VECTOR('',#834,1.);
#834 = DIRECTION('',(1.,0.,0.));
#835 = ORIENTED_EDGE('',*,*,#798,.F.);
#836 = ORIENTED_EDGE('',*,*,#140,.F.);
#837 = PLANE('',#838);
#838 = AXIS2_PLACEMENT_3D('',#839,#840,#841);
#839 = CARTESIAN_POINT('',(165.75,-45.43205080756,-0.1));
#840 = DIRECTION('',(-0.,-1.,-0.));
#841 = DIRECTION('',(-1.,-0.,-0.));
#842 = ADVANCED_FACE('',(#843),#854,.F.);
#843 = FACE_BOUND('',#844,.T.);
#844 = EDGE_LOOP('',(#845,#846,#852,#853));
#845 = ORIENTED_EDGE('',*,*,#735,.T.);
#846 = ORIENTED_EDGE('',*,*,#847,.T.);
#847 = EDGE_CURVE('',#728,#823,#848,.T.);
#848 = LINE('',#849,#850);
#849 = CARTESIAN_POINT('',(164.75,-43.7,1.5));
#850 = VECTOR('',#851,1.);
#851 = DIRECTION('',(0.5,-0.866025403784,0.));
#852 = ORIENTED_EDGE('',*,*,#822,.F.);
#853 = ORIENTED_EDGE('',*,*,#132,.F.);
#854 = PLANE('',#855);
#855 = AXIS2_PLACEMENT_3D('',#856,#857,#858);
#856 = CARTESIAN_POINT('',(164.75,-43.7,-0.1));
#857 = DIRECTION('',(-0.866025403784,-0.5,-0.));
#858 = DIRECTION('',(-0.5,0.866025403784,0.));
#859 = ADVANCED_FACE('',(#860),#885,.F.);
#860 = FACE_BOUND('',#861,.T.);
#861 = EDGE_LOOP('',(#862,#870,#878,#884));
#862 = ORIENTED_EDGE('',*,*,#863,.T.);
#863 = EDGE_CURVE('',#173,#864,#866,.T.);
#864 = VERTEX_POINT('',#865);
#865 = CARTESIAN_POINT('',(103.05,1.732050807569,1.5));
#866 = LINE('',#867,#868);
#867 = CARTESIAN_POINT('',(103.05,1.732050807569,-0.1));
#868 = VECTOR('',#869,1.);
#869 = DIRECTION('',(0.,0.,1.));
#870 = ORIENTED_EDGE('',*,*,#871,.T.);
#871 = EDGE_CURVE('',#864,#872,#874,.T.);
#872 = VERTEX_POINT('',#873);
#873 = CARTESIAN_POINT('',(102.05,0.,1.5));
#874 = LINE('',#875,#876);
#875 = CARTESIAN_POINT('',(103.05,1.732050807569,1.5));
#876 = VECTOR('',#877,1.);
#877 = DIRECTION('',(-0.5,-0.866025403784,0.));
#878 = ORIENTED_EDGE('',*,*,#879,.F.);
#879 = EDGE_CURVE('',#175,#872,#880,.T.);
#880 = LINE('',#881,#882);
#881 = CARTESIAN_POINT('',(102.05,0.,-0.1));
#882 = VECTOR('',#883,1.);
#883 = DIRECTION('',(0.,0.,1.));
#884 = ORIENTED_EDGE('',*,*,#172,.F.);
#885 = PLANE('',#886);
#886 = AXIS2_PLACEMENT_3D('',#887,#888,#889);
#887 = CARTESIAN_POINT('',(103.05,1.732050807569,-0.1));
#888 = DIRECTION('',(-0.866025403784,0.5,0.));
#889 = DIRECTION('',(0.5,0.866025403784,0.));
#890 = ADVANCED_FACE('',(#891),#909,.F.);
#891 = FACE_BOUND('',#892,.T.);
#892 = EDGE_LOOP('',(#893,#901,#907,#908));
#893 = ORIENTED_EDGE('',*,*,#894,.T.);
#894 = EDGE_CURVE('',#207,#895,#897,.T.);
#895 = VERTEX_POINT('',#896);
#896 = CARTESIAN_POINT('',(105.05,1.732050807569,1.5));
#897 = LINE('',#898,#899);
#898 = CARTESIAN_POINT('',(105.05,1.732050807569,-0.1));
#899 = VECTOR('',#900,1.);
#900 = DIRECTION('',(0.,0.,1.));
#901 = ORIENTED_EDGE('',*,*,#902,.T.);
#902 = EDGE_CURVE('',#895,#864,#903,.T.);
#903 = LINE('',#904,#905);
#904 = CARTESIAN_POINT('',(105.05,1.732050807569,1.5));
#905 = VECTOR('',#906,1.);
#906 = DIRECTION('',(-1.,0.,0.));
#907 = ORIENTED_EDGE('',*,*,#863,.F.);
#908 = ORIENTED_EDGE('',*,*,#214,.F.);
#909 = PLANE('',#910);
#910 = AXIS2_PLACEMENT_3D('',#911,#912,#913);
#911 = CARTESIAN_POINT('',(105.05,1.732050807569,-0.1));
#912 = DIRECTION('',(0.,1.,0.));
#913 = DIRECTION('',(1.,0.,0.));
#914 = ADVANCED_FACE('',(#915),#933,.F.);
#915 = FACE_BOUND('',#916,.T.);
#916 = EDGE_LOOP('',(#917,#925,#931,#932));
#917 = ORIENTED_EDGE('',*,*,#918,.T.);
#918 = EDGE_CURVE('',#199,#919,#921,.T.);
#919 = VERTEX_POINT('',#920);
#920 = CARTESIAN_POINT('',(106.05,0.,1.5));
#921 = LINE('',#922,#923);
#922 = CARTESIAN_POINT('',(106.05,0.,-0.1));
#923 = VECTOR('',#924,1.);
#924 = DIRECTION('',(0.,0.,1.));
#925 = ORIENTED_EDGE('',*,*,#926,.T.);
#926 = EDGE_CURVE('',#919,#895,#927,.T.);
#927 = LINE('',#928,#929);
#928 = CARTESIAN_POINT('',(106.05,0.,1.5));
#929 = VECTOR('',#930,1.);
#930 = DIRECTION('',(-0.5,0.866025403784,0.));
#931 = ORIENTED_EDGE('',*,*,#894,.F.);
#932 = ORIENTED_EDGE('',*,*,#206,.F.);
#933 = PLANE('',#934);
#934 = AXIS2_PLACEMENT_3D('',#935,#936,#937);
#935 = CARTESIAN_POINT('',(106.05,0.,-0.1));
#936 = DIRECTION('',(0.866025403784,0.5,0.));
#937 = DIRECTION('',(0.5,-0.866025403784,0.));
#938 = ADVANCED_FACE('',(#939),#957,.F.);
#939 = FACE_BOUND('',#940,.T.);
#940 = EDGE_LOOP('',(#941,#949,#955,#956));
#941 = ORIENTED_EDGE('',*,*,#942,.T.);
#942 = EDGE_CURVE('',#191,#943,#945,.T.);
#943 = VERTEX_POINT('',#944);
#944 = CARTESIAN_POINT('',(105.05,-1.732050807569,1.5));
#945 = LINE('',#946,#947);
#946 = CARTESIAN_POINT('',(105.05,-1.732050807569,-0.1));
#947 = VECTOR('',#948,1.);
#948 = DIRECTION('',(0.,0.,1.));
#949 = ORIENTED_EDGE('',*,*,#950,.T.);
#950 = EDGE_CURVE('',#943,#919,#951,.T.);
#951 = LINE('',#952,#953);
#952 = CARTESIAN_POINT('',(105.05,-1.732050807569,1.5));
#953 = VECTOR('',#954,1.);
#954 = DIRECTION('',(0.5,0.866025403784,0.));
#955 = ORIENTED_EDGE('',*,*,#918,.F.);
#956 = ORIENTED_EDGE('',*,*,#198,.F.);
#957 = PLANE('',#958);
#958 = AXIS2_PLACEMENT_3D('',#959,#960,#961);
#959 = CARTESIAN_POINT('',(105.05,-1.732050807569,-0.1));
#960 = DIRECTION('',(0.866025403784,-0.5,0.));
#961 = DIRECTION('',(-0.5,-0.866025403784,-0.));
#962 = ADVANCED_FACE('',(#963),#981,.F.);
#963 = FACE_BOUND('',#964,.T.);
#964 = EDGE_LOOP('',(#965,#973,#979,#980));
#965 = ORIENTED_EDGE('',*,*,#966,.T.);
#966 = EDGE_CURVE('',#183,#967,#969,.T.);
#967 = VERTEX_POINT('',#968);
#968 = CARTESIAN_POINT('',(103.05,-1.732050807569,1.5));
#969 = LINE('',#970,#971);
#970 = CARTESIAN_POINT('',(103.05,-1.732050807569,-0.1));
#971 = VECTOR('',#972,1.);
#972 = DIRECTION('',(0.,0.,1.));
#973 = ORIENTED_EDGE('',*,*,#974,.T.);
#974 = EDGE_CURVE('',#967,#943,#975,.T.);
#975 = LINE('',#976,#977);
#976 = CARTESIAN_POINT('',(103.05,-1.732050807569,1.5));
#977 = VECTOR('',#978,1.);
#978 = DIRECTION('',(1.,0.,0.));
#979 = ORIENTED_EDGE('',*,*,#942,.F.);
#980 = ORIENTED_EDGE('',*,*,#190,.F.);
#981 = PLANE('',#982);
#982 = AXIS2_PLACEMENT_3D('',#983,#984,#985);
#983 = CARTESIAN_POINT('',(103.05,-1.732050807569,-0.1));
#984 = DIRECTION('',(-0.,-1.,-0.));
#985 = DIRECTION('',(-1.,-0.,-0.));
#986 = ADVANCED_FACE('',(#987),#998,.F.);
#987 = FACE_BOUND('',#988,.T.);
#988 = EDGE_LOOP('',(#989,#990,#996,#997));
#989 = ORIENTED_EDGE('',*,*,#879,.T.);
#990 = ORIENTED_EDGE('',*,*,#991,.T.);
#991 = EDGE_CURVE('',#872,#967,#992,.T.);
#992 = LINE('',#993,#994);
#993 = CARTESIAN_POINT('',(102.05,0.,1.5));
#994 = VECTOR('',#995,1.);
#995 = DIRECTION('',(0.5,-0.866025403784,0.));
#996 = ORIENTED_EDGE('',*,*,#966,.F.);
#997 = ORIENTED_EDGE('',*,*,#182,.F.);
#998 = PLANE('',#999);
#999 = AXIS2_PLACEMENT_3D('',#1000,#1001,#1002);
#1000 = CARTESIAN_POINT('',(102.05,0.,-0.1));
#1001 = DIRECTION('',(-0.866025403784,-0.5,-0.));
#1002 = DIRECTION('',(-0.5,0.866025403784,0.));
#1003 = ADVANCED_FACE('',(#1004),#1029,.T.);
#1004 = FACE_BOUND('',#1005,.F.);
#1005 = EDGE_LOOP('',(#1006,#1014,#1022,#1028));
#1006 = ORIENTED_EDGE('',*,*,#1007,.T.);
#1007 = EDGE_CURVE('',#223,#1008,#1010,.T.);
#1008 = VERTEX_POINT('',#1009);
#1009 = CARTESIAN_POINT('',(35.25,-43.7,1.5));
#1010 = LINE('',#1011,#1012);
#1011 = CARTESIAN_POINT('',(35.25,-43.7,-0.1));
#1012 = VECTOR('',#1013,1.);
#1013 = DIRECTION('',(0.,0.,1.));
#1014 = ORIENTED_EDGE('',*,*,#1015,.T.);
#1015 = EDGE_CURVE('',#1008,#1016,#1018,.T.);
#1016 = VERTEX_POINT('',#1017);
#1017 = CARTESIAN_POINT('',(34.25,-45.43205080756,1.5));
#1018 = LINE('',#1019,#1020);
#1019 = CARTESIAN_POINT('',(35.25,-43.7,1.5));
#1020 = VECTOR('',#1021,1.);
#1021 = DIRECTION('',(-0.5,-0.866025403784,0.));
#1022 = ORIENTED_EDGE('',*,*,#1023,.F.);
#1023 = EDGE_CURVE('',#225,#1016,#1024,.T.);
#1024 = LINE('',#1025,#1026);
#1025 = CARTESIAN_POINT('',(34.25,-45.43205080756,-0.1));
#1026 = VECTOR('',#1027,1.);
#1027 = DIRECTION('',(0.,0.,1.));
#1028 = ORIENTED_EDGE('',*,*,#222,.F.);
#1029 = PLANE('',#1030);
#1030 = AXIS2_PLACEMENT_3D('',#1031,#1032,#1033);
#1031 = CARTESIAN_POINT('',(35.25,-43.7,-0.1));
#1032 = DIRECTION('',(-0.866025403784,0.5,0.));
#1033 = DIRECTION('',(0.5,0.866025403784,0.));
#1034 = ADVANCED_FACE('',(#1035),#1053,.T.);
#1035 = FACE_BOUND('',#1036,.F.);
#1036 = EDGE_LOOP('',(#1037,#1038,#1046,#1052));
#1037 = ORIENTED_EDGE('',*,*,#1023,.T.);
#1038 = ORIENTED_EDGE('',*,*,#1039,.T.);
#1039 = EDGE_CURVE('',#1016,#1040,#1042,.T.);
#1040 = VERTEX_POINT('',#1041);
#1041 = CARTESIAN_POINT('',(32.25,-45.43205080756,1.5));
#1042 = LINE('',#1043,#1044);
#1043 = CARTESIAN_POINT('',(34.25,-45.43205080756,1.5));
#1044 = VECTOR('',#1045,1.);
#1045 = DIRECTION('',(-1.,0.,0.));
#1046 = ORIENTED_EDGE('',*,*,#1047,.F.);
#1047 = EDGE_CURVE('',#257,#1040,#1048,.T.);
#1048 = LINE('',#1049,#1050);
#1049 = CARTESIAN_POINT('',(32.25,-45.43205080756,-0.1));
#1050 = VECTOR('',#1051,1.);
#1051 = DIRECTION('',(0.,0.,1.));
#1052 = ORIENTED_EDGE('',*,*,#264,.F.);
#1053 = PLANE('',#1054);
#1054 = AXIS2_PLACEMENT_3D('',#1055,#1056,#1057);
#1055 = CARTESIAN_POINT('',(34.25,-45.43205080756,-0.1));
#1056 = DIRECTION('',(0.,1.,0.));
#1057 = DIRECTION('',(1.,0.,0.));
#1058 = ADVANCED_FACE('',(#1059),#1077,.T.);
#1059 = FACE_BOUND('',#1060,.F.);
#1060 = EDGE_LOOP('',(#1061,#1062,#1070,#1076));
#1061 = ORIENTED_EDGE('',*,*,#1047,.T.);
#1062 = ORIENTED_EDGE('',*,*,#1063,.T.);
#1063 = EDGE_CURVE('',#1040,#1064,#1066,.T.);
#1064 = VERTEX_POINT('',#1065);
#1065 = CARTESIAN_POINT('',(31.25,-43.7,1.5));
#1066 = LINE('',#1067,#1068);
#1067 = CARTESIAN_POINT('',(32.25,-45.43205080756,1.5));
#1068 = VECTOR('',#1069,1.);
#1069 = DIRECTION('',(-0.5,0.866025403784,0.));
#1070 = ORIENTED_EDGE('',*,*,#1071,.F.);
#1071 = EDGE_CURVE('',#249,#1064,#1072,.T.);
#1072 = LINE('',#1073,#1074);
#1073 = CARTESIAN_POINT('',(31.25,-43.7,-0.1));
#1074 = VECTOR('',#1075,1.);
#1075 = DIRECTION('',(0.,0.,1.));
#1076 = ORIENTED_EDGE('',*,*,#256,.F.);
#1077 = PLANE('',#1078);
#1078 = AXIS2_PLACEMENT_3D('',#1079,#1080,#1081);
#1079 = CARTESIAN_POINT('',(32.25,-45.43205080756,-0.1));
#1080 = DIRECTION('',(0.866025403784,0.5,0.));
#1081 = DIRECTION('',(0.5,-0.866025403784,0.));
#1082 = ADVANCED_FACE('',(#1083),#1101,.T.);
#1083 = FACE_BOUND('',#1084,.F.);
#1084 = EDGE_LOOP('',(#1085,#1086,#1094,#1100));
#1085 = ORIENTED_EDGE('',*,*,#1071,.T.);
#1086 = ORIENTED_EDGE('',*,*,#1087,.T.);
#1087 = EDGE_CURVE('',#1064,#1088,#1090,.T.);
#1088 = VERTEX_POINT('',#1089);
#1089 = CARTESIAN_POINT('',(32.25,-41.96794919243,1.5));
#1090 = LINE('',#1091,#1092);
#1091 = CARTESIAN_POINT('',(31.25,-43.7,1.5));
#1092 = VECTOR('',#1093,1.);
#1093 = DIRECTION('',(0.5,0.866025403784,0.));
#1094 = ORIENTED_EDGE('',*,*,#1095,.F.);
#1095 = EDGE_CURVE('',#241,#1088,#1096,.T.);
#1096 = LINE('',#1097,#1098);
#1097 = CARTESIAN_POINT('',(32.25,-41.96794919243,-0.1));
#1098 = VECTOR('',#1099,1.);
#1099 = DIRECTION('',(0.,0.,1.));
#1100 = ORIENTED_EDGE('',*,*,#248,.F.);
#1101 = PLANE('',#1102);
#1102 = AXIS2_PLACEMENT_3D('',#1103,#1104,#1105);
#1103 = CARTESIAN_POINT('',(31.25,-43.7,-0.1));
#1104 = DIRECTION('',(0.866025403784,-0.5,0.));
#1105 = DIRECTION('',(-0.5,-0.866025403784,-0.));
#1106 = ADVANCED_FACE('',(#1107),#1125,.T.);
#1107 = FACE_BOUND('',#1108,.F.);
#1108 = EDGE_LOOP('',(#1109,#1110,#1118,#1124));
#1109 = ORIENTED_EDGE('',*,*,#1095,.T.);
#1110 = ORIENTED_EDGE('',*,*,#1111,.T.);
#1111 = EDGE_CURVE('',#1088,#1112,#1114,.T.);
#1112 = VERTEX_POINT('',#1113);
#1113 = CARTESIAN_POINT('',(34.25,-41.96794919243,1.5));
#1114 = LINE('',#1115,#1116);
#1115 = CARTESIAN_POINT('',(32.25,-41.96794919243,1.5));
#1116 = VECTOR('',#1117,1.);
#1117 = DIRECTION('',(1.,0.,0.));
#1118 = ORIENTED_EDGE('',*,*,#1119,.F.);
#1119 = EDGE_CURVE('',#233,#1112,#1120,.T.);
#1120 = LINE('',#1121,#1122);
#1121 = CARTESIAN_POINT('',(34.25,-41.96794919243,-0.1));
#1122 = VECTOR('',#1123,1.);
#1123 = DIRECTION('',(0.,0.,1.));
#1124 = ORIENTED_EDGE('',*,*,#240,.F.);
#1125 = PLANE('',#1126);
#1126 = AXIS2_PLACEMENT_3D('',#1127,#1128,#1129);
#1127 = CARTESIAN_POINT('',(32.25,-41.96794919243,-0.1));
#1128 = DIRECTION('',(-0.,-1.,-0.));
#1129 = DIRECTION('',(-1.,-0.,-0.));
#1130 = ADVANCED_FACE('',(#1131),#1142,.T.);
#1131 = FACE_BOUND('',#1132,.F.);
#1132 = EDGE_LOOP('',(#1133,#1134,#1140,#1141));
#1133 = ORIENTED_EDGE('',*,*,#1119,.T.);
#1134 = ORIENTED_EDGE('',*,*,#1135,.T.);
#1135 = EDGE_CURVE('',#1112,#1008,#1136,.T.);
#1136 = LINE('',#1137,#1138);
#1137 = CARTESIAN_POINT('',(34.25,-41.96794919243,1.5));
#1138 = VECTOR('',#1139,1.);
#1139 = DIRECTION('',(0.5,-0.866025403784,0.));
#1140 = ORIENTED_EDGE('',*,*,#1007,.F.);
#1141 = ORIENTED_EDGE('',*,*,#232,.F.);
#1142 = PLANE('',#1143);
#1143 = AXIS2_PLACEMENT_3D('',#1144,#1145,#1146);
#1144 = CARTESIAN_POINT('',(34.25,-41.96794919243,-0.1));
#1145 = DIRECTION('',(-0.866025403784,-0.5,-0.));
#1146 = DIRECTION('',(-0.5,0.866025403784,0.));
#1147 = ADVANCED_FACE('',(#1148),#1173,.T.);
#1148 = FACE_BOUND('',#1149,.F.);
#1149 = EDGE_LOOP('',(#1150,#1158,#1166,#1172));
#1150 = ORIENTED_EDGE('',*,*,#1151,.T.);
#1151 = EDGE_CURVE('',#273,#1152,#1154,.T.);
#1152 = VERTEX_POINT('',#1153);
#1153 = CARTESIAN_POINT('',(164.75,43.7,1.5));
#1154 = LINE('',#1155,#1156);
#1155 = CARTESIAN_POINT('',(164.75,43.7,-0.1));
#1156 = VECTOR('',#1157,1.);
#1157 = DIRECTION('',(0.,0.,1.));
#1158 = ORIENTED_EDGE('',*,*,#1159,.T.);
#1159 = EDGE_CURVE('',#1152,#1160,#1162,.T.);
#1160 = VERTEX_POINT('',#1161);
#1161 = CARTESIAN_POINT('',(165.75,45.432050807569,1.5));
#1162 = LINE('',#1163,#1164);
#1163 = CARTESIAN_POINT('',(164.75,43.7,1.5));
#1164 = VECTOR('',#1165,1.);
#1165 = DIRECTION('',(0.5,0.866025403784,0.));
#1166 = ORIENTED_EDGE('',*,*,#1167,.F.);
#1167 = EDGE_CURVE('',#275,#1160,#1168,.T.);
#1168 = LINE('',#1169,#1170);
#1169 = CARTESIAN_POINT('',(165.75,45.432050807569,-0.1));
#1170 = VECTOR('',#1171,1.);
#1171 = DIRECTION('',(0.,0.,1.));
#1172 = ORIENTED_EDGE('',*,*,#272,.F.);
#1173 = PLANE('',#1174);
#1174 = AXIS2_PLACEMENT_3D('',#1175,#1176,#1177);
#1175 = CARTESIAN_POINT('',(164.75,43.7,-0.1));
#1176 = DIRECTION('',(0.866025403784,-0.5,0.));
#1177 = DIRECTION('',(-0.5,-0.866025403784,-0.));
#1178 = ADVANCED_FACE('',(#1179),#1197,.T.);
#1179 = FACE_BOUND('',#1180,.F.);
#1180 = EDGE_LOOP('',(#1181,#1182,#1190,#1196));
#1181 = ORIENTED_EDGE('',*,*,#1167,.T.);
#1182 = ORIENTED_EDGE('',*,*,#1183,.T.);
#1183 = EDGE_CURVE('',#1160,#1184,#1186,.T.);
#1184 = VERTEX_POINT('',#1185);
#1185 = CARTESIAN_POINT('',(167.75,45.432050807569,1.5));
#1186 = LINE('',#1187,#1188);
#1187 = CARTESIAN_POINT('',(165.75,45.432050807569,1.5));
#1188 = VECTOR('',#1189,1.);
#1189 = DIRECTION('',(1.,0.,0.));
#1190 = ORIENTED_EDGE('',*,*,#1191,.F.);
#1191 = EDGE_CURVE('',#307,#1184,#1192,.T.);
#1192 = LINE('',#1193,#1194);
#1193 = CARTESIAN_POINT('',(167.75,45.432050807569,-0.1));
#1194 = VECTOR('',#1195,1.);
#1195 = DIRECTION('',(0.,0.,1.));
#1196 = ORIENTED_EDGE('',*,*,#314,.F.);
#1197 = PLANE('',#1198);
#1198 = AXIS2_PLACEMENT_3D('',#1199,#1200,#1201);
#1199 = CARTESIAN_POINT('',(165.75,45.432050807569,-0.1));
#1200 = DIRECTION('',(-0.,-1.,-0.));
#1201 = DIRECTION('',(-1.,-0.,-0.));
#1202 = ADVANCED_FACE('',(#1203),#1221,.T.);
#1203 = FACE_BOUND('',#1204,.F.);
#1204 = EDGE_LOOP('',(#1205,#1206,#1214,#1220));
#1205 = ORIENTED_EDGE('',*,*,#1191,.T.);
#1206 = ORIENTED_EDGE('',*,*,#1207,.T.);
#1207 = EDGE_CURVE('',#1184,#1208,#1210,.T.);
#1208 = VERTEX_POINT('',#1209);
#1209 = CARTESIAN_POINT('',(168.75,43.7,1.5));
#1210 = LINE('',#1211,#1212);
#1211 = CARTESIAN_POINT('',(167.75,45.432050807569,1.5));
#1212 = VECTOR('',#1213,1.);
#1213 = DIRECTION('',(0.5,-0.866025403784,0.));
#1214 = ORIENTED_EDGE('',*,*,#1215,.F.);
#1215 = EDGE_CURVE('',#299,#1208,#1216,.T.);
#1216 = LINE('',#1217,#1218);
#1217 = CARTESIAN_POINT('',(168.75,43.7,-0.1));
#1218 = VECTOR('',#1219,1.);
#1219 = DIRECTION('',(0.,0.,1.));
#1220 = ORIENTED_EDGE('',*,*,#306,.F.);
#1221 = PLANE('',#1222);
#1222 = AXIS2_PLACEMENT_3D('',#1223,#1224,#1225);
#1223 = CARTESIAN_POINT('',(167.75,45.432050807569,-0.1));
#1224 = DIRECTION('',(-0.866025403784,-0.5,-0.));
#1225 = DIRECTION('',(-0.5,0.866025403784,0.));
#1226 = ADVANCED_FACE('',(#1227),#1245,.T.);
#1227 = FACE_BOUND('',#1228,.F.);
#1228 = EDGE_LOOP('',(#1229,#1230,#1238,#1244));
#1229 = ORIENTED_EDGE('',*,*,#1215,.T.);
#1230 = ORIENTED_EDGE('',*,*,#1231,.T.);
#1231 = EDGE_CURVE('',#1208,#1232,#1234,.T.);
#1232 = VERTEX_POINT('',#1233);
#1233 = CARTESIAN_POINT('',(167.75,41.967949192431,1.5));
#1234 = LINE('',#1235,#1236);
#1235 = CARTESIAN_POINT('',(168.75,43.7,1.5));
#1236 = VECTOR('',#1237,1.);
#1237 = DIRECTION('',(-0.5,-0.866025403784,0.));
#1238 = ORIENTED_EDGE('',*,*,#1239,.F.);
#1239 = EDGE_CURVE('',#291,#1232,#1240,.T.);
#1240 = LINE('',#1241,#1242);
#1241 = CARTESIAN_POINT('',(167.75,41.967949192431,-0.1));
#1242 = VECTOR('',#1243,1.);
#1243 = DIRECTION('',(0.,0.,1.));
#1244 = ORIENTED_EDGE('',*,*,#298,.F.);
#1245 = PLANE('',#1246);
#1246 = AXIS2_PLACEMENT_3D('',#1247,#1248,#1249);
#1247 = CARTESIAN_POINT('',(168.75,43.7,-0.1));
#1248 = DIRECTION('',(-0.866025403784,0.5,0.));
#1249 = DIRECTION('',(0.5,0.866025403784,0.));
#1250 = ADVANCED_FACE('',(#1251),#1269,.T.);
#1251 = FACE_BOUND('',#1252,.F.);
#1252 = EDGE_LOOP('',(#1253,#1254,#1262,#1268));
#1253 = ORIENTED_EDGE('',*,*,#1239,.T.);
#1254 = ORIENTED_EDGE('',*,*,#1255,.T.);
#1255 = EDGE_CURVE('',#1232,#1256,#1258,.T.);
#1256 = VERTEX_POINT('',#1257);
#1257 = CARTESIAN_POINT('',(165.75,41.967949192431,1.5));
#1258 = LINE('',#1259,#1260);
#1259 = CARTESIAN_POINT('',(167.75,41.967949192431,1.5));
#1260 = VECTOR('',#1261,1.);
#1261 = DIRECTION('',(-1.,0.,0.));
#1262 = ORIENTED_EDGE('',*,*,#1263,.F.);
#1263 = EDGE_CURVE('',#283,#1256,#1264,.T.);
#1264 = LINE('',#1265,#1266);
#1265 = CARTESIAN_POINT('',(165.75,41.967949192431,-0.1));
#1266 = VECTOR('',#1267,1.);
#1267 = DIRECTION('',(0.,0.,1.));
#1268 = ORIENTED_EDGE('',*,*,#290,.F.);
#1269 = PLANE('',#1270);
#1270 = AXIS2_PLACEMENT_3D('',#1271,#1272,#1273);
#1271 = CARTESIAN_POINT('',(167.75,41.967949192431,-0.1));
#1272 = DIRECTION('',(0.,1.,0.));
#1273 = DIRECTION('',(1.,0.,0.));
#1274 = ADVANCED_FACE('',(#1275),#1286,.T.);
#1275 = FACE_BOUND('',#1276,.F.);
#1276 = EDGE_LOOP('',(#1277,#1278,#1284,#1285));
#1277 = ORIENTED_EDGE('',*,*,#1263,.T.);
#1278 = ORIENTED_EDGE('',*,*,#1279,.T.);
#1279 = EDGE_CURVE('',#1256,#1152,#1280,.T.);
#1280 = LINE('',#1281,#1282);
#1281 = CARTESIAN_POINT('',(165.75,41.967949192431,1.5));
#1282 = VECTOR('',#1283,1.);
#1283 = DIRECTION('',(-0.5,0.866025403784,0.));
#1284 = ORIENTED_EDGE('',*,*,#1151,.F.);
#1285 = ORIENTED_EDGE('',*,*,#282,.F.);
#1286 = PLANE('',#1287);
#1287 = AXIS2_PLACEMENT_3D('',#1288,#1289,#1290);
#1288 = CARTESIAN_POINT('',(165.75,41.967949192431,-0.1));
#1289 = DIRECTION('',(0.866025403784,0.5,0.));
#1290 = DIRECTION('',(0.5,-0.866025403784,0.));
#1291 = ADVANCED_FACE('',(#1292),#1317,.F.);
#1292 = FACE_BOUND('',#1293,.T.);
#1293 = EDGE_LOOP('',(#1294,#1302,#1310,#1316));
#1294 = ORIENTED_EDGE('',*,*,#1295,.T.);
#1295 = EDGE_CURVE('',#323,#1296,#1298,.T.);
#1296 = VERTEX_POINT('',#1297);
#1297 = CARTESIAN_POINT('',(34.25,41.967949192431,1.5));
#1298 = LINE('',#1299,#1300);
#1299 = CARTESIAN_POINT('',(34.25,41.967949192431,-0.1));
#1300 = VECTOR('',#1301,1.);
#1301 = DIRECTION('',(0.,0.,1.));
#1302 = ORIENTED_EDGE('',*,*,#1303,.T.);
#1303 = EDGE_CURVE('',#1296,#1304,#1306,.T.);
#1304 = VERTEX_POINT('',#1305);
#1305 = CARTESIAN_POINT('',(35.25,43.7,1.5));
#1306 = LINE('',#1307,#1308);
#1307 = CARTESIAN_POINT('',(34.25,41.967949192431,1.5));
#1308 = VECTOR('',#1309,1.);
#1309 = DIRECTION('',(0.5,0.866025403784,0.));
#1310 = ORIENTED_EDGE('',*,*,#1311,.F.);
#1311 = EDGE_CURVE('',#325,#1304,#1312,.T.);
#1312 = LINE('',#1313,#1314);
#1313 = CARTESIAN_POINT('',(35.25,43.7,-0.1));
#1314 = VECTOR('',#1315,1.);
#1315 = DIRECTION('',(0.,0.,1.));
#1316 = ORIENTED_EDGE('',*,*,#322,.F.);
#1317 = PLANE('',#1318);
#1318 = AXIS2_PLACEMENT_3D('',#1319,#1320,#1321);
#1319 = CARTESIAN_POINT('',(34.25,41.967949192431,-0.1));
#1320 = DIRECTION('',(0.866025403784,-0.5,0.));
#1321 = DIRECTION('',(-0.5,-0.866025403784,-0.));
#1322 = ADVANCED_FACE('',(#1323),#1341,.F.);
#1323 = FACE_BOUND('',#1324,.T.);
#1324 = EDGE_LOOP('',(#1325,#1333,#1339,#1340));
#1325 = ORIENTED_EDGE('',*,*,#1326,.T.);
#1326 = EDGE_CURVE('',#357,#1327,#1329,.T.);
#1327 = VERTEX_POINT('',#1328);
#1328 = CARTESIAN_POINT('',(32.25,41.967949192431,1.5));
#1329 = LINE('',#1330,#1331);
#1330 = CARTESIAN_POINT('',(32.25,41.967949192431,-0.1));
#1331 = VECTOR('',#1332,1.);
#1332 = DIRECTION('',(0.,0.,1.));
#1333 = ORIENTED_EDGE('',*,*,#1334,.T.);
#1334 = EDGE_CURVE('',#1327,#1296,#1335,.T.);
#1335 = LINE('',#1336,#1337);
#1336 = CARTESIAN_POINT('',(32.25,41.967949192431,1.5));
#1337 = VECTOR('',#1338,1.);
#1338 = DIRECTION('',(1.,0.,0.));
#1339 = ORIENTED_EDGE('',*,*,#1295,.F.);
#1340 = ORIENTED_EDGE('',*,*,#364,.F.);
#1341 = PLANE('',#1342);
#1342 = AXIS2_PLACEMENT_3D('',#1343,#1344,#1345);
#1343 = CARTESIAN_POINT('',(32.25,41.967949192431,-0.1));
#1344 = DIRECTION('',(-0.,-1.,-0.));
#1345 = DIRECTION('',(-1.,-0.,-0.));
#1346 = ADVANCED_FACE('',(#1347),#1365,.F.);
#1347 = FACE_BOUND('',#1348,.T.);
#1348 = EDGE_LOOP('',(#1349,#1357,#1363,#1364));
#1349 = ORIENTED_EDGE('',*,*,#1350,.T.);
#1350 = EDGE_CURVE('',#349,#1351,#1353,.T.);
#1351 = VERTEX_POINT('',#1352);
#1352 = CARTESIAN_POINT('',(31.25,43.7,1.5));
#1353 = LINE('',#1354,#1355);
#1354 = CARTESIAN_POINT('',(31.25,43.7,-0.1));
#1355 = VECTOR('',#1356,1.);
#1356 = DIRECTION('',(0.,0.,1.));
#1357 = ORIENTED_EDGE('',*,*,#1358,.T.);
#1358 = EDGE_CURVE('',#1351,#1327,#1359,.T.);
#1359 = LINE('',#1360,#1361);
#1360 = CARTESIAN_POINT('',(31.25,43.7,1.5));
#1361 = VECTOR('',#1362,1.);
#1362 = DIRECTION('',(0.5,-0.866025403784,0.));
#1363 = ORIENTED_EDGE('',*,*,#1326,.F.);
#1364 = ORIENTED_EDGE('',*,*,#356,.F.);
#1365 = PLANE('',#1366);
#1366 = AXIS2_PLACEMENT_3D('',#1367,#1368,#1369);
#1367 = CARTESIAN_POINT('',(31.25,43.7,-0.1));
#1368 = DIRECTION('',(-0.866025403784,-0.5,-0.));
#1369 = DIRECTION('',(-0.5,0.866025403784,0.));
#1370 = ADVANCED_FACE('',(#1371),#1389,.F.);
#1371 = FACE_BOUND('',#1372,.T.);
#1372 = EDGE_LOOP('',(#1373,#1381,#1387,#1388));
#1373 = ORIENTED_EDGE('',*,*,#1374,.T.);
#1374 = EDGE_CURVE('',#341,#1375,#1377,.T.);
#1375 = VERTEX_POINT('',#1376);
#1376 = CARTESIAN_POINT('',(32.25,45.432050807569,1.5));
#1377 = LINE('',#1378,#1379);
#1378 = CARTESIAN_POINT('',(32.25,45.432050807569,-0.1));
#1379 = VECTOR('',#1380,1.);
#1380 = DIRECTION('',(0.,0.,1.));
#1381 = ORIENTED_EDGE('',*,*,#1382,.T.);
#1382 = EDGE_CURVE('',#1375,#1351,#1383,.T.);
#1383 = LINE('',#1384,#1385);
#1384 = CARTESIAN_POINT('',(32.25,45.432050807569,1.5));
#1385 = VECTOR('',#1386,1.);
#1386 = DIRECTION('',(-0.5,-0.866025403784,0.));
#1387 = ORIENTED_EDGE('',*,*,#1350,.F.);
#1388 = ORIENTED_EDGE('',*,*,#348,.F.);
#1389 = PLANE('',#1390);
#1390 = AXIS2_PLACEMENT_3D('',#1391,#1392,#1393);
#1391 = CARTESIAN_POINT('',(32.25,45.432050807569,-0.1));
#1392 = DIRECTION('',(-0.866025403784,0.5,0.));
#1393 = DIRECTION('',(0.5,0.866025403784,0.));
#1394 = ADVANCED_FACE('',(#1395),#1413,.F.);
#1395 = FACE_BOUND('',#1396,.T.);
#1396 = EDGE_LOOP('',(#1397,#1405,#1411,#1412));
#1397 = ORIENTED_EDGE('',*,*,#1398,.T.);
#1398 = EDGE_CURVE('',#333,#1399,#1401,.T.);
#1399 = VERTEX_POINT('',#1400);
#1400 = CARTESIAN_POINT('',(34.25,45.432050807569,1.5));
#1401 = LINE('',#1402,#1403);
#1402 = CARTESIAN_POINT('',(34.25,45.432050807569,-0.1));
#1403 = VECTOR('',#1404,1.);
#1404 = DIRECTION('',(0.,0.,1.));
#1405 = ORIENTED_EDGE('',*,*,#1406,.T.);
#1406 = EDGE_CURVE('',#1399,#1375,#1407,.T.);
#1407 = LINE('',#1408,#1409);
#1408 = CARTESIAN_POINT('',(34.25,45.432050807569,1.5));
#1409 = VECTOR('',#1410,1.);
#1410 = DIRECTION('',(-1.,0.,0.));
#1411 = ORIENTED_EDGE('',*,*,#1374,.F.);
#1412 = ORIENTED_EDGE('',*,*,#340,.F.);
#1413 = PLANE('',#1414);
#1414 = AXIS2_PLACEMENT_3D('',#1415,#1416,#1417);
#1415 = CARTESIAN_POINT('',(34.25,45.432050807569,-0.1));
#1416 = DIRECTION('',(0.,1.,0.));
#1417 = DIRECTION('',(1.,0.,0.));
#1418 = ADVANCED_FACE('',(#1419),#1430,.F.);
#1419 = FACE_BOUND('',#1420,.T.);
#1420 = EDGE_LOOP('',(#1421,#1422,#1428,#1429));
#1421 = ORIENTED_EDGE('',*,*,#1311,.T.);
#1422 = ORIENTED_EDGE('',*,*,#1423,.T.);
#1423 = EDGE_CURVE('',#1304,#1399,#1424,.T.);
#1424 = LINE('',#1425,#1426);
#1425 = CARTESIAN_POINT('',(35.25,43.7,1.5));
#1426 = VECTOR('',#1427,1.);
#1427 = DIRECTION('',(-0.5,0.866025403784,0.));
#1428 = ORIENTED_EDGE('',*,*,#1398,.F.);
#1429 = ORIENTED_EDGE('',*,*,#332,.F.);
#1430 = PLANE('',#1431);
#1431 = AXIS2_PLACEMENT_3D('',#1432,#1433,#1434);
#1432 = CARTESIAN_POINT('',(35.25,43.7,-0.1));
#1433 = DIRECTION('',(0.866025403784,0.5,0.));
#1434 = DIRECTION('',(0.5,-0.866025403784,0.));
#1435 = ADVANCED_FACE('',(#1436),#1465,.F.);
#1436 = FACE_BOUND('',#1437,.T.);
#1437 = EDGE_LOOP('',(#1438,#1439,#1440,#1441,#1450,#1458));
#1438 = ORIENTED_EDGE('',*,*,#705,.T.);
#1439 = ORIENTED_EDGE('',*,*,#436,.T.);
#1440 = ORIENTED_EDGE('',*,*,#569,.F.);
#1441 = ORIENTED_EDGE('',*,*,#1442,.T.);
#1442 = EDGE_CURVE('',#570,#1443,#1445,.T.);
#1443 = VERTEX_POINT('',#1444);
#1444 = CARTESIAN_POINT('',(31.8,-46.95,13.5));
#1445 = CIRCLE('',#1446,1.8);
#1446 = AXIS2_PLACEMENT_3D('',#1447,#1448,#1449);
#1447 = CARTESIAN_POINT('',(31.8,-46.95,11.7));
#1448 = DIRECTION('',(0.,1.,0.));
#1449 = DIRECTION('',(0.,0.,-1.));
#1450 = ORIENTED_EDGE('',*,*,#1451,.F.);
#1451 = EDGE_CURVE('',#1452,#1443,#1454,.T.);
#1452 = VERTEX_POINT('',#1453);
#1453 = CARTESIAN_POINT('',(168.2,-46.95,13.5));
#1454 = LINE('',#1455,#1456);
#1455 = CARTESIAN_POINT('',(170.,-46.95,13.5));
#1456 = VECTOR('',#1457,1.);
#1457 = DIRECTION('',(-1.,-0.,-0.));
#1458 = ORIENTED_EDGE('',*,*,#1459,.F.);
#1459 = EDGE_CURVE('',#698,#1452,#1460,.T.);
#1460 = CIRCLE('',#1461,1.8);
#1461 = AXIS2_PLACEMENT_3D('',#1462,#1463,#1464);
#1462 = CARTESIAN_POINT('',(168.2,-46.95,11.7));
#1463 = DIRECTION('',(0.,-1.,0.));
#1464 = DIRECTION('',(-0.,-0.,-1.));
#1465 = PLANE('',#1466);
#1466 = AXIS2_PLACEMENT_3D('',#1467,#1468,#1469);
#1467 = CARTESIAN_POINT('',(170.,-46.95,13.5));
#1468 = DIRECTION('',(-0.,-1.,-0.));
#1469 = DIRECTION('',(1.,0.,0.));
#1470 = ADVANCED_FACE('',(#1471),#1511,.F.);
#1471 = FACE_BOUND('',#1472,.T.);
#1472 = EDGE_LOOP('',(#1473,#1474,#1483,#1492,#1501,#1508,#1509,#1510));
#1473 = ORIENTED_EDGE('',*,*,#452,.F.);
#1474 = ORIENTED_EDGE('',*,*,#1475,.T.);
#1475 = EDGE_CURVE('',#453,#1476,#1478,.T.);
#1476 = VERTEX_POINT('',#1477);
#1477 = CARTESIAN_POINT('',(35.4,-36.1599800796,2.5));
#1478 = CIRCLE('',#1479,4.85);
#1479 = AXIS2_PLACEMENT_3D('',#1480,#1481,#1482);
#1480 = CARTESIAN_POINT('',(35.4,-33.65,6.65));
#1481 = DIRECTION('',(1.,0.,0.));
#1482 = DIRECTION('',(0.,1.,0.));
#1483 = ORIENTED_EDGE('',*,*,#1484,.T.);
#1484 = EDGE_CURVE('',#1476,#1485,#1487,.T.);
#1485 = VERTEX_POINT('',#1486);
#1486 = CARTESIAN_POINT('',(35.4,-31.14001992039,2.5));
#1487 = CIRCLE('',#1488,4.85);
#1488 = AXIS2_PLACEMENT_3D('',#1489,#1490,#1491);
#1489 = CARTESIAN_POINT('',(35.4,-33.65,6.65));
#1490 = DIRECTION('',(1.,0.,0.));
#1491 = DIRECTION('',(0.,1.,0.));
#1492 = ORIENTED_EDGE('',*,*,#1493,.T.);
#1493 = EDGE_CURVE('',#1485,#1494,#1496,.T.);
#1494 = VERTEX_POINT('',#1495);
#1495 = CARTESIAN_POINT('',(35.4,-28.8,6.65));
#1496 = CIRCLE('',#1497,4.85);
#1497 = AXIS2_PLACEMENT_3D('',#1498,#1499,#1500);
#1498 = CARTESIAN_POINT('',(35.4,-33.65,6.65));
#1499 = DIRECTION('',(1.,0.,0.));
#1500 = DIRECTION('',(0.,1.,0.));
#1501 = ORIENTED_EDGE('',*,*,#1502,.T.);
#1502 = EDGE_CURVE('',#1494,#493,#1503,.T.);
#1503 = CIRCLE('',#1504,4.85);
#1504 = AXIS2_PLACEMENT_3D('',#1505,#1506,#1507);
#1505 = CARTESIAN_POINT('',(35.4,-33.65,6.65));
#1506 = DIRECTION('',(1.,0.,0.));
#1507 = DIRECTION('',(0.,1.,0.));
#1508 = ORIENTED_EDGE('',*,*,#500,.T.);
#1509 = ORIENTED_EDGE('',*,*,#594,.F.);
#1510 = ORIENTED_EDGE('',*,*,#603,.F.);
#1511 = CYLINDRICAL_SURFACE('',#1512,4.85);
#1512 = AXIS2_PLACEMENT_3D('',#1513,#1514,#1515);
#1513 = CARTESIAN_POINT('',(30.,-33.65,6.65));
#1514 = DIRECTION('',(-1.,-0.,-0.));
#1515 = DIRECTION('',(0.,1.,0.));
#1516 = ADVANCED_FACE('',(#1517),#1535,.F.);
#1517 = FACE_BOUND('',#1518,.T.);
#1518 = EDGE_LOOP('',(#1519,#1520,#1521,#1529));
#1519 = ORIENTED_EDGE('',*,*,#1475,.F.);
#1520 = ORIENTED_EDGE('',*,*,#460,.T.);
#1521 = ORIENTED_EDGE('',*,*,#1522,.T.);
#1522 = EDGE_CURVE('',#461,#1523,#1525,.T.);
#1523 = VERTEX_POINT('',#1524);
#1524 = CARTESIAN_POINT('',(35.4,-41.55,2.5));
#1525 = LINE('',#1526,#1527);
#1526 = CARTESIAN_POINT('',(35.4,-41.55,13.5));
#1527 = VECTOR('',#1528,1.);
#1528 = DIRECTION('',(0.,0.,-1.));
#1529 = ORIENTED_EDGE('',*,*,#1530,.T.);
#1530 = EDGE_CURVE('',#1523,#1476,#1531,.T.);
#1531 = LINE('',#1532,#1533);
#1532 = CARTESIAN_POINT('',(35.4,-41.55,2.5));
#1533 = VECTOR('',#1534,1.);
#1534 = DIRECTION('',(0.,1.,0.));
#1535 = PLANE('',#1536);
#1536 = AXIS2_PLACEMENT_3D('',#1537,#1538,#1539);
#1537 = CARTESIAN_POINT('',(35.4,-41.55,13.5));
#1538 = DIRECTION('',(-1.,-0.,-0.));
#1539 = DIRECTION('',(-0.,-1.,-0.));
#1540 = ADVANCED_FACE('',(#1541),#1559,.F.);
#1541 = FACE_BOUND('',#1542,.T.);
#1542 = EDGE_LOOP('',(#1543,#1544,#1552,#1558));
#1543 = ORIENTED_EDGE('',*,*,#468,.T.);
#1544 = ORIENTED_EDGE('',*,*,#1545,.T.);
#1545 = EDGE_CURVE('',#469,#1546,#1548,.T.);
#1546 = VERTEX_POINT('',#1547);
#1547 = CARTESIAN_POINT('',(164.6,-41.55,2.5));
#1548 = LINE('',#1549,#1550);
#1549 = CARTESIAN_POINT('',(164.6,-41.55,13.5));
#1550 = VECTOR('',#1551,1.);
#1551 = DIRECTION('',(0.,0.,-1.));
#1552 = ORIENTED_EDGE('',*,*,#1553,.T.);
#1553 = EDGE_CURVE('',#1546,#1523,#1554,.T.);
#1554 = LINE('',#1555,#1556);
#1555 = CARTESIAN_POINT('',(164.6,-41.55,2.5));
#1556 = VECTOR('',#1557,1.);
#1557 = DIRECTION('',(-1.,-0.,-0.));
#1558 = ORIENTED_EDGE('',*,*,#1522,.F.);
#1559 = PLANE('',#1560);
#1560 = AXIS2_PLACEMENT_3D('',#1561,#1562,#1563);
#1561 = CARTESIAN_POINT('',(164.6,-41.55,13.5));
#1562 = DIRECTION('',(-0.,-1.,-0.));
#1563 = DIRECTION('',(1.,0.,0.));
#1564 = ADVANCED_FACE('',(#1565),#1584,.F.);
#1565 = FACE_BOUND('',#1566,.T.);
#1566 = EDGE_LOOP('',(#1567,#1575,#1576,#1577,#1578));
#1567 = ORIENTED_EDGE('',*,*,#1568,.F.);
#1568 = EDGE_CURVE('',#485,#1569,#1571,.T.);
#1569 = VERTEX_POINT('',#1570);
#1570 = CARTESIAN_POINT('',(35.4,41.55,2.5));
#1571 = LINE('',#1572,#1573);
#1572 = CARTESIAN_POINT('',(35.4,41.55,13.5));
#1573 = VECTOR('',#1574,1.);
#1574 = DIRECTION('',(0.,0.,-1.));
#1575 = ORIENTED_EDGE('',*,*,#492,.T.);
#1576 = ORIENTED_EDGE('',*,*,#1502,.F.);
#1577 = ORIENTED_EDGE('',*,*,#1493,.F.);
#1578 = ORIENTED_EDGE('',*,*,#1579,.T.);
#1579 = EDGE_CURVE('',#1485,#1569,#1580,.T.);
#1580 = LINE('',#1581,#1582);
#1581 = CARTESIAN_POINT('',(35.4,-41.55,2.5));
#1582 = VECTOR('',#1583,1.);
#1583 = DIRECTION('',(0.,1.,0.));
#1584 = PLANE('',#1585);
#1585 = AXIS2_PLACEMENT_3D('',#1586,#1587,#1588);
#1586 = CARTESIAN_POINT('',(35.4,-41.55,13.5));
#1587 = DIRECTION('',(-1.,-0.,-0.));
#1588 = DIRECTION('',(-0.,-1.,-0.));
#1589 = ADVANCED_FACE('',(#1590),#1608,.F.);
#1590 = FACE_BOUND('',#1591,.T.);
#1591 = EDGE_LOOP('',(#1592,#1593,#1601,#1607));
#1592 = ORIENTED_EDGE('',*,*,#476,.T.);
#1593 = ORIENTED_EDGE('',*,*,#1594,.T.);
#1594 = EDGE_CURVE('',#477,#1595,#1597,.T.);
#1595 = VERTEX_POINT('',#1596);
#1596 = CARTESIAN_POINT('',(164.6,41.55,2.5));
#1597 = LINE('',#1598,#1599);
#1598 = CARTESIAN_POINT('',(164.6,41.55,13.5));
#1599 = VECTOR('',#1600,1.);
#1600 = DIRECTION('',(0.,0.,-1.));
#1601 = ORIENTED_EDGE('',*,*,#1602,.T.);
#1602 = EDGE_CURVE('',#1595,#1546,#1603,.T.);
#1603 = LINE('',#1604,#1605);
#1604 = CARTESIAN_POINT('',(164.6,41.55,2.5));
#1605 = VECTOR('',#1606,1.);
#1606 = DIRECTION('',(-0.,-1.,-0.));
#1607 = ORIENTED_EDGE('',*,*,#1545,.F.);
#1608 = PLANE('',#1609);
#1609 = AXIS2_PLACEMENT_3D('',#1610,#1611,#1612);
#1610 = CARTESIAN_POINT('',(164.6,41.55,13.5));
#1611 = DIRECTION('',(1.,0.,0.));
#1612 = DIRECTION('',(0.,1.,0.));
#1613 = ADVANCED_FACE('',(#1614),#1625,.F.);
#1614 = FACE_BOUND('',#1615,.T.);
#1615 = EDGE_LOOP('',(#1616,#1617,#1618,#1624));
#1616 = ORIENTED_EDGE('',*,*,#484,.T.);
#1617 = ORIENTED_EDGE('',*,*,#1568,.T.);
#1618 = ORIENTED_EDGE('',*,*,#1619,.T.);
#1619 = EDGE_CURVE('',#1569,#1595,#1620,.T.);
#1620 = LINE('',#1621,#1622);
#1621 = CARTESIAN_POINT('',(35.4,41.55,2.5));
#1622 = VECTOR('',#1623,1.);
#1623 = DIRECTION('',(1.,0.,0.));
#1624 = ORIENTED_EDGE('',*,*,#1594,.F.);
#1625 = PLANE('',#1626);
#1626 = AXIS2_PLACEMENT_3D('',#1627,#1628,#1629);
#1627 = CARTESIAN_POINT('',(35.4,41.55,13.5));
#1628 = DIRECTION('',(0.,1.,0.));
#1629 = DIRECTION('',(-1.,-0.,-0.));
#1630 = ADVANCED_FACE('',(#1631),#1650,.F.);
#1631 = FACE_BOUND('',#1632,.T.);
#1632 = EDGE_LOOP('',(#1633,#1641,#1642,#1643));
#1633 = ORIENTED_EDGE('',*,*,#1634,.F.);
#1634 = EDGE_CURVE('',#520,#1635,#1637,.T.);
#1635 = VERTEX_POINT('',#1636);
#1636 = CARTESIAN_POINT('',(165.7,-43.7,1.5));
#1637 = LINE('',#1638,#1639);
#1638 = CARTESIAN_POINT('',(165.7,-43.7,13.5));
#1639 = VECTOR('',#1640,1.);
#1640 = DIRECTION('',(0.,0.,-1.));
#1641 = ORIENTED_EDGE('',*,*,#519,.F.);
#1642 = ORIENTED_EDGE('',*,*,#1634,.T.);
#1643 = ORIENTED_EDGE('',*,*,#1644,.T.);
#1644 = EDGE_CURVE('',#1635,#1635,#1645,.T.);
#1645 = CIRCLE('',#1646,1.05);
#1646 = AXIS2_PLACEMENT_3D('',#1647,#1648,#1649);
#1647 = CARTESIAN_POINT('',(166.75,-43.7,1.5));
#1648 = DIRECTION('',(0.,0.,-1.));
#1649 = DIRECTION('',(-1.,-0.,-0.));
#1650 = CYLINDRICAL_SURFACE('',#1651,1.05);
#1651 = AXIS2_PLACEMENT_3D('',#1652,#1653,#1654);
#1652 = CARTESIAN_POINT('',(166.75,-43.7,13.5));
#1653 = DIRECTION('',(0.,0.,1.));
#1654 = DIRECTION('',(-1.,0.,0.));
#1655 = ADVANCED_FACE('',(#1656),#1675,.F.);
#1656 = FACE_BOUND('',#1657,.T.);
#1657 = EDGE_LOOP('',(#1658,#1666,#1667,#1668));
#1658 = ORIENTED_EDGE('',*,*,#1659,.F.);
#1659 = EDGE_CURVE('',#531,#1660,#1662,.T.);
#1660 = VERTEX_POINT('',#1661);
#1661 = CARTESIAN_POINT('',(32.2,-43.7,1.5));
#1662 = LINE('',#1663,#1664);
#1663 = CARTESIAN_POINT('',(32.2,-43.7,13.5));
#1664 = VECTOR('',#1665,1.);
#1665 = DIRECTION('',(0.,0.,-1.));
#1666 = ORIENTED_EDGE('',*,*,#530,.F.);
#1667 = ORIENTED_EDGE('',*,*,#1659,.T.);
#1668 = ORIENTED_EDGE('',*,*,#1669,.T.);
#1669 = EDGE_CURVE('',#1660,#1660,#1670,.T.);
#1670 = CIRCLE('',#1671,1.05);
#1671 = AXIS2_PLACEMENT_3D('',#1672,#1673,#1674);
#1672 = CARTESIAN_POINT('',(33.25,-43.7,1.5));
#1673 = DIRECTION('',(0.,0.,-1.));
#1674 = DIRECTION('',(-1.,-0.,-0.));
#1675 = CYLINDRICAL_SURFACE('',#1676,1.05);
#1676 = AXIS2_PLACEMENT_3D('',#1677,#1678,#1679);
#1677 = CARTESIAN_POINT('',(33.25,-43.7,13.5));
#1678 = DIRECTION('',(0.,0.,1.));
#1679 = DIRECTION('',(-1.,0.,0.));
#1680 = ADVANCED_FACE('',(#1681),#1700,.F.);
#1681 = FACE_BOUND('',#1682,.T.);
#1682 = EDGE_LOOP('',(#1683,#1691,#1692,#1693));
#1683 = ORIENTED_EDGE('',*,*,#1684,.F.);
#1684 = EDGE_CURVE('',#542,#1685,#1687,.T.);
#1685 = VERTEX_POINT('',#1686);
#1686 = CARTESIAN_POINT('',(165.7,43.7,1.5));
#1687 = LINE('',#1688,#1689);
#1688 = CARTESIAN_POINT('',(165.7,43.7,13.5));
#1689 = VECTOR('',#1690,1.);
#1690 = DIRECTION('',(0.,0.,-1.));
#1691 = ORIENTED_EDGE('',*,*,#541,.F.);
#1692 = ORIENTED_EDGE('',*,*,#1684,.T.);
#1693 = ORIENTED_EDGE('',*,*,#1694,.T.);
#1694 = EDGE_CURVE('',#1685,#1685,#1695,.T.);
#1695 = CIRCLE('',#1696,1.05);
#1696 = AXIS2_PLACEMENT_3D('',#1697,#1698,#1699);
#1697 = CARTESIAN_POINT('',(166.75,43.7,1.5));
#1698 = DIRECTION('',(0.,0.,-1.));
#1699 = DIRECTION('',(-1.,-0.,-0.));
#1700 = CYLINDRICAL_SURFACE('',#1701,1.05);
#1701 = AXIS2_PLACEMENT_3D('',#1702,#1703,#1704);
#1702 = CARTESIAN_POINT('',(166.75,43.7,13.5));
#1703 = DIRECTION('',(0.,0.,1.));
#1704 = DIRECTION('',(-1.,0.,0.));
#1705 = ADVANCED_FACE('',(#1706),#1725,.F.);
#1706 = FACE_BOUND('',#1707,.T.);
#1707 = EDGE_LOOP('',(#1708,#1716,#1717,#1718));
#1708 = ORIENTED_EDGE('',*,*,#1709,.F.);
#1709 = EDGE_CURVE('',#553,#1710,#1712,.T.);
#1710 = VERTEX_POINT('',#1711);
#1711 = CARTESIAN_POINT('',(32.2,43.7,1.5));
#1712 = LINE('',#1713,#1714);
#1713 = CARTESIAN_POINT('',(32.2,43.7,13.5));
#1714 = VECTOR('',#1715,1.);
#1715 = DIRECTION('',(0.,0.,-1.));
#1716 = ORIENTED_EDGE('',*,*,#552,.F.);
#1717 = ORIENTED_EDGE('',*,*,#1709,.T.);
#1718 = ORIENTED_EDGE('',*,*,#1719,.T.);
#1719 = EDGE_CURVE('',#1710,#1710,#1720,.T.);
#1720 = CIRCLE('',#1721,1.05);
#1721 = AXIS2_PLACEMENT_3D('',#1722,#1723,#1724);
#1722 = CARTESIAN_POINT('',(33.25,43.7,1.5));
#1723 = DIRECTION('',(0.,0.,-1.));
#1724 = DIRECTION('',(-1.,-0.,-0.));
#1725 = CYLINDRICAL_SURFACE('',#1726,1.05);
#1726 = AXIS2_PLACEMENT_3D('',#1727,#1728,#1729);
#1727 = CARTESIAN_POINT('',(33.25,43.7,13.5));
#1728 = DIRECTION('',(0.,0.,1.));
#1729 = DIRECTION('',(-1.,0.,0.));
#1730 = ADVANCED_FACE('',(#1731),#1750,.T.);
#1731 = FACE_BOUND('',#1732,.F.);
#1732 = EDGE_LOOP('',(#1733,#1734,#1742,#1749));
#1733 = ORIENTED_EDGE('',*,*,#1442,.T.);
#1734 = ORIENTED_EDGE('',*,*,#1735,.T.);
#1735 = EDGE_CURVE('',#1443,#1736,#1738,.T.);
#1736 = VERTEX_POINT('',#1737);
#1737 = CARTESIAN_POINT('',(31.8,-130.15,13.5));
#1738 = LINE('',#1739,#1740);
#1739 = CARTESIAN_POINT('',(31.8,-46.95,13.5));
#1740 = VECTOR('',#1741,1.);
#1741 = DIRECTION('',(-0.,-1.,-0.));
#1742 = ORIENTED_EDGE('',*,*,#1743,.F.);
#1743 = EDGE_CURVE('',#578,#1736,#1744,.T.);
#1744 = CIRCLE('',#1745,1.8);
#1745 = AXIS2_PLACEMENT_3D('',#1746,#1747,#1748);
#1746 = CARTESIAN_POINT('',(31.8,-130.15,11.7));
#1747 = DIRECTION('',(0.,1.,0.));
#1748 = DIRECTION('',(0.,0.,1.));
#1749 = ORIENTED_EDGE('',*,*,#577,.F.);
#1750 = CYLINDRICAL_SURFACE('',#1751,1.8);
#1751 = AXIS2_PLACEMENT_3D('',#1752,#1753,#1754);
#1752 = CARTESIAN_POINT('',(31.8,-46.95,11.7));
#1753 = DIRECTION('',(-0.,-1.,-0.));
#1754 = DIRECTION('',(-1.,0.,0.));
#1755 = ADVANCED_FACE('',(#1756),#1767,.T.);
#1756 = FACE_BOUND('',#1757,.T.);
#1757 = EDGE_LOOP('',(#1758,#1759,#1760));
#1758 = ORIENTED_EDGE('',*,*,#1743,.F.);
#1759 = ORIENTED_EDGE('',*,*,#628,.T.);
#1760 = ORIENTED_EDGE('',*,*,#1761,.F.);
#1761 = EDGE_CURVE('',#1736,#621,#1762,.T.);
#1762 = CIRCLE('',#1763,1.8);
#1763 = AXIS2_PLACEMENT_3D('',#1764,#1765,#1766);
#1764 = CARTESIAN_POINT('',(31.8,-130.15,11.7));
#1765 = DIRECTION('',(1.,0.,-0.));
#1766 = DIRECTION('',(0.,0.,1.));
#1767 = SPHERICAL_SURFACE('',#1768,1.8);
#1768 = AXIS2_PLACEMENT_3D('',#1769,#1770,#1771);
#1769 = CARTESIAN_POINT('',(31.8,-130.15,11.7));
#1770 = DIRECTION('',(1.,0.,0.));
#1771 = DIRECTION('',(0.,0.,1.));
#1772 = ADVANCED_FACE('',(#1773),#1792,.T.);
#1773 = FACE_BOUND('',#1774,.T.);
#1774 = EDGE_LOOP('',(#1775,#1784,#1790,#1791));
#1775 = ORIENTED_EDGE('',*,*,#1776,.T.);
#1776 = EDGE_CURVE('',#646,#1777,#1779,.T.);
#1777 = VERTEX_POINT('',#1778);
#1778 = CARTESIAN_POINT('',(168.2,-130.15,13.5));
#1779 = CIRCLE('',#1780,1.8);
#1780 = AXIS2_PLACEMENT_3D('',#1781,#1782,#1783);
#1781 = CARTESIAN_POINT('',(168.2,-130.15,11.7));
#1782 = DIRECTION('',(-1.,0.,0.));
#1783 = DIRECTION('',(0.,0.,1.));
#1784 = ORIENTED_EDGE('',*,*,#1785,.T.);
#1785 = EDGE_CURVE('',#1777,#1736,#1786,.T.);
#1786 = LINE('',#1787,#1788);
#1787 = CARTESIAN_POINT('',(170.,-130.15,13.5));
#1788 = VECTOR('',#1789,1.);
#1789 = DIRECTION('',(-1.,-0.,-0.));
#1790 = ORIENTED_EDGE('',*,*,#1761,.T.);
#1791 = ORIENTED_EDGE('',*,*,#653,.F.);
#1792 = CYLINDRICAL_SURFACE('',#1793,1.8);
#1793 = AXIS2_PLACEMENT_3D('',#1794,#1795,#1796);
#1794 = CARTESIAN_POINT('',(170.,-130.15,11.7));
#1795 = DIRECTION('',(-1.,-0.,-0.));
#1796 = DIRECTION('',(0.,-1.,0.));
#1797 = ADVANCED_FACE('',(#1798),#1809,.T.);
#1798 = FACE_BOUND('',#1799,.T.);
#1799 = EDGE_LOOP('',(#1800,#1801,#1802));
#1800 = ORIENTED_EDGE('',*,*,#1776,.F.);
#1801 = ORIENTED_EDGE('',*,*,#670,.T.);
#1802 = ORIENTED_EDGE('',*,*,#1803,.F.);
#1803 = EDGE_CURVE('',#1777,#671,#1804,.T.);
#1804 = CIRCLE('',#1805,1.8);
#1805 = AXIS2_PLACEMENT_3D('',#1806,#1807,#1808);
#1806 = CARTESIAN_POINT('',(168.2,-130.15,11.7));
#1807 = DIRECTION('',(0.,1.,0.));
#1808 = DIRECTION('',(0.,0.,1.));
#1809 = SPHERICAL_SURFACE('',#1810,1.8);
#1810 = AXIS2_PLACEMENT_3D('',#1811,#1812,#1813);
#1811 = CARTESIAN_POINT('',(168.2,-130.15,11.7));
#1812 = DIRECTION('',(0.,1.,0.));
#1813 = DIRECTION('',(0.,0.,1.));
#1814 = ADVANCED_FACE('',(#1815),#1826,.T.);
#1815 = FACE_BOUND('',#1816,.T.);
#1816 = EDGE_LOOP('',(#1817,#1818,#1824,#1825));
#1817 = ORIENTED_EDGE('',*,*,#1459,.T.);
#1818 = ORIENTED_EDGE('',*,*,#1819,.T.);
#1819 = EDGE_CURVE('',#1452,#1777,#1820,.T.);
#1820 = LINE('',#1821,#1822);
#1821 = CARTESIAN_POINT('',(168.2,-46.95,13.5));
#1822 = VECTOR('',#1823,1.);
#1823 = DIRECTION('',(-0.,-1.,-0.));
#1824 = ORIENTED_EDGE('',*,*,#1803,.T.);
#1825 = ORIENTED_EDGE('',*,*,#697,.F.);
#1826 = CYLINDRICAL_SURFACE('',#1827,1.8);
#1827 = AXIS2_PLACEMENT_3D('',#1828,#1829,#1830);
#1828 = CARTESIAN_POINT('',(168.2,-46.95,11.7));
#1829 = DIRECTION('',(-0.,-1.,-0.));
#1830 = DIRECTION('',(1.,0.,0.));
#1831 = ADVANCED_FACE('',(#1832,#1840),#1843,.F.);
#1832 = FACE_BOUND('',#1833,.T.);
#1833 = EDGE_LOOP('',(#1834,#1835,#1836,#1837,#1838,#1839));
#1834 = ORIENTED_EDGE('',*,*,#847,.F.);
#1835 = ORIENTED_EDGE('',*,*,#727,.F.);
#1836 = ORIENTED_EDGE('',*,*,#758,.F.);
#1837 = ORIENTED_EDGE('',*,*,#782,.F.);
#1838 = ORIENTED_EDGE('',*,*,#806,.F.);
#1839 = ORIENTED_EDGE('',*,*,#830,.F.);
#1840 = FACE_BOUND('',#1841,.T.);
#1841 = EDGE_LOOP('',(#1842));
#1842 = ORIENTED_EDGE('',*,*,#1644,.F.);
#1843 = PLANE('',#1844);
#1844 = AXIS2_PLACEMENT_3D('',#1845,#1846,#1847);
#1845 = CARTESIAN_POINT('',(100.81,-6.6388E-13,1.5));
#1846 = DIRECTION('',(0.,0.,1.));
#1847 = DIRECTION('',(1.,0.,0.));
#1848 = ADVANCED_FACE('',(#1849,#1857),#1868,.F.);
#1849 = FACE_BOUND('',#1850,.T.);
#1850 = EDGE_LOOP('',(#1851,#1852,#1853,#1854,#1855,#1856));
#1851 = ORIENTED_EDGE('',*,*,#991,.F.);
#1852 = ORIENTED_EDGE('',*,*,#871,.F.);
#1853 = ORIENTED_EDGE('',*,*,#902,.F.);
#1854 = ORIENTED_EDGE('',*,*,#926,.F.);
#1855 = ORIENTED_EDGE('',*,*,#950,.F.);
#1856 = ORIENTED_EDGE('',*,*,#974,.F.);
#1857 = FACE_BOUND('',#1858,.T.);
#1858 = EDGE_LOOP('',(#1859));
#1859 = ORIENTED_EDGE('',*,*,#1860,.F.);
#1860 = EDGE_CURVE('',#1861,#1861,#1863,.T.);
#1861 = VERTEX_POINT('',#1862);
#1862 = CARTESIAN_POINT('',(103.,0.,1.5));
#1863 = CIRCLE('',#1864,1.05);
#1864 = AXIS2_PLACEMENT_3D('',#1865,#1866,#1867);
#1865 = CARTESIAN_POINT('',(104.05,0.,1.5));
#1866 = DIRECTION('',(0.,0.,-1.));
#1867 = DIRECTION('',(-1.,-0.,-0.));
#1868 = PLANE('',#1869);
#1869 = AXIS2_PLACEMENT_3D('',#1870,#1871,#1872);
#1870 = CARTESIAN_POINT('',(100.81,-6.6388E-13,1.5));
#1871 = DIRECTION('',(0.,0.,1.));
#1872 = DIRECTION('',(1.,0.,0.));
#1873 = ADVANCED_FACE('',(#1874,#1882),#1885,.F.);
#1874 = FACE_BOUND('',#1875,.T.);
#1875 = EDGE_LOOP('',(#1876,#1877,#1878,#1879,#1880,#1881));
#1876 = ORIENTED_EDGE('',*,*,#1015,.T.);
#1877 = ORIENTED_EDGE('',*,*,#1039,.T.);
#1878 = ORIENTED_EDGE('',*,*,#1063,.T.);
#1879 = ORIENTED_EDGE('',*,*,#1087,.T.);
#1880 = ORIENTED_EDGE('',*,*,#1111,.T.);
#1881 = ORIENTED_EDGE('',*,*,#1135,.T.);
#1882 = FACE_BOUND('',#1883,.T.);
#1883 = EDGE_LOOP('',(#1884));
#1884 = ORIENTED_EDGE('',*,*,#1669,.F.);
#1885 = PLANE('',#1886);
#1886 = AXIS2_PLACEMENT_3D('',#1887,#1888,#1889);
#1887 = CARTESIAN_POINT('',(100.81,-6.6388E-13,1.5));
#1888 = DIRECTION('',(0.,0.,1.));
#1889 = DIRECTION('',(1.,0.,0.));
#1890 = ADVANCED_FACE('',(#1891,#1899),#1902,.F.);
#1891 = FACE_BOUND('',#1892,.T.);
#1892 = EDGE_LOOP('',(#1893,#1894,#1895,#1896,#1897,#1898));
#1893 = ORIENTED_EDGE('',*,*,#1159,.T.);
#1894 = ORIENTED_EDGE('',*,*,#1183,.T.);
#1895 = ORIENTED_EDGE('',*,*,#1207,.T.);
#1896 = ORIENTED_EDGE('',*,*,#1231,.T.);
#1897 = ORIENTED_EDGE('',*,*,#1255,.T.);
#1898 = ORIENTED_EDGE('',*,*,#1279,.T.);
#1899 = FACE_BOUND('',#1900,.T.);
#1900 = EDGE_LOOP('',(#1901));
#1901 = ORIENTED_EDGE('',*,*,#1694,.F.);
#1902 = PLANE('',#1903);
#1903 = AXIS2_PLACEMENT_3D('',#1904,#1905,#1906);
#1904 = CARTESIAN_POINT('',(100.81,-6.6388E-13,1.5));
#1905 = DIRECTION('',(0.,0.,1.));
#1906 = DIRECTION('',(1.,0.,0.));
#1907 = ADVANCED_FACE('',(#1908,#1916),#1919,.F.);
#1908 = FACE_BOUND('',#1909,.T.);
#1909 = EDGE_LOOP('',(#1910,#1911,#1912,#1913,#1914,#1915));
#1910 = ORIENTED_EDGE('',*,*,#1423,.F.);
#1911 = ORIENTED_EDGE('',*,*,#1303,.F.);
#1912 = ORIENTED_EDGE('',*,*,#1334,.F.);
#1913 = ORIENTED_EDGE('',*,*,#1358,.F.);
#1914 = ORIENTED_EDGE('',*,*,#1382,.F.);
#1915 = ORIENTED_EDGE('',*,*,#1406,.F.);
#1916 = FACE_BOUND('',#1917,.T.);
#1917 = EDGE_LOOP('',(#1918));
#1918 = ORIENTED_EDGE('',*,*,#1719,.F.);
#1919 = PLANE('',#1920);
#1920 = AXIS2_PLACEMENT_3D('',#1921,#1922,#1923);
#1921 = CARTESIAN_POINT('',(100.81,-6.6388E-13,1.5));
#1922 = DIRECTION('',(0.,0.,1.));
#1923 = DIRECTION('',(1.,0.,0.));
#1924 = ADVANCED_FACE('',(#1925),#1931,.T.);
#1925 = FACE_BOUND('',#1926,.F.);
#1926 = EDGE_LOOP('',(#1927,#1928,#1929,#1930));
#1927 = ORIENTED_EDGE('',*,*,#1451,.F.);
#1928 = ORIENTED_EDGE('',*,*,#1819,.T.);
#1929 = ORIENTED_EDGE('',*,*,#1785,.T.);
#1930 = ORIENTED_EDGE('',*,*,#1735,.F.);
#1931 = PLANE('',#1932);
#1932 = AXIS2_PLACEMENT_3D('',#1933,#1934,#1935);
#1933 = CARTESIAN_POINT('',(100.,-42.5,13.5));
#1934 = DIRECTION('',(0.,0.,1.));
#1935 = DIRECTION('',(1.,0.,0.));
#1936 = ADVANCED_FACE('',(#1937),#1946,.T.);
#1937 = FACE_BOUND('',#1938,.F.);
#1938 = EDGE_LOOP('',(#1939,#1940));
#1939 = ORIENTED_EDGE('',*,*,#1484,.T.);
#1940 = ORIENTED_EDGE('',*,*,#1941,.F.);
#1941 = EDGE_CURVE('',#1476,#1485,#1942,.T.);
#1942 = LINE('',#1943,#1944);
#1943 = CARTESIAN_POINT('',(35.4,-41.55,2.5));
#1944 = VECTOR('',#1945,1.);
#1945 = DIRECTION('',(0.,1.,0.));
#1946 = PLANE('',#1947);
#1947 = AXIS2_PLACEMENT_3D('',#1948,#1949,#1950);
#1948 = CARTESIAN_POINT('',(35.4,-41.55,13.5));
#1949 = DIRECTION('',(-1.,-0.,-0.));
#1950 = DIRECTION('',(-0.,-1.,-0.));
#1951 = ADVANCED_FACE('',(#1952,#1960,#1994,#2028,#2062,#2096,#2107,
    #2118,#2129,#2140,#2174,#2185,#2219,#2230,#2241,#2252,#2263,#2297,
    #2308,#2319,#2330,#2341,#2352,#2363,#2397,#2431,#2465,#2499,#2510,
    #2521,#2532,#2543,#2554,#2588,#2599,#2633,#2644,#2655,#2666,#2677,
    #2711,#2722,#2756,#2767,#2778,#2789,#2800,#2811,#2845,#2856,#2867,
    #2878,#2889,#2923,#2934,#2968,#2979,#2990,#3001,#3012,#3046,#3057,
    #3068,#3079,#3090,#3101,#3135,#3146,#3180,#3214,#3248,#3259,#3270,
    #3281,#3292,#3303,#3337,#3348),#3382,.T.);
#1952 = FACE_BOUND('',#1953,.F.);
#1953 = EDGE_LOOP('',(#1954,#1955,#1956,#1957,#1958,#1959));
#1954 = ORIENTED_EDGE('',*,*,#1553,.T.);
#1955 = ORIENTED_EDGE('',*,*,#1530,.T.);
#1956 = ORIENTED_EDGE('',*,*,#1941,.T.);
#1957 = ORIENTED_EDGE('',*,*,#1579,.T.);
#1958 = ORIENTED_EDGE('',*,*,#1619,.T.);
#1959 = ORIENTED_EDGE('',*,*,#1602,.T.);
#1960 = FACE_BOUND('',#1961,.F.);
#1961 = EDGE_LOOP('',(#1962,#1972,#1980,#1988));
#1962 = ORIENTED_EDGE('',*,*,#1963,.F.);
#1963 = EDGE_CURVE('',#1964,#1966,#1968,.T.);
#1964 = VERTEX_POINT('',#1965);
#1965 = CARTESIAN_POINT('',(103.5,-28.3,2.5));
#1966 = VERTEX_POINT('',#1967);
#1967 = CARTESIAN_POINT('',(160.,-28.3,2.5));
#1968 = LINE('',#1969,#1970);
#1969 = CARTESIAN_POINT('',(103.5,-28.3,2.5));
#1970 = VECTOR('',#1971,1.);
#1971 = DIRECTION('',(1.,0.,0.));
#1972 = ORIENTED_EDGE('',*,*,#1973,.F.);
#1973 = EDGE_CURVE('',#1974,#1964,#1976,.T.);
#1974 = VERTEX_POINT('',#1975);
#1975 = CARTESIAN_POINT('',(103.5,-30.7,2.5));
#1976 = LINE('',#1977,#1978);
#1977 = CARTESIAN_POINT('',(103.5,-30.7,2.5));
#1978 = VECTOR('',#1979,1.);
#1979 = DIRECTION('',(0.,1.,0.));
#1980 = ORIENTED_EDGE('',*,*,#1981,.F.);
#1981 = EDGE_CURVE('',#1982,#1974,#1984,.T.);
#1982 = VERTEX_POINT('',#1983);
#1983 = CARTESIAN_POINT('',(160.,-30.7,2.5));
#1984 = LINE('',#1985,#1986);
#1985 = CARTESIAN_POINT('',(160.,-30.7,2.5));
#1986 = VECTOR('',#1987,1.);
#1987 = DIRECTION('',(-1.,-0.,-0.));
#1988 = ORIENTED_EDGE('',*,*,#1989,.F.);
#1989 = EDGE_CURVE('',#1966,#1982,#1990,.T.);
#1990 = LINE('',#1991,#1992);
#1991 = CARTESIAN_POINT('',(160.,-28.3,2.5));
#1992 = VECTOR('',#1993,1.);
#1993 = DIRECTION('',(-0.,-1.,-0.));
#1994 = FACE_BOUND('',#1995,.F.);
#1995 = EDGE_LOOP('',(#1996,#2006,#2014,#2022));
#1996 = ORIENTED_EDGE('',*,*,#1997,.F.);
#1997 = EDGE_CURVE('',#1998,#2000,#2002,.T.);
#1998 = VERTEX_POINT('',#1999);
#1999 = CARTESIAN_POINT('',(103.5,-23.7,2.5));
#2000 = VERTEX_POINT('',#2001);
#2001 = CARTESIAN_POINT('',(160.,-23.7,2.5));
#2002 = LINE('',#2003,#2004);
#2003 = CARTESIAN_POINT('',(103.5,-23.7,2.5));
#2004 = VECTOR('',#2005,1.);
#2005 = DIRECTION('',(1.,0.,0.));
#2006 = ORIENTED_EDGE('',*,*,#2007,.F.);
#2007 = EDGE_CURVE('',#2008,#1998,#2010,.T.);
#2008 = VERTEX_POINT('',#2009);
#2009 = CARTESIAN_POINT('',(103.5,-26.1,2.5));
#2010 = LINE('',#2011,#2012);
#2011 = CARTESIAN_POINT('',(103.5,-26.1,2.5));
#2012 = VECTOR('',#2013,1.);
#2013 = DIRECTION('',(0.,1.,0.));
#2014 = ORIENTED_EDGE('',*,*,#2015,.F.);
#2015 = EDGE_CURVE('',#2016,#2008,#2018,.T.);
#2016 = VERTEX_POINT('',#2017);
#2017 = CARTESIAN_POINT('',(160.,-26.1,2.5));
#2018 = LINE('',#2019,#2020);
#2019 = CARTESIAN_POINT('',(160.,-26.1,2.5));
#2020 = VECTOR('',#2021,1.);
#2021 = DIRECTION('',(-1.,-0.,-0.));
#2022 = ORIENTED_EDGE('',*,*,#2023,.F.);
#2023 = EDGE_CURVE('',#2000,#2016,#2024,.T.);
#2024 = LINE('',#2025,#2026);
#2025 = CARTESIAN_POINT('',(160.,-23.7,2.5));
#2026 = VECTOR('',#2027,1.);
#2027 = DIRECTION('',(-0.,-1.,-0.));
#2028 = FACE_BOUND('',#2029,.F.);
#2029 = EDGE_LOOP('',(#2030,#2040,#2048,#2056));
#2030 = ORIENTED_EDGE('',*,*,#2031,.F.);
#2031 = EDGE_CURVE('',#2032,#2034,#2036,.T.);
#2032 = VERTEX_POINT('',#2033);
#2033 = CARTESIAN_POINT('',(103.5,-19.1,2.5));
#2034 = VERTEX_POINT('',#2035);
#2035 = CARTESIAN_POINT('',(160.,-19.1,2.5));
#2036 = LINE('',#2037,#2038);
#2037 = CARTESIAN_POINT('',(103.5,-19.1,2.5));
#2038 = VECTOR('',#2039,1.);
#2039 = DIRECTION('',(1.,0.,0.));
#2040 = ORIENTED_EDGE('',*,*,#2041,.F.);
#2041 = EDGE_CURVE('',#2042,#2032,#2044,.T.);
#2042 = VERTEX_POINT('',#2043);
#2043 = CARTESIAN_POINT('',(103.5,-21.5,2.5));
#2044 = LINE('',#2045,#2046);
#2045 = CARTESIAN_POINT('',(103.5,-21.5,2.5));
#2046 = VECTOR('',#2047,1.);
#2047 = DIRECTION('',(0.,1.,0.));
#2048 = ORIENTED_EDGE('',*,*,#2049,.F.);
#2049 = EDGE_CURVE('',#2050,#2042,#2052,.T.);
#2050 = VERTEX_POINT('',#2051);
#2051 = CARTESIAN_POINT('',(160.,-21.5,2.5));
#2052 = LINE('',#2053,#2054);
#2053 = CARTESIAN_POINT('',(160.,-21.5,2.5));
#2054 = VECTOR('',#2055,1.);
#2055 = DIRECTION('',(-1.,-0.,-0.));
#2056 = ORIENTED_EDGE('',*,*,#2057,.F.);
#2057 = EDGE_CURVE('',#2034,#2050,#2058,.T.);
#2058 = LINE('',#2059,#2060);
#2059 = CARTESIAN_POINT('',(160.,-19.1,2.5));
#2060 = VECTOR('',#2061,1.);
#2061 = DIRECTION('',(-0.,-1.,-0.));
#2062 = FACE_BOUND('',#2063,.F.);
#2063 = EDGE_LOOP('',(#2064,#2074,#2082,#2090));
#2064 = ORIENTED_EDGE('',*,*,#2065,.F.);
#2065 = EDGE_CURVE('',#2066,#2068,#2070,.T.);
#2066 = VERTEX_POINT('',#2067);
#2067 = CARTESIAN_POINT('',(103.5,-32.9,2.5));
#2068 = VERTEX_POINT('',#2069);
#2069 = CARTESIAN_POINT('',(126.,-32.9,2.5));
#2070 = LINE('',#2071,#2072);
#2071 = CARTESIAN_POINT('',(103.5,-32.9,2.5));
#2072 = VECTOR('',#2073,1.);
#2073 = DIRECTION('',(1.,0.,0.));
#2074 = ORIENTED_EDGE('',*,*,#2075,.F.);
#2075 = EDGE_CURVE('',#2076,#2066,#2078,.T.);
#2076 = VERTEX_POINT('',#2077);
#2077 = CARTESIAN_POINT('',(103.5,-35.3,2.5));
#2078 = LINE('',#2079,#2080);
#2079 = CARTESIAN_POINT('',(103.5,-35.3,2.5));
#2080 = VECTOR('',#2081,1.);
#2081 = DIRECTION('',(0.,1.,0.));
#2082 = ORIENTED_EDGE('',*,*,#2083,.F.);
#2083 = EDGE_CURVE('',#2084,#2076,#2086,.T.);
#2084 = VERTEX_POINT('',#2085);
#2085 = CARTESIAN_POINT('',(126.,-35.3,2.5));
#2086 = LINE('',#2087,#2088);
#2087 = CARTESIAN_POINT('',(126.,-35.3,2.5));
#2088 = VECTOR('',#2089,1.);
#2089 = DIRECTION('',(-1.,-0.,-0.));
#2090 = ORIENTED_EDGE('',*,*,#2091,.F.);
#2091 = EDGE_CURVE('',#2068,#2084,#2092,.T.);
#2092 = LINE('',#2093,#2094);
#2093 = CARTESIAN_POINT('',(126.,-32.9,2.5));
#2094 = VECTOR('',#2095,1.);
#2095 = DIRECTION('',(-0.,-1.,-0.));
#2096 = FACE_BOUND('',#2097,.F.);
#2097 = EDGE_LOOP('',(#2098));
#2098 = ORIENTED_EDGE('',*,*,#2099,.F.);
#2099 = EDGE_CURVE('',#2100,#2100,#2102,.T.);
#2100 = VERTEX_POINT('',#2101);
#2101 = CARTESIAN_POINT('',(153.15,-15.25,2.5));
#2102 = CIRCLE('',#2103,1.);
#2103 = AXIS2_PLACEMENT_3D('',#2104,#2105,#2106);
#2104 = CARTESIAN_POINT('',(154.15,-15.25,2.5));
#2105 = DIRECTION('',(0.,0.,-1.));
#2106 = DIRECTION('',(-1.,-0.,-0.));
#2107 = FACE_BOUND('',#2108,.F.);
#2108 = EDGE_LOOP('',(#2109));
#2109 = ORIENTED_EDGE('',*,*,#2110,.F.);
#2110 = EDGE_CURVE('',#2111,#2111,#2113,.T.);
#2111 = VERTEX_POINT('',#2112);
#2112 = CARTESIAN_POINT('',(146.15,-14.2,2.5));
#2113 = CIRCLE('',#2114,1.);
#2114 = AXIS2_PLACEMENT_3D('',#2115,#2116,#2117);
#2115 = CARTESIAN_POINT('',(147.15,-14.2,2.5));
#2116 = DIRECTION('',(0.,0.,-1.));
#2117 = DIRECTION('',(-1.,-0.,-0.));
#2118 = FACE_BOUND('',#2119,.F.);
#2119 = EDGE_LOOP('',(#2120));
#2120 = ORIENTED_EDGE('',*,*,#2121,.F.);
#2121 = EDGE_CURVE('',#2122,#2122,#2124,.T.);
#2122 = VERTEX_POINT('',#2123);
#2123 = CARTESIAN_POINT('',(134.15,-15.25,2.5));
#2124 = CIRCLE('',#2125,1.);
#2125 = AXIS2_PLACEMENT_3D('',#2126,#2127,#2128);
#2126 = CARTESIAN_POINT('',(135.15,-15.25,2.5));
#2127 = DIRECTION('',(0.,0.,-1.));
#2128 = DIRECTION('',(-1.,-0.,-0.));
#2129 = FACE_BOUND('',#2130,.F.);
#2130 = EDGE_LOOP('',(#2131));
#2131 = ORIENTED_EDGE('',*,*,#2132,.F.);
#2132 = EDGE_CURVE('',#2133,#2133,#2135,.T.);
#2133 = VERTEX_POINT('',#2134);
#2134 = CARTESIAN_POINT('',(148.85,-9.5,2.5));
#2135 = CIRCLE('',#2136,2.7);
#2136 = AXIS2_PLACEMENT_3D('',#2137,#2138,#2139);
#2137 = CARTESIAN_POINT('',(151.55,-9.5,2.5));
#2138 = DIRECTION('',(0.,0.,-1.));
#2139 = DIRECTION('',(-1.,-0.,-0.));
#2140 = FACE_BOUND('',#2141,.F.);
#2141 = EDGE_LOOP('',(#2142,#2152,#2160,#2168));
#2142 = ORIENTED_EDGE('',*,*,#2143,.F.);
#2143 = EDGE_CURVE('',#2144,#2146,#2148,.T.);
#2144 = VERTEX_POINT('',#2145);
#2145 = CARTESIAN_POINT('',(154.25,-2.45,2.5));
#2146 = VERTEX_POINT('',#2147);
#2147 = CARTESIAN_POINT('',(154.25,-6.25,2.5));
#2148 = LINE('',#2149,#2150);
#2149 = CARTESIAN_POINT('',(154.25,-2.45,2.5));
#2150 = VECTOR('',#2151,1.);
#2151 = DIRECTION('',(-0.,-1.,-0.));
#2152 = ORIENTED_EDGE('',*,*,#2153,.F.);
#2153 = EDGE_CURVE('',#2154,#2144,#2156,.T.);
#2154 = VERTEX_POINT('',#2155);
#2155 = CARTESIAN_POINT('',(147.25,-2.45,2.5));
#2156 = LINE('',#2157,#2158);
#2157 = CARTESIAN_POINT('',(147.25,-2.45,2.5));
#2158 = VECTOR('',#2159,1.);
#2159 = DIRECTION('',(1.,0.,0.));
#2160 = ORIENTED_EDGE('',*,*,#2161,.F.);
#2161 = EDGE_CURVE('',#2162,#2154,#2164,.T.);
#2162 = VERTEX_POINT('',#2163);
#2163 = CARTESIAN_POINT('',(147.25,-6.25,2.5));
#2164 = LINE('',#2165,#2166);
#2165 = CARTESIAN_POINT('',(147.25,-6.25,2.5));
#2166 = VECTOR('',#2167,1.);
#2167 = DIRECTION('',(0.,1.,0.));
#2168 = ORIENTED_EDGE('',*,*,#2169,.F.);
#2169 = EDGE_CURVE('',#2146,#2162,#2170,.T.);
#2170 = LINE('',#2171,#2172);
#2171 = CARTESIAN_POINT('',(154.25,-6.25,2.5));
#2172 = VECTOR('',#2173,1.);
#2173 = DIRECTION('',(-1.,-0.,-0.));
#2174 = FACE_BOUND('',#2175,.F.);
#2175 = EDGE_LOOP('',(#2176));
#2176 = ORIENTED_EDGE('',*,*,#2177,.F.);
#2177 = EDGE_CURVE('',#2178,#2178,#2180,.T.);
#2178 = VERTEX_POINT('',#2179);
#2179 = CARTESIAN_POINT('',(129.85,-9.5,2.5));
#2180 = CIRCLE('',#2181,2.7);
#2181 = AXIS2_PLACEMENT_3D('',#2182,#2183,#2184);
#2182 = CARTESIAN_POINT('',(132.55,-9.5,2.5));
#2183 = DIRECTION('',(0.,0.,-1.));
#2184 = DIRECTION('',(-1.,-0.,-0.));
#2185 = FACE_BOUND('',#2186,.F.);
#2186 = EDGE_LOOP('',(#2187,#2197,#2205,#2213));
#2187 = ORIENTED_EDGE('',*,*,#2188,.F.);
#2188 = EDGE_CURVE('',#2189,#2191,#2193,.T.);
#2189 = VERTEX_POINT('',#2190);
#2190 = CARTESIAN_POINT('',(135.25,-2.45,2.5));
#2191 = VERTEX_POINT('',#2192);
#2192 = CARTESIAN_POINT('',(135.25,-6.25,2.5));
#2193 = LINE('',#2194,#2195);
#2194 = CARTESIAN_POINT('',(135.25,-2.45,2.5));
#2195 = VECTOR('',#2196,1.);
#2196 = DIRECTION('',(-0.,-1.,-0.));
#2197 = ORIENTED_EDGE('',*,*,#2198,.F.);
#2198 = EDGE_CURVE('',#2199,#2189,#2201,.T.);
#2199 = VERTEX_POINT('',#2200);
#2200 = CARTESIAN_POINT('',(128.25,-2.45,2.5));
#2201 = LINE('',#2202,#2203);
#2202 = CARTESIAN_POINT('',(128.25,-2.45,2.5));
#2203 = VECTOR('',#2204,1.);
#2204 = DIRECTION('',(1.,0.,0.));
#2205 = ORIENTED_EDGE('',*,*,#2206,.F.);
#2206 = EDGE_CURVE('',#2207,#2199,#2209,.T.);
#2207 = VERTEX_POINT('',#2208);
#2208 = CARTESIAN_POINT('',(128.25,-6.25,2.5));
#2209 = LINE('',#2210,#2211);
#2210 = CARTESIAN_POINT('',(128.25,-6.25,2.5));
#2211 = VECTOR('',#2212,1.);
#2212 = DIRECTION('',(0.,1.,0.));
#2213 = ORIENTED_EDGE('',*,*,#2214,.F.);
#2214 = EDGE_CURVE('',#2191,#2207,#2215,.T.);
#2215 = LINE('',#2216,#2217);
#2216 = CARTESIAN_POINT('',(135.25,-6.25,2.5));
#2217 = VECTOR('',#2218,1.);
#2218 = DIRECTION('',(-1.,-0.,-0.));
#2219 = FACE_BOUND('',#2220,.F.);
#2220 = EDGE_LOOP('',(#2221));
#2221 = ORIENTED_EDGE('',*,*,#2222,.F.);
#2222 = EDGE_CURVE('',#2223,#2223,#2225,.T.);
#2223 = VERTEX_POINT('',#2224);
#2224 = CARTESIAN_POINT('',(115.15,-15.25,2.5));
#2225 = CIRCLE('',#2226,1.);
#2226 = AXIS2_PLACEMENT_3D('',#2227,#2228,#2229);
#2227 = CARTESIAN_POINT('',(116.15,-15.25,2.5));
#2228 = DIRECTION('',(0.,0.,-1.));
#2229 = DIRECTION('',(-1.,-0.,-0.));
#2230 = FACE_BOUND('',#2231,.F.);
#2231 = EDGE_LOOP('',(#2232));
#2232 = ORIENTED_EDGE('',*,*,#2233,.F.);
#2233 = EDGE_CURVE('',#2234,#2234,#2236,.T.);
#2234 = VERTEX_POINT('',#2235);
#2235 = CARTESIAN_POINT('',(127.15,-14.2,2.5));
#2236 = CIRCLE('',#2237,1.);
#2237 = AXIS2_PLACEMENT_3D('',#2238,#2239,#2240);
#2238 = CARTESIAN_POINT('',(128.15,-14.2,2.5));
#2239 = DIRECTION('',(0.,0.,-1.));
#2240 = DIRECTION('',(-1.,-0.,-0.));
#2241 = FACE_BOUND('',#2242,.F.);
#2242 = EDGE_LOOP('',(#2243));
#2243 = ORIENTED_EDGE('',*,*,#2244,.F.);
#2244 = EDGE_CURVE('',#2245,#2245,#2247,.T.);
#2245 = VERTEX_POINT('',#2246);
#2246 = CARTESIAN_POINT('',(108.15,-14.2,2.5));
#2247 = CIRCLE('',#2248,1.);
#2248 = AXIS2_PLACEMENT_3D('',#2249,#2250,#2251);
#2249 = CARTESIAN_POINT('',(109.15,-14.2,2.5));
#2250 = DIRECTION('',(0.,0.,-1.));
#2251 = DIRECTION('',(-1.,-0.,-0.));
#2252 = FACE_BOUND('',#2253,.F.);
#2253 = EDGE_LOOP('',(#2254));
#2254 = ORIENTED_EDGE('',*,*,#2255,.F.);
#2255 = EDGE_CURVE('',#2256,#2256,#2258,.T.);
#2256 = VERTEX_POINT('',#2257);
#2257 = CARTESIAN_POINT('',(110.85,-9.5,2.5));
#2258 = CIRCLE('',#2259,2.7);
#2259 = AXIS2_PLACEMENT_3D('',#2260,#2261,#2262);
#2260 = CARTESIAN_POINT('',(113.55,-9.5,2.5));
#2261 = DIRECTION('',(0.,0.,-1.));
#2262 = DIRECTION('',(-1.,-0.,-0.));
#2263 = FACE_BOUND('',#2264,.F.);
#2264 = EDGE_LOOP('',(#2265,#2275,#2283,#2291));
#2265 = ORIENTED_EDGE('',*,*,#2266,.F.);
#2266 = EDGE_CURVE('',#2267,#2269,#2271,.T.);
#2267 = VERTEX_POINT('',#2268);
#2268 = CARTESIAN_POINT('',(116.25,-2.45,2.5));
#2269 = VERTEX_POINT('',#2270);
#2270 = CARTESIAN_POINT('',(116.25,-6.25,2.5));
#2271 = LINE('',#2272,#2273);
#2272 = CARTESIAN_POINT('',(116.25,-2.45,2.5));
#2273 = VECTOR('',#2274,1.);
#2274 = DIRECTION('',(-0.,-1.,-0.));
#2275 = ORIENTED_EDGE('',*,*,#2276,.F.);
#2276 = EDGE_CURVE('',#2277,#2267,#2279,.T.);
#2277 = VERTEX_POINT('',#2278);
#2278 = CARTESIAN_POINT('',(109.25,-2.45,2.5));
#2279 = LINE('',#2280,#2281);
#2280 = CARTESIAN_POINT('',(109.25,-2.45,2.5));
#2281 = VECTOR('',#2282,1.);
#2282 = DIRECTION('',(1.,0.,0.));
#2283 = ORIENTED_EDGE('',*,*,#2284,.F.);
#2284 = EDGE_CURVE('',#2285,#2277,#2287,.T.);
#2285 = VERTEX_POINT('',#2286);
#2286 = CARTESIAN_POINT('',(109.25,-6.25,2.5));
#2287 = LINE('',#2288,#2289);
#2288 = CARTESIAN_POINT('',(109.25,-6.25,2.5));
#2289 = VECTOR('',#2290,1.);
#2290 = DIRECTION('',(0.,1.,0.));
#2291 = ORIENTED_EDGE('',*,*,#2292,.F.);
#2292 = EDGE_CURVE('',#2269,#2285,#2293,.T.);
#2293 = LINE('',#2294,#2295);
#2294 = CARTESIAN_POINT('',(116.25,-6.25,2.5));
#2295 = VECTOR('',#2296,1.);
#2296 = DIRECTION('',(-1.,-0.,-0.));
#2297 = FACE_BOUND('',#2298,.F.);
#2298 = EDGE_LOOP('',(#2299));
#2299 = ORIENTED_EDGE('',*,*,#2300,.F.);
#2300 = EDGE_CURVE('',#2301,#2301,#2303,.T.);
#2301 = VERTEX_POINT('',#2302);
#2302 = CARTESIAN_POINT('',(96.15,-34.25,2.5));
#2303 = CIRCLE('',#2304,1.);
#2304 = AXIS2_PLACEMENT_3D('',#2305,#2306,#2307);
#2305 = CARTESIAN_POINT('',(97.15,-34.25,2.5));
#2306 = DIRECTION('',(0.,0.,-1.));
#2307 = DIRECTION('',(-1.,-0.,-0.));
#2308 = FACE_BOUND('',#2309,.F.);
#2309 = EDGE_LOOP('',(#2310));
#2310 = ORIENTED_EDGE('',*,*,#2311,.F.);
#2311 = EDGE_CURVE('',#2312,#2312,#2314,.T.);
#2312 = VERTEX_POINT('',#2313);
#2313 = CARTESIAN_POINT('',(89.15,-33.2,2.5));
#2314 = CIRCLE('',#2315,1.);
#2315 = AXIS2_PLACEMENT_3D('',#2316,#2317,#2318);
#2316 = CARTESIAN_POINT('',(90.15,-33.2,2.5));
#2317 = DIRECTION('',(0.,0.,-1.));
#2318 = DIRECTION('',(-1.,-0.,-0.));
#2319 = FACE_BOUND('',#2320,.F.);
#2320 = EDGE_LOOP('',(#2321));
#2321 = ORIENTED_EDGE('',*,*,#2322,.F.);
#2322 = EDGE_CURVE('',#2323,#2323,#2325,.T.);
#2323 = VERTEX_POINT('',#2324);
#2324 = CARTESIAN_POINT('',(91.85,-28.5,2.5));
#2325 = CIRCLE('',#2326,2.7);
#2326 = AXIS2_PLACEMENT_3D('',#2327,#2328,#2329);
#2327 = CARTESIAN_POINT('',(94.55,-28.5,2.5));
#2328 = DIRECTION('',(0.,0.,-1.));
#2329 = DIRECTION('',(-1.,-0.,-0.));
#2330 = FACE_BOUND('',#2331,.F.);
#2331 = EDGE_LOOP('',(#2332));
#2332 = ORIENTED_EDGE('',*,*,#2333,.F.);
#2333 = EDGE_CURVE('',#2334,#2334,#2336,.T.);
#2334 = VERTEX_POINT('',#2335);
#2335 = CARTESIAN_POINT('',(77.15,-34.25,2.5));
#2336 = CIRCLE('',#2337,1.);
#2337 = AXIS2_PLACEMENT_3D('',#2338,#2339,#2340);
#2338 = CARTESIAN_POINT('',(78.15,-34.25,2.5));
#2339 = DIRECTION('',(0.,0.,-1.));
#2340 = DIRECTION('',(-1.,-0.,-0.));
#2341 = FACE_BOUND('',#2342,.F.);
#2342 = EDGE_LOOP('',(#2343));
#2343 = ORIENTED_EDGE('',*,*,#2344,.F.);
#2344 = EDGE_CURVE('',#2345,#2345,#2347,.T.);
#2345 = VERTEX_POINT('',#2346);
#2346 = CARTESIAN_POINT('',(70.15,-33.2,2.5));
#2347 = CIRCLE('',#2348,1.);
#2348 = AXIS2_PLACEMENT_3D('',#2349,#2350,#2351);
#2349 = CARTESIAN_POINT('',(71.15,-33.2,2.5));
#2350 = DIRECTION('',(0.,0.,-1.));
#2351 = DIRECTION('',(-1.,-0.,-0.));
#2352 = FACE_BOUND('',#2353,.F.);
#2353 = EDGE_LOOP('',(#2354));
#2354 = ORIENTED_EDGE('',*,*,#2355,.F.);
#2355 = EDGE_CURVE('',#2356,#2356,#2358,.T.);
#2356 = VERTEX_POINT('',#2357);
#2357 = CARTESIAN_POINT('',(72.85,-28.5,2.5));
#2358 = CIRCLE('',#2359,2.7);
#2359 = AXIS2_PLACEMENT_3D('',#2360,#2361,#2362);
#2360 = CARTESIAN_POINT('',(75.55,-28.5,2.5));
#2361 = DIRECTION('',(0.,0.,-1.));
#2362 = DIRECTION('',(-1.,-0.,-0.));
#2363 = FACE_BOUND('',#2364,.F.);
#2364 = EDGE_LOOP('',(#2365,#2375,#2383,#2391));
#2365 = ORIENTED_EDGE('',*,*,#2366,.F.);
#2366 = EDGE_CURVE('',#2367,#2369,#2371,.T.);
#2367 = VERTEX_POINT('',#2368);
#2368 = CARTESIAN_POINT('',(97.25,-21.45,2.5));
#2369 = VERTEX_POINT('',#2370);
#2370 = CARTESIAN_POINT('',(97.25,-25.25,2.5));
#2371 = LINE('',#2372,#2373);
#2372 = CARTESIAN_POINT('',(97.25,-21.45,2.5));
#2373 = VECTOR('',#2374,1.);
#2374 = DIRECTION('',(-0.,-1.,-0.));
#2375 = ORIENTED_EDGE('',*,*,#2376,.F.);
#2376 = EDGE_CURVE('',#2377,#2367,#2379,.T.);
#2377 = VERTEX_POINT('',#2378);
#2378 = CARTESIAN_POINT('',(90.25,-21.45,2.5));
#2379 = LINE('',#2380,#2381);
#2380 = CARTESIAN_POINT('',(90.25,-21.45,2.5));
#2381 = VECTOR('',#2382,1.);
#2382 = DIRECTION('',(1.,0.,0.));
#2383 = ORIENTED_EDGE('',*,*,#2384,.F.);
#2384 = EDGE_CURVE('',#2385,#2377,#2387,.T.);
#2385 = VERTEX_POINT('',#2386);
#2386 = CARTESIAN_POINT('',(90.25,-25.25,2.5));
#2387 = LINE('',#2388,#2389);
#2388 = CARTESIAN_POINT('',(90.25,-25.25,2.5));
#2389 = VECTOR('',#2390,1.);
#2390 = DIRECTION('',(0.,1.,0.));
#2391 = ORIENTED_EDGE('',*,*,#2392,.F.);
#2392 = EDGE_CURVE('',#2369,#2385,#2393,.T.);
#2393 = LINE('',#2394,#2395);
#2394 = CARTESIAN_POINT('',(97.25,-25.25,2.5));
#2395 = VECTOR('',#2396,1.);
#2396 = DIRECTION('',(-1.,-0.,-0.));
#2397 = FACE_BOUND('',#2398,.F.);
#2398 = EDGE_LOOP('',(#2399,#2409,#2417,#2425));
#2399 = ORIENTED_EDGE('',*,*,#2400,.F.);
#2400 = EDGE_CURVE('',#2401,#2403,#2405,.T.);
#2401 = VERTEX_POINT('',#2402);
#2402 = CARTESIAN_POINT('',(78.25,-21.45,2.5));
#2403 = VERTEX_POINT('',#2404);
#2404 = CARTESIAN_POINT('',(78.25,-25.25,2.5));
#2405 = LINE('',#2406,#2407);
#2406 = CARTESIAN_POINT('',(78.25,-21.45,2.5));
#2407 = VECTOR('',#2408,1.);
#2408 = DIRECTION('',(-0.,-1.,-0.));
#2409 = ORIENTED_EDGE('',*,*,#2410,.F.);
#2410 = EDGE_CURVE('',#2411,#2401,#2413,.T.);
#2411 = VERTEX_POINT('',#2412);
#2412 = CARTESIAN_POINT('',(71.25,-21.45,2.5));
#2413 = LINE('',#2414,#2415);
#2414 = CARTESIAN_POINT('',(71.25,-21.45,2.5));
#2415 = VECTOR('',#2416,1.);
#2416 = DIRECTION('',(1.,0.,0.));
#2417 = ORIENTED_EDGE('',*,*,#2418,.F.);
#2418 = EDGE_CURVE('',#2419,#2411,#2421,.T.);
#2419 = VERTEX_POINT('',#2420);
#2420 = CARTESIAN_POINT('',(71.25,-25.25,2.5));
#2421 = LINE('',#2422,#2423);
#2422 = CARTESIAN_POINT('',(71.25,-25.25,2.5));
#2423 = VECTOR('',#2424,1.);
#2424 = DIRECTION('',(0.,1.,0.));
#2425 = ORIENTED_EDGE('',*,*,#2426,.F.);
#2426 = EDGE_CURVE('',#2403,#2419,#2427,.T.);
#2427 = LINE('',#2428,#2429);
#2428 = CARTESIAN_POINT('',(78.25,-25.25,2.5));
#2429 = VECTOR('',#2430,1.);
#2430 = DIRECTION('',(-1.,-0.,-0.));
#2431 = FACE_BOUND('',#2432,.F.);
#2432 = EDGE_LOOP('',(#2433,#2443,#2451,#2459));
#2433 = ORIENTED_EDGE('',*,*,#2434,.F.);
#2434 = EDGE_CURVE('',#2435,#2437,#2439,.T.);
#2435 = VERTEX_POINT('',#2436);
#2436 = CARTESIAN_POINT('',(38.125,-37.375,2.5));
#2437 = VERTEX_POINT('',#2438);
#2438 = CARTESIAN_POINT('',(38.125,-27.375,2.5));
#2439 = LINE('',#2440,#2441);
#2440 = CARTESIAN_POINT('',(38.125,-37.375,2.5));
#2441 = VECTOR('',#2442,1.);
#2442 = DIRECTION('',(0.,1.,0.));
#2443 = ORIENTED_EDGE('',*,*,#2444,.F.);
#2444 = EDGE_CURVE('',#2445,#2435,#2447,.T.);
#2445 = VERTEX_POINT('',#2446);
#2446 = CARTESIAN_POINT('',(53.125,-37.375,2.5));
#2447 = LINE('',#2448,#2449);
#2448 = CARTESIAN_POINT('',(53.125,-37.375,2.5));
#2449 = VECTOR('',#2450,1.);
#2450 = DIRECTION('',(-1.,-0.,-0.));
#2451 = ORIENTED_EDGE('',*,*,#2452,.F.);
#2452 = EDGE_CURVE('',#2453,#2445,#2455,.T.);
#2453 = VERTEX_POINT('',#2454);
#2454 = CARTESIAN_POINT('',(53.125,-27.375,2.5));
#2455 = LINE('',#2456,#2457);
#2456 = CARTESIAN_POINT('',(53.125,-27.375,2.5));
#2457 = VECTOR('',#2458,1.);
#2458 = DIRECTION('',(-0.,-1.,-0.));
#2459 = ORIENTED_EDGE('',*,*,#2460,.F.);
#2460 = EDGE_CURVE('',#2437,#2453,#2461,.T.);
#2461 = LINE('',#2462,#2463);
#2462 = CARTESIAN_POINT('',(38.125,-27.375,2.5));
#2463 = VECTOR('',#2464,1.);
#2464 = DIRECTION('',(1.,0.,0.));
#2465 = FACE_BOUND('',#2466,.F.);
#2466 = EDGE_LOOP('',(#2467,#2477,#2485,#2493));
#2467 = ORIENTED_EDGE('',*,*,#2468,.F.);
#2468 = EDGE_CURVE('',#2469,#2471,#2473,.T.);
#2469 = VERTEX_POINT('',#2470);
#2470 = CARTESIAN_POINT('',(57.5,-18.,2.5));
#2471 = VERTEX_POINT('',#2472);
#2472 = CARTESIAN_POINT('',(57.5,-20.6,2.5));
#2473 = LINE('',#2474,#2475);
#2474 = CARTESIAN_POINT('',(57.5,-18.,2.5));
#2475 = VECTOR('',#2476,1.);
#2476 = DIRECTION('',(-0.,-1.,-0.));
#2477 = ORIENTED_EDGE('',*,*,#2478,.F.);
#2478 = EDGE_CURVE('',#2479,#2469,#2481,.T.);
#2479 = VERTEX_POINT('',#2480);
#2480 = CARTESIAN_POINT('',(47.5,-18.,2.5));
#2481 = LINE('',#2482,#2483);
#2482 = CARTESIAN_POINT('',(47.5,-18.,2.5));
#2483 = VECTOR('',#2484,1.);
#2484 = DIRECTION('',(1.,0.,0.));
#2485 = ORIENTED_EDGE('',*,*,#2486,.F.);
#2486 = EDGE_CURVE('',#2487,#2479,#2489,.T.);
#2487 = VERTEX_POINT('',#2488);
#2488 = CARTESIAN_POINT('',(47.5,-20.6,2.5));
#2489 = LINE('',#2490,#2491);
#2490 = CARTESIAN_POINT('',(47.5,-20.6,2.5));
#2491 = VECTOR('',#2492,1.);
#2492 = DIRECTION('',(0.,1.,0.));
#2493 = ORIENTED_EDGE('',*,*,#2494,.F.);
#2494 = EDGE_CURVE('',#2471,#2487,#2495,.T.);
#2495 = LINE('',#2496,#2497);
#2496 = CARTESIAN_POINT('',(57.5,-20.6,2.5));
#2497 = VECTOR('',#2498,1.);
#2498 = DIRECTION('',(-1.,-0.,-0.));
#2499 = FACE_BOUND('',#2500,.F.);
#2500 = EDGE_LOOP('',(#2501));
#2501 = ORIENTED_EDGE('',*,*,#2502,.F.);
#2502 = EDGE_CURVE('',#2503,#2503,#2505,.T.);
#2503 = VERTEX_POINT('',#2504);
#2504 = CARTESIAN_POINT('',(96.15,-15.25,2.5));
#2505 = CIRCLE('',#2506,1.);
#2506 = AXIS2_PLACEMENT_3D('',#2507,#2508,#2509);
#2507 = CARTESIAN_POINT('',(97.15,-15.25,2.5));
#2508 = DIRECTION('',(0.,0.,-1.));
#2509 = DIRECTION('',(-1.,-0.,-0.));
#2510 = FACE_BOUND('',#2511,.F.);
#2511 = EDGE_LOOP('',(#2512));
#2512 = ORIENTED_EDGE('',*,*,#2513,.F.);
#2513 = EDGE_CURVE('',#2514,#2514,#2516,.T.);
#2514 = VERTEX_POINT('',#2515);
#2515 = CARTESIAN_POINT('',(89.15,-14.2,2.5));
#2516 = CIRCLE('',#2517,1.);
#2517 = AXIS2_PLACEMENT_3D('',#2518,#2519,#2520);
#2518 = CARTESIAN_POINT('',(90.15,-14.2,2.5));
#2519 = DIRECTION('',(0.,0.,-1.));
#2520 = DIRECTION('',(-1.,-0.,-0.));
#2521 = FACE_BOUND('',#2522,.F.);
#2522 = EDGE_LOOP('',(#2523));
#2523 = ORIENTED_EDGE('',*,*,#2524,.F.);
#2524 = EDGE_CURVE('',#2525,#2525,#2527,.T.);
#2525 = VERTEX_POINT('',#2526);
#2526 = CARTESIAN_POINT('',(77.15,-15.25,2.5));
#2527 = CIRCLE('',#2528,1.);
#2528 = AXIS2_PLACEMENT_3D('',#2529,#2530,#2531);
#2529 = CARTESIAN_POINT('',(78.15,-15.25,2.5));
#2530 = DIRECTION('',(0.,0.,-1.));
#2531 = DIRECTION('',(-1.,-0.,-0.));
#2532 = FACE_BOUND('',#2533,.F.);
#2533 = EDGE_LOOP('',(#2534));
#2534 = ORIENTED_EDGE('',*,*,#2535,.F.);
#2535 = EDGE_CURVE('',#2536,#2536,#2538,.T.);
#2536 = VERTEX_POINT('',#2537);
#2537 = CARTESIAN_POINT('',(70.15,-14.2,2.5));
#2538 = CIRCLE('',#2539,1.);
#2539 = AXIS2_PLACEMENT_3D('',#2540,#2541,#2542);
#2540 = CARTESIAN_POINT('',(71.15,-14.2,2.5));
#2541 = DIRECTION('',(0.,0.,-1.));
#2542 = DIRECTION('',(-1.,-0.,-0.));
#2543 = FACE_BOUND('',#2544,.F.);
#2544 = EDGE_LOOP('',(#2545));
#2545 = ORIENTED_EDGE('',*,*,#2546,.F.);
#2546 = EDGE_CURVE('',#2547,#2547,#2549,.T.);
#2547 = VERTEX_POINT('',#2548);
#2548 = CARTESIAN_POINT('',(91.85,-9.5,2.5));
#2549 = CIRCLE('',#2550,2.7);
#2550 = AXIS2_PLACEMENT_3D('',#2551,#2552,#2553);
#2551 = CARTESIAN_POINT('',(94.55,-9.5,2.5));
#2552 = DIRECTION('',(0.,0.,-1.));
#2553 = DIRECTION('',(-1.,-0.,-0.));
#2554 = FACE_BOUND('',#2555,.F.);
#2555 = EDGE_LOOP('',(#2556,#2566,#2574,#2582));
#2556 = ORIENTED_EDGE('',*,*,#2557,.F.);
#2557 = EDGE_CURVE('',#2558,#2560,#2562,.T.);
#2558 = VERTEX_POINT('',#2559);
#2559 = CARTESIAN_POINT('',(97.25,-2.45,2.5));
#2560 = VERTEX_POINT('',#2561);
#2561 = CARTESIAN_POINT('',(97.25,-6.25,2.5));
#2562 = LINE('',#2563,#2564);
#2563 = CARTESIAN_POINT('',(97.25,-2.45,2.5));
#2564 = VECTOR('',#2565,1.);
#2565 = DIRECTION('',(-0.,-1.,-0.));
#2566 = ORIENTED_EDGE('',*,*,#2567,.F.);
#2567 = EDGE_CURVE('',#2568,#2558,#2570,.T.);
#2568 = VERTEX_POINT('',#2569);
#2569 = CARTESIAN_POINT('',(90.25,-2.45,2.5));
#2570 = LINE('',#2571,#2572);
#2571 = CARTESIAN_POINT('',(90.25,-2.45,2.5));
#2572 = VECTOR('',#2573,1.);
#2573 = DIRECTION('',(1.,0.,0.));
#2574 = ORIENTED_EDGE('',*,*,#2575,.F.);
#2575 = EDGE_CURVE('',#2576,#2568,#2578,.T.);
#2576 = VERTEX_POINT('',#2577);
#2577 = CARTESIAN_POINT('',(90.25,-6.25,2.5));
#2578 = LINE('',#2579,#2580);
#2579 = CARTESIAN_POINT('',(90.25,-6.25,2.5));
#2580 = VECTOR('',#2581,1.);
#2581 = DIRECTION('',(0.,1.,0.));
#2582 = ORIENTED_EDGE('',*,*,#2583,.F.);
#2583 = EDGE_CURVE('',#2560,#2576,#2584,.T.);
#2584 = LINE('',#2585,#2586);
#2585 = CARTESIAN_POINT('',(97.25,-6.25,2.5));
#2586 = VECTOR('',#2587,1.);
#2587 = DIRECTION('',(-1.,-0.,-0.));
#2588 = FACE_BOUND('',#2589,.F.);
#2589 = EDGE_LOOP('',(#2590));
#2590 = ORIENTED_EDGE('',*,*,#2591,.F.);
#2591 = EDGE_CURVE('',#2592,#2592,#2594,.T.);
#2592 = VERTEX_POINT('',#2593);
#2593 = CARTESIAN_POINT('',(72.85,-9.5,2.5));
#2594 = CIRCLE('',#2595,2.7);
#2595 = AXIS2_PLACEMENT_3D('',#2596,#2597,#2598);
#2596 = CARTESIAN_POINT('',(75.55,-9.5,2.5));
#2597 = DIRECTION('',(0.,0.,-1.));
#2598 = DIRECTION('',(-1.,-0.,-0.));
#2599 = FACE_BOUND('',#2600,.F.);
#2600 = EDGE_LOOP('',(#2601,#2611,#2619,#2627));
#2601 = ORIENTED_EDGE('',*,*,#2602,.F.);
#2602 = EDGE_CURVE('',#2603,#2605,#2607,.T.);
#2603 = VERTEX_POINT('',#2604);
#2604 = CARTESIAN_POINT('',(78.25,-2.45,2.5));
#2605 = VERTEX_POINT('',#2606);
#2606 = CARTESIAN_POINT('',(78.25,-6.25,2.5));
#2607 = LINE('',#2608,#2609);
#2608 = CARTESIAN_POINT('',(78.25,-2.45,2.5));
#2609 = VECTOR('',#2610,1.);
#2610 = DIRECTION('',(-0.,-1.,-0.));
#2611 = ORIENTED_EDGE('',*,*,#2612,.F.);
#2612 = EDGE_CURVE('',#2613,#2603,#2615,.T.);
#2613 = VERTEX_POINT('',#2614);
#2614 = CARTESIAN_POINT('',(71.25,-2.45,2.5));
#2615 = LINE('',#2616,#2617);
#2616 = CARTESIAN_POINT('',(71.25,-2.45,2.5));
#2617 = VECTOR('',#2618,1.);
#2618 = DIRECTION('',(1.,0.,0.));
#2619 = ORIENTED_EDGE('',*,*,#2620,.F.);
#2620 = EDGE_CURVE('',#2621,#2613,#2623,.T.);
#2621 = VERTEX_POINT('',#2622);
#2622 = CARTESIAN_POINT('',(71.25,-6.25,2.5));
#2623 = LINE('',#2624,#2625);
#2624 = CARTESIAN_POINT('',(71.25,-6.25,2.5));
#2625 = VECTOR('',#2626,1.);
#2626 = DIRECTION('',(0.,1.,0.));
#2627 = ORIENTED_EDGE('',*,*,#2628,.F.);
#2628 = EDGE_CURVE('',#2605,#2621,#2629,.T.);
#2629 = LINE('',#2630,#2631);
#2630 = CARTESIAN_POINT('',(78.25,-6.25,2.5));
#2631 = VECTOR('',#2632,1.);
#2632 = DIRECTION('',(-1.,-0.,-0.));
#2633 = FACE_BOUND('',#2634,.F.);
#2634 = EDGE_LOOP('',(#2635));
#2635 = ORIENTED_EDGE('',*,*,#2636,.F.);
#2636 = EDGE_CURVE('',#2637,#2637,#2639,.T.);
#2637 = VERTEX_POINT('',#2638);
#2638 = CARTESIAN_POINT('',(153.15,3.75,2.5));
#2639 = CIRCLE('',#2640,1.);
#2640 = AXIS2_PLACEMENT_3D('',#2641,#2642,#2643);
#2641 = CARTESIAN_POINT('',(154.15,3.75,2.5));
#2642 = DIRECTION('',(0.,0.,-1.));
#2643 = DIRECTION('',(-1.,-0.,-0.));
#2644 = FACE_BOUND('',#2645,.F.);
#2645 = EDGE_LOOP('',(#2646));
#2646 = ORIENTED_EDGE('',*,*,#2647,.F.);
#2647 = EDGE_CURVE('',#2648,#2648,#2650,.T.);
#2648 = VERTEX_POINT('',#2649);
#2649 = CARTESIAN_POINT('',(146.15,4.8,2.5));
#2650 = CIRCLE('',#2651,1.);
#2651 = AXIS2_PLACEMENT_3D('',#2652,#2653,#2654);
#2652 = CARTESIAN_POINT('',(147.15,4.8,2.5));
#2653 = DIRECTION('',(0.,0.,-1.));
#2654 = DIRECTION('',(-1.,-0.,-0.));
#2655 = FACE_BOUND('',#2656,.F.);
#2656 = EDGE_LOOP('',(#2657));
#2657 = ORIENTED_EDGE('',*,*,#2658,.F.);
#2658 = EDGE_CURVE('',#2659,#2659,#2661,.T.);
#2659 = VERTEX_POINT('',#2660);
#2660 = CARTESIAN_POINT('',(134.15,3.75,2.5));
#2661 = CIRCLE('',#2662,1.);
#2662 = AXIS2_PLACEMENT_3D('',#2663,#2664,#2665);
#2663 = CARTESIAN_POINT('',(135.15,3.75,2.5));
#2664 = DIRECTION('',(0.,0.,-1.));
#2665 = DIRECTION('',(-1.,-0.,-0.));
#2666 = FACE_BOUND('',#2667,.F.);
#2667 = EDGE_LOOP('',(#2668));
#2668 = ORIENTED_EDGE('',*,*,#2669,.F.);
#2669 = EDGE_CURVE('',#2670,#2670,#2672,.T.);
#2670 = VERTEX_POINT('',#2671);
#2671 = CARTESIAN_POINT('',(148.85,9.5,2.5));
#2672 = CIRCLE('',#2673,2.7);
#2673 = AXIS2_PLACEMENT_3D('',#2674,#2675,#2676);
#2674 = CARTESIAN_POINT('',(151.55,9.5,2.5));
#2675 = DIRECTION('',(0.,0.,-1.));
#2676 = DIRECTION('',(-1.,-0.,-0.));
#2677 = FACE_BOUND('',#2678,.F.);
#2678 = EDGE_LOOP('',(#2679,#2689,#2697,#2705));
#2679 = ORIENTED_EDGE('',*,*,#2680,.F.);
#2680 = EDGE_CURVE('',#2681,#2683,#2685,.T.);
#2681 = VERTEX_POINT('',#2682);
#2682 = CARTESIAN_POINT('',(154.25,16.55,2.5));
#2683 = VERTEX_POINT('',#2684);
#2684 = CARTESIAN_POINT('',(154.25,12.75,2.5));
#2685 = LINE('',#2686,#2687);
#2686 = CARTESIAN_POINT('',(154.25,16.55,2.5));
#2687 = VECTOR('',#2688,1.);
#2688 = DIRECTION('',(-0.,-1.,-0.));
#2689 = ORIENTED_EDGE('',*,*,#2690,.F.);
#2690 = EDGE_CURVE('',#2691,#2681,#2693,.T.);
#2691 = VERTEX_POINT('',#2692);
#2692 = CARTESIAN_POINT('',(147.25,16.55,2.5));
#2693 = LINE('',#2694,#2695);
#2694 = CARTESIAN_POINT('',(147.25,16.55,2.5));
#2695 = VECTOR('',#2696,1.);
#2696 = DIRECTION('',(1.,0.,0.));
#2697 = ORIENTED_EDGE('',*,*,#2698,.F.);
#2698 = EDGE_CURVE('',#2699,#2691,#2701,.T.);
#2699 = VERTEX_POINT('',#2700);
#2700 = CARTESIAN_POINT('',(147.25,12.75,2.5));
#2701 = LINE('',#2702,#2703);
#2702 = CARTESIAN_POINT('',(147.25,12.75,2.5));
#2703 = VECTOR('',#2704,1.);
#2704 = DIRECTION('',(0.,1.,0.));
#2705 = ORIENTED_EDGE('',*,*,#2706,.F.);
#2706 = EDGE_CURVE('',#2683,#2699,#2707,.T.);
#2707 = LINE('',#2708,#2709);
#2708 = CARTESIAN_POINT('',(154.25,12.75,2.5));
#2709 = VECTOR('',#2710,1.);
#2710 = DIRECTION('',(-1.,-0.,-0.));
#2711 = FACE_BOUND('',#2712,.F.);
#2712 = EDGE_LOOP('',(#2713));
#2713 = ORIENTED_EDGE('',*,*,#2714,.F.);
#2714 = EDGE_CURVE('',#2715,#2715,#2717,.T.);
#2715 = VERTEX_POINT('',#2716);
#2716 = CARTESIAN_POINT('',(129.85,9.5,2.5));
#2717 = CIRCLE('',#2718,2.7);
#2718 = AXIS2_PLACEMENT_3D('',#2719,#2720,#2721);
#2719 = CARTESIAN_POINT('',(132.55,9.5,2.5));
#2720 = DIRECTION('',(0.,0.,-1.));
#2721 = DIRECTION('',(-1.,-0.,-0.));
#2722 = FACE_BOUND('',#2723,.F.);
#2723 = EDGE_LOOP('',(#2724,#2734,#2742,#2750));
#2724 = ORIENTED_EDGE('',*,*,#2725,.F.);
#2725 = EDGE_CURVE('',#2726,#2728,#2730,.T.);
#2726 = VERTEX_POINT('',#2727);
#2727 = CARTESIAN_POINT('',(135.25,16.55,2.5));
#2728 = VERTEX_POINT('',#2729);
#2729 = CARTESIAN_POINT('',(135.25,12.75,2.5));
#2730 = LINE('',#2731,#2732);
#2731 = CARTESIAN_POINT('',(135.25,16.55,2.5));
#2732 = VECTOR('',#2733,1.);
#2733 = DIRECTION('',(-0.,-1.,-0.));
#2734 = ORIENTED_EDGE('',*,*,#2735,.F.);
#2735 = EDGE_CURVE('',#2736,#2726,#2738,.T.);
#2736 = VERTEX_POINT('',#2737);
#2737 = CARTESIAN_POINT('',(128.25,16.55,2.5));
#2738 = LINE('',#2739,#2740);
#2739 = CARTESIAN_POINT('',(128.25,16.55,2.5));
#2740 = VECTOR('',#2741,1.);
#2741 = DIRECTION('',(1.,0.,0.));
#2742 = ORIENTED_EDGE('',*,*,#2743,.F.);
#2743 = EDGE_CURVE('',#2744,#2736,#2746,.T.);
#2744 = VERTEX_POINT('',#2745);
#2745 = CARTESIAN_POINT('',(128.25,12.75,2.5));
#2746 = LINE('',#2747,#2748);
#2747 = CARTESIAN_POINT('',(128.25,12.75,2.5));
#2748 = VECTOR('',#2749,1.);
#2749 = DIRECTION('',(0.,1.,0.));
#2750 = ORIENTED_EDGE('',*,*,#2751,.F.);
#2751 = EDGE_CURVE('',#2728,#2744,#2752,.T.);
#2752 = LINE('',#2753,#2754);
#2753 = CARTESIAN_POINT('',(135.25,12.75,2.5));
#2754 = VECTOR('',#2755,1.);
#2755 = DIRECTION('',(-1.,-0.,-0.));
#2756 = FACE_BOUND('',#2757,.F.);
#2757 = EDGE_LOOP('',(#2758));
#2758 = ORIENTED_EDGE('',*,*,#2759,.F.);
#2759 = EDGE_CURVE('',#2760,#2760,#2762,.T.);
#2760 = VERTEX_POINT('',#2761);
#2761 = CARTESIAN_POINT('',(115.15,3.75,2.5));
#2762 = CIRCLE('',#2763,1.);
#2763 = AXIS2_PLACEMENT_3D('',#2764,#2765,#2766);
#2764 = CARTESIAN_POINT('',(116.15,3.75,2.5));
#2765 = DIRECTION('',(0.,0.,-1.));
#2766 = DIRECTION('',(-1.,-0.,-0.));
#2767 = FACE_BOUND('',#2768,.F.);
#2768 = EDGE_LOOP('',(#2769));
#2769 = ORIENTED_EDGE('',*,*,#2770,.F.);
#2770 = EDGE_CURVE('',#2771,#2771,#2773,.T.);
#2771 = VERTEX_POINT('',#2772);
#2772 = CARTESIAN_POINT('',(127.15,4.8,2.5));
#2773 = CIRCLE('',#2774,1.);
#2774 = AXIS2_PLACEMENT_3D('',#2775,#2776,#2777);
#2775 = CARTESIAN_POINT('',(128.15,4.8,2.5));
#2776 = DIRECTION('',(0.,0.,-1.));
#2777 = DIRECTION('',(-1.,-0.,-0.));
#2778 = FACE_BOUND('',#2779,.F.);
#2779 = EDGE_LOOP('',(#2780));
#2780 = ORIENTED_EDGE('',*,*,#2781,.F.);
#2781 = EDGE_CURVE('',#2782,#2782,#2784,.T.);
#2782 = VERTEX_POINT('',#2783);
#2783 = CARTESIAN_POINT('',(103.,0.,2.5));
#2784 = CIRCLE('',#2785,1.05);
#2785 = AXIS2_PLACEMENT_3D('',#2786,#2787,#2788);
#2786 = CARTESIAN_POINT('',(104.05,0.,2.5));
#2787 = DIRECTION('',(0.,0.,-1.));
#2788 = DIRECTION('',(-1.,-0.,-0.));
#2789 = FACE_BOUND('',#2790,.F.);
#2790 = EDGE_LOOP('',(#2791));
#2791 = ORIENTED_EDGE('',*,*,#2792,.F.);
#2792 = EDGE_CURVE('',#2793,#2793,#2795,.T.);
#2793 = VERTEX_POINT('',#2794);
#2794 = CARTESIAN_POINT('',(108.15,4.8,2.5));
#2795 = CIRCLE('',#2796,1.);
#2796 = AXIS2_PLACEMENT_3D('',#2797,#2798,#2799);
#2797 = CARTESIAN_POINT('',(109.15,4.8,2.5));
#2798 = DIRECTION('',(0.,0.,-1.));
#2799 = DIRECTION('',(-1.,-0.,-0.));
#2800 = FACE_BOUND('',#2801,.F.);
#2801 = EDGE_LOOP('',(#2802));
#2802 = ORIENTED_EDGE('',*,*,#2803,.F.);
#2803 = EDGE_CURVE('',#2804,#2804,#2806,.T.);
#2804 = VERTEX_POINT('',#2805);
#2805 = CARTESIAN_POINT('',(110.85,9.5,2.5));
#2806 = CIRCLE('',#2807,2.7);
#2807 = AXIS2_PLACEMENT_3D('',#2808,#2809,#2810);
#2808 = CARTESIAN_POINT('',(113.55,9.5,2.5));
#2809 = DIRECTION('',(0.,0.,-1.));
#2810 = DIRECTION('',(-1.,-0.,-0.));
#2811 = FACE_BOUND('',#2812,.F.);
#2812 = EDGE_LOOP('',(#2813,#2823,#2831,#2839));
#2813 = ORIENTED_EDGE('',*,*,#2814,.F.);
#2814 = EDGE_CURVE('',#2815,#2817,#2819,.T.);
#2815 = VERTEX_POINT('',#2816);
#2816 = CARTESIAN_POINT('',(116.25,16.55,2.5));
#2817 = VERTEX_POINT('',#2818);
#2818 = CARTESIAN_POINT('',(116.25,12.75,2.5));
#2819 = LINE('',#2820,#2821);
#2820 = CARTESIAN_POINT('',(116.25,16.55,2.5));
#2821 = VECTOR('',#2822,1.);
#2822 = DIRECTION('',(-0.,-1.,-0.));
#2823 = ORIENTED_EDGE('',*,*,#2824,.F.);
#2824 = EDGE_CURVE('',#2825,#2815,#2827,.T.);
#2825 = VERTEX_POINT('',#2826);
#2826 = CARTESIAN_POINT('',(109.25,16.55,2.5));
#2827 = LINE('',#2828,#2829);
#2828 = CARTESIAN_POINT('',(109.25,16.55,2.5));
#2829 = VECTOR('',#2830,1.);
#2830 = DIRECTION('',(1.,0.,0.));
#2831 = ORIENTED_EDGE('',*,*,#2832,.F.);
#2832 = EDGE_CURVE('',#2833,#2825,#2835,.T.);
#2833 = VERTEX_POINT('',#2834);
#2834 = CARTESIAN_POINT('',(109.25,12.75,2.5));
#2835 = LINE('',#2836,#2837);
#2836 = CARTESIAN_POINT('',(109.25,12.75,2.5));
#2837 = VECTOR('',#2838,1.);
#2838 = DIRECTION('',(0.,1.,0.));
#2839 = ORIENTED_EDGE('',*,*,#2840,.F.);
#2840 = EDGE_CURVE('',#2817,#2833,#2841,.T.);
#2841 = LINE('',#2842,#2843);
#2842 = CARTESIAN_POINT('',(116.25,12.75,2.5));
#2843 = VECTOR('',#2844,1.);
#2844 = DIRECTION('',(-1.,-0.,-0.));
#2845 = FACE_BOUND('',#2846,.F.);
#2846 = EDGE_LOOP('',(#2847));
#2847 = ORIENTED_EDGE('',*,*,#2848,.F.);
#2848 = EDGE_CURVE('',#2849,#2849,#2851,.T.);
#2849 = VERTEX_POINT('',#2850);
#2850 = CARTESIAN_POINT('',(153.15,22.75,2.5));
#2851 = CIRCLE('',#2852,1.);
#2852 = AXIS2_PLACEMENT_3D('',#2853,#2854,#2855);
#2853 = CARTESIAN_POINT('',(154.15,22.75,2.5));
#2854 = DIRECTION('',(0.,0.,-1.));
#2855 = DIRECTION('',(-1.,-0.,-0.));
#2856 = FACE_BOUND('',#2857,.F.);
#2857 = EDGE_LOOP('',(#2858));
#2858 = ORIENTED_EDGE('',*,*,#2859,.F.);
#2859 = EDGE_CURVE('',#2860,#2860,#2862,.T.);
#2860 = VERTEX_POINT('',#2861);
#2861 = CARTESIAN_POINT('',(146.15,23.8,2.5));
#2862 = CIRCLE('',#2863,1.);
#2863 = AXIS2_PLACEMENT_3D('',#2864,#2865,#2866);
#2864 = CARTESIAN_POINT('',(147.15,23.8,2.5));
#2865 = DIRECTION('',(0.,0.,-1.));
#2866 = DIRECTION('',(-1.,-0.,-0.));
#2867 = FACE_BOUND('',#2868,.F.);
#2868 = EDGE_LOOP('',(#2869));
#2869 = ORIENTED_EDGE('',*,*,#2870,.F.);
#2870 = EDGE_CURVE('',#2871,#2871,#2873,.T.);
#2871 = VERTEX_POINT('',#2872);
#2872 = CARTESIAN_POINT('',(134.15,22.75,2.5));
#2873 = CIRCLE('',#2874,1.);
#2874 = AXIS2_PLACEMENT_3D('',#2875,#2876,#2877);
#2875 = CARTESIAN_POINT('',(135.15,22.75,2.5));
#2876 = DIRECTION('',(0.,0.,-1.));
#2877 = DIRECTION('',(-1.,-0.,-0.));
#2878 = FACE_BOUND('',#2879,.F.);
#2879 = EDGE_LOOP('',(#2880));
#2880 = ORIENTED_EDGE('',*,*,#2881,.F.);
#2881 = EDGE_CURVE('',#2882,#2882,#2884,.T.);
#2882 = VERTEX_POINT('',#2883);
#2883 = CARTESIAN_POINT('',(148.85,28.5,2.5));
#2884 = CIRCLE('',#2885,2.7);
#2885 = AXIS2_PLACEMENT_3D('',#2886,#2887,#2888);
#2886 = CARTESIAN_POINT('',(151.55,28.5,2.5));
#2887 = DIRECTION('',(0.,0.,-1.));
#2888 = DIRECTION('',(-1.,-0.,-0.));
#2889 = FACE_BOUND('',#2890,.F.);
#2890 = EDGE_LOOP('',(#2891,#2901,#2909,#2917));
#2891 = ORIENTED_EDGE('',*,*,#2892,.F.);
#2892 = EDGE_CURVE('',#2893,#2895,#2897,.T.);
#2893 = VERTEX_POINT('',#2894);
#2894 = CARTESIAN_POINT('',(154.25,35.55,2.5));
#2895 = VERTEX_POINT('',#2896);
#2896 = CARTESIAN_POINT('',(154.25,31.75,2.5));
#2897 = LINE('',#2898,#2899);
#2898 = CARTESIAN_POINT('',(154.25,35.55,2.5));
#2899 = VECTOR('',#2900,1.);
#2900 = DIRECTION('',(-0.,-1.,-0.));
#2901 = ORIENTED_EDGE('',*,*,#2902,.F.);
#2902 = EDGE_CURVE('',#2903,#2893,#2905,.T.);
#2903 = VERTEX_POINT('',#2904);
#2904 = CARTESIAN_POINT('',(147.25,35.55,2.5));
#2905 = LINE('',#2906,#2907);
#2906 = CARTESIAN_POINT('',(147.25,35.55,2.5));
#2907 = VECTOR('',#2908,1.);
#2908 = DIRECTION('',(1.,0.,0.));
#2909 = ORIENTED_EDGE('',*,*,#2910,.F.);
#2910 = EDGE_CURVE('',#2911,#2903,#2913,.T.);
#2911 = VERTEX_POINT('',#2912);
#2912 = CARTESIAN_POINT('',(147.25,31.75,2.5));
#2913 = LINE('',#2914,#2915);
#2914 = CARTESIAN_POINT('',(147.25,31.75,2.5));
#2915 = VECTOR('',#2916,1.);
#2916 = DIRECTION('',(0.,1.,0.));
#2917 = ORIENTED_EDGE('',*,*,#2918,.F.);
#2918 = EDGE_CURVE('',#2895,#2911,#2919,.T.);
#2919 = LINE('',#2920,#2921);
#2920 = CARTESIAN_POINT('',(154.25,31.75,2.5));
#2921 = VECTOR('',#2922,1.);
#2922 = DIRECTION('',(-1.,-0.,-0.));
#2923 = FACE_BOUND('',#2924,.F.);
#2924 = EDGE_LOOP('',(#2925));
#2925 = ORIENTED_EDGE('',*,*,#2926,.F.);
#2926 = EDGE_CURVE('',#2927,#2927,#2929,.T.);
#2927 = VERTEX_POINT('',#2928);
#2928 = CARTESIAN_POINT('',(129.85,28.5,2.5));
#2929 = CIRCLE('',#2930,2.7);
#2930 = AXIS2_PLACEMENT_3D('',#2931,#2932,#2933);
#2931 = CARTESIAN_POINT('',(132.55,28.5,2.5));
#2932 = DIRECTION('',(0.,0.,-1.));
#2933 = DIRECTION('',(-1.,-0.,-0.));
#2934 = FACE_BOUND('',#2935,.F.);
#2935 = EDGE_LOOP('',(#2936,#2946,#2954,#2962));
#2936 = ORIENTED_EDGE('',*,*,#2937,.F.);
#2937 = EDGE_CURVE('',#2938,#2940,#2942,.T.);
#2938 = VERTEX_POINT('',#2939);
#2939 = CARTESIAN_POINT('',(135.25,35.55,2.5));
#2940 = VERTEX_POINT('',#2941);
#2941 = CARTESIAN_POINT('',(135.25,31.75,2.5));
#2942 = LINE('',#2943,#2944);
#2943 = CARTESIAN_POINT('',(135.25,35.55,2.5));
#2944 = VECTOR('',#2945,1.);
#2945 = DIRECTION('',(-0.,-1.,-0.));
#2946 = ORIENTED_EDGE('',*,*,#2947,.F.);
#2947 = EDGE_CURVE('',#2948,#2938,#2950,.T.);
#2948 = VERTEX_POINT('',#2949);
#2949 = CARTESIAN_POINT('',(128.25,35.55,2.5));
#2950 = LINE('',#2951,#2952);
#2951 = CARTESIAN_POINT('',(128.25,35.55,2.5));
#2952 = VECTOR('',#2953,1.);
#2953 = DIRECTION('',(1.,0.,0.));
#2954 = ORIENTED_EDGE('',*,*,#2955,.F.);
#2955 = EDGE_CURVE('',#2956,#2948,#2958,.T.);
#2956 = VERTEX_POINT('',#2957);
#2957 = CARTESIAN_POINT('',(128.25,31.75,2.5));
#2958 = LINE('',#2959,#2960);
#2959 = CARTESIAN_POINT('',(128.25,31.75,2.5));
#2960 = VECTOR('',#2961,1.);
#2961 = DIRECTION('',(0.,1.,0.));
#2962 = ORIENTED_EDGE('',*,*,#2963,.F.);
#2963 = EDGE_CURVE('',#2940,#2956,#2964,.T.);
#2964 = LINE('',#2965,#2966);
#2965 = CARTESIAN_POINT('',(135.25,31.75,2.5));
#2966 = VECTOR('',#2967,1.);
#2967 = DIRECTION('',(-1.,-0.,-0.));
#2968 = FACE_BOUND('',#2969,.F.);
#2969 = EDGE_LOOP('',(#2970));
#2970 = ORIENTED_EDGE('',*,*,#2971,.F.);
#2971 = EDGE_CURVE('',#2972,#2972,#2974,.T.);
#2972 = VERTEX_POINT('',#2973);
#2973 = CARTESIAN_POINT('',(127.15,23.8,2.5));
#2974 = CIRCLE('',#2975,1.);
#2975 = AXIS2_PLACEMENT_3D('',#2976,#2977,#2978);
#2976 = CARTESIAN_POINT('',(128.15,23.8,2.5));
#2977 = DIRECTION('',(0.,0.,-1.));
#2978 = DIRECTION('',(-1.,-0.,-0.));
#2979 = FACE_BOUND('',#2980,.F.);
#2980 = EDGE_LOOP('',(#2981));
#2981 = ORIENTED_EDGE('',*,*,#2982,.F.);
#2982 = EDGE_CURVE('',#2983,#2983,#2985,.T.);
#2983 = VERTEX_POINT('',#2984);
#2984 = CARTESIAN_POINT('',(115.15,22.75,2.5));
#2985 = CIRCLE('',#2986,1.);
#2986 = AXIS2_PLACEMENT_3D('',#2987,#2988,#2989);
#2987 = CARTESIAN_POINT('',(116.15,22.75,2.5));
#2988 = DIRECTION('',(0.,0.,-1.));
#2989 = DIRECTION('',(-1.,-0.,-0.));
#2990 = FACE_BOUND('',#2991,.F.);
#2991 = EDGE_LOOP('',(#2992));
#2992 = ORIENTED_EDGE('',*,*,#2993,.F.);
#2993 = EDGE_CURVE('',#2994,#2994,#2996,.T.);
#2994 = VERTEX_POINT('',#2995);
#2995 = CARTESIAN_POINT('',(108.15,23.8,2.5));
#2996 = CIRCLE('',#2997,1.);
#2997 = AXIS2_PLACEMENT_3D('',#2998,#2999,#3000);
#2998 = CARTESIAN_POINT('',(109.15,23.8,2.5));
#2999 = DIRECTION('',(0.,0.,-1.));
#3000 = DIRECTION('',(-1.,-0.,-0.));
#3001 = FACE_BOUND('',#3002,.F.);
#3002 = EDGE_LOOP('',(#3003));
#3003 = ORIENTED_EDGE('',*,*,#3004,.F.);
#3004 = EDGE_CURVE('',#3005,#3005,#3007,.T.);
#3005 = VERTEX_POINT('',#3006);
#3006 = CARTESIAN_POINT('',(110.85,28.5,2.5));
#3007 = CIRCLE('',#3008,2.7);
#3008 = AXIS2_PLACEMENT_3D('',#3009,#3010,#3011);
#3009 = CARTESIAN_POINT('',(113.55,28.5,2.5));
#3010 = DIRECTION('',(0.,0.,-1.));
#3011 = DIRECTION('',(-1.,-0.,-0.));
#3012 = FACE_BOUND('',#3013,.F.);
#3013 = EDGE_LOOP('',(#3014,#3024,#3032,#3040));
#3014 = ORIENTED_EDGE('',*,*,#3015,.F.);
#3015 = EDGE_CURVE('',#3016,#3018,#3020,.T.);
#3016 = VERTEX_POINT('',#3017);
#3017 = CARTESIAN_POINT('',(116.25,35.55,2.5));
#3018 = VERTEX_POINT('',#3019);
#3019 = CARTESIAN_POINT('',(116.25,31.75,2.5));
#3020 = LINE('',#3021,#3022);
#3021 = CARTESIAN_POINT('',(116.25,35.55,2.5));
#3022 = VECTOR('',#3023,1.);
#3023 = DIRECTION('',(-0.,-1.,-0.));
#3024 = ORIENTED_EDGE('',*,*,#3025,.F.);
#3025 = EDGE_CURVE('',#3026,#3016,#3028,.T.);
#3026 = VERTEX_POINT('',#3027);
#3027 = CARTESIAN_POINT('',(109.25,35.55,2.5));
#3028 = LINE('',#3029,#3030);
#3029 = CARTESIAN_POINT('',(109.25,35.55,2.5));
#3030 = VECTOR('',#3031,1.);
#3031 = DIRECTION('',(1.,0.,0.));
#3032 = ORIENTED_EDGE('',*,*,#3033,.F.);
#3033 = EDGE_CURVE('',#3034,#3026,#3036,.T.);
#3034 = VERTEX_POINT('',#3035);
#3035 = CARTESIAN_POINT('',(109.25,31.75,2.5));
#3036 = LINE('',#3037,#3038);
#3037 = CARTESIAN_POINT('',(109.25,31.75,2.5));
#3038 = VECTOR('',#3039,1.);
#3039 = DIRECTION('',(0.,1.,0.));
#3040 = ORIENTED_EDGE('',*,*,#3041,.F.);
#3041 = EDGE_CURVE('',#3018,#3034,#3042,.T.);
#3042 = LINE('',#3043,#3044);
#3043 = CARTESIAN_POINT('',(116.25,31.75,2.5));
#3044 = VECTOR('',#3045,1.);
#3045 = DIRECTION('',(-1.,-0.,-0.));
#3046 = FACE_BOUND('',#3047,.F.);
#3047 = EDGE_LOOP('',(#3048));
#3048 = ORIENTED_EDGE('',*,*,#3049,.F.);
#3049 = EDGE_CURVE('',#3050,#3050,#3052,.T.);
#3050 = VERTEX_POINT('',#3051);
#3051 = CARTESIAN_POINT('',(96.15,3.75,2.5));
#3052 = CIRCLE('',#3053,1.);
#3053 = AXIS2_PLACEMENT_3D('',#3054,#3055,#3056);
#3054 = CARTESIAN_POINT('',(97.15,3.75,2.5));
#3055 = DIRECTION('',(0.,0.,-1.));
#3056 = DIRECTION('',(-1.,-0.,-0.));
#3057 = FACE_BOUND('',#3058,.F.);
#3058 = EDGE_LOOP('',(#3059));
#3059 = ORIENTED_EDGE('',*,*,#3060,.F.);
#3060 = EDGE_CURVE('',#3061,#3061,#3063,.T.);
#3061 = VERTEX_POINT('',#3062);
#3062 = CARTESIAN_POINT('',(89.15,4.8,2.5));
#3063 = CIRCLE('',#3064,1.);
#3064 = AXIS2_PLACEMENT_3D('',#3065,#3066,#3067);
#3065 = CARTESIAN_POINT('',(90.15,4.8,2.5));
#3066 = DIRECTION('',(0.,0.,-1.));
#3067 = DIRECTION('',(-1.,-0.,-0.));
#3068 = FACE_BOUND('',#3069,.F.);
#3069 = EDGE_LOOP('',(#3070));
#3070 = ORIENTED_EDGE('',*,*,#3071,.F.);
#3071 = EDGE_CURVE('',#3072,#3072,#3074,.T.);
#3072 = VERTEX_POINT('',#3073);
#3073 = CARTESIAN_POINT('',(77.15,3.75,2.5));
#3074 = CIRCLE('',#3075,1.);
#3075 = AXIS2_PLACEMENT_3D('',#3076,#3077,#3078);
#3076 = CARTESIAN_POINT('',(78.15,3.75,2.5));
#3077 = DIRECTION('',(0.,0.,-1.));
#3078 = DIRECTION('',(-1.,-0.,-0.));
#3079 = FACE_BOUND('',#3080,.F.);
#3080 = EDGE_LOOP('',(#3081));
#3081 = ORIENTED_EDGE('',*,*,#3082,.F.);
#3082 = EDGE_CURVE('',#3083,#3083,#3085,.T.);
#3083 = VERTEX_POINT('',#3084);
#3084 = CARTESIAN_POINT('',(70.15,4.8,2.5));
#3085 = CIRCLE('',#3086,1.);
#3086 = AXIS2_PLACEMENT_3D('',#3087,#3088,#3089);
#3087 = CARTESIAN_POINT('',(71.15,4.8,2.5));
#3088 = DIRECTION('',(0.,0.,-1.));
#3089 = DIRECTION('',(-1.,-0.,-0.));
#3090 = FACE_BOUND('',#3091,.F.);
#3091 = EDGE_LOOP('',(#3092));
#3092 = ORIENTED_EDGE('',*,*,#3093,.F.);
#3093 = EDGE_CURVE('',#3094,#3094,#3096,.T.);
#3094 = VERTEX_POINT('',#3095);
#3095 = CARTESIAN_POINT('',(91.85,9.5,2.5));
#3096 = CIRCLE('',#3097,2.7);
#3097 = AXIS2_PLACEMENT_3D('',#3098,#3099,#3100);
#3098 = CARTESIAN_POINT('',(94.55,9.5,2.5));
#3099 = DIRECTION('',(0.,0.,-1.));
#3100 = DIRECTION('',(-1.,-0.,-0.));
#3101 = FACE_BOUND('',#3102,.F.);
#3102 = EDGE_LOOP('',(#3103,#3113,#3121,#3129));
#3103 = ORIENTED_EDGE('',*,*,#3104,.F.);
#3104 = EDGE_CURVE('',#3105,#3107,#3109,.T.);
#3105 = VERTEX_POINT('',#3106);
#3106 = CARTESIAN_POINT('',(97.25,16.55,2.5));
#3107 = VERTEX_POINT('',#3108);
#3108 = CARTESIAN_POINT('',(97.25,12.75,2.5));
#3109 = LINE('',#3110,#3111);
#3110 = CARTESIAN_POINT('',(97.25,16.55,2.5));
#3111 = VECTOR('',#3112,1.);
#3112 = DIRECTION('',(-0.,-1.,-0.));
#3113 = ORIENTED_EDGE('',*,*,#3114,.F.);
#3114 = EDGE_CURVE('',#3115,#3105,#3117,.T.);
#3115 = VERTEX_POINT('',#3116);
#3116 = CARTESIAN_POINT('',(90.25,16.55,2.5));
#3117 = LINE('',#3118,#3119);
#3118 = CARTESIAN_POINT('',(90.25,16.55,2.5));
#3119 = VECTOR('',#3120,1.);
#3120 = DIRECTION('',(1.,0.,0.));
#3121 = ORIENTED_EDGE('',*,*,#3122,.F.);
#3122 = EDGE_CURVE('',#3123,#3115,#3125,.T.);
#3123 = VERTEX_POINT('',#3124);
#3124 = CARTESIAN_POINT('',(90.25,12.75,2.5));
#3125 = LINE('',#3126,#3127);
#3126 = CARTESIAN_POINT('',(90.25,12.75,2.5));
#3127 = VECTOR('',#3128,1.);
#3128 = DIRECTION('',(0.,1.,0.));
#3129 = ORIENTED_EDGE('',*,*,#3130,.F.);
#3130 = EDGE_CURVE('',#3107,#3123,#3131,.T.);
#3131 = LINE('',#3132,#3133);
#3132 = CARTESIAN_POINT('',(97.25,12.75,2.5));
#3133 = VECTOR('',#3134,1.);
#3134 = DIRECTION('',(-1.,-0.,-0.));
#3135 = FACE_BOUND('',#3136,.F.);
#3136 = EDGE_LOOP('',(#3137));
#3137 = ORIENTED_EDGE('',*,*,#3138,.F.);
#3138 = EDGE_CURVE('',#3139,#3139,#3141,.T.);
#3139 = VERTEX_POINT('',#3140);
#3140 = CARTESIAN_POINT('',(72.85,9.5,2.5));
#3141 = CIRCLE('',#3142,2.7);
#3142 = AXIS2_PLACEMENT_3D('',#3143,#3144,#3145);
#3143 = CARTESIAN_POINT('',(75.55,9.5,2.5));
#3144 = DIRECTION('',(0.,0.,-1.));
#3145 = DIRECTION('',(-1.,-0.,-0.));
#3146 = FACE_BOUND('',#3147,.F.);
#3147 = EDGE_LOOP('',(#3148,#3158,#3166,#3174));
#3148 = ORIENTED_EDGE('',*,*,#3149,.F.);
#3149 = EDGE_CURVE('',#3150,#3152,#3154,.T.);
#3150 = VERTEX_POINT('',#3151);
#3151 = CARTESIAN_POINT('',(78.25,16.55,2.5));
#3152 = VERTEX_POINT('',#3153);
#3153 = CARTESIAN_POINT('',(78.25,12.75,2.5));
#3154 = LINE('',#3155,#3156);
#3155 = CARTESIAN_POINT('',(78.25,16.55,2.5));
#3156 = VECTOR('',#3157,1.);
#3157 = DIRECTION('',(-0.,-1.,-0.));
#3158 = ORIENTED_EDGE('',*,*,#3159,.F.);
#3159 = EDGE_CURVE('',#3160,#3150,#3162,.T.);
#3160 = VERTEX_POINT('',#3161);
#3161 = CARTESIAN_POINT('',(71.25,16.55,2.5));
#3162 = LINE('',#3163,#3164);
#3163 = CARTESIAN_POINT('',(71.25,16.55,2.5));
#3164 = VECTOR('',#3165,1.);
#3165 = DIRECTION('',(1.,0.,0.));
#3166 = ORIENTED_EDGE('',*,*,#3167,.F.);
#3167 = EDGE_CURVE('',#3168,#3160,#3170,.T.);
#3168 = VERTEX_POINT('',#3169);
#3169 = CARTESIAN_POINT('',(71.25,12.75,2.5));
#3170 = LINE('',#3171,#3172);
#3171 = CARTESIAN_POINT('',(71.25,12.75,2.5));
#3172 = VECTOR('',#3173,1.);
#3173 = DIRECTION('',(0.,1.,0.));
#3174 = ORIENTED_EDGE('',*,*,#3175,.F.);
#3175 = EDGE_CURVE('',#3152,#3168,#3176,.T.);
#3176 = LINE('',#3177,#3178);
#3177 = CARTESIAN_POINT('',(78.25,12.75,2.5));
#3178 = VECTOR('',#3179,1.);
#3179 = DIRECTION('',(-1.,-0.,-0.));
#3180 = FACE_BOUND('',#3181,.F.);
#3181 = EDGE_LOOP('',(#3182,#3192,#3200,#3208));
#3182 = ORIENTED_EDGE('',*,*,#3183,.F.);
#3183 = EDGE_CURVE('',#3184,#3186,#3188,.T.);
#3184 = VERTEX_POINT('',#3185);
#3185 = CARTESIAN_POINT('',(62.75,36.,2.5));
#3186 = VERTEX_POINT('',#3187);
#3187 = CARTESIAN_POINT('',(62.75,-15.,2.5));
#3188 = LINE('',#3189,#3190);
#3189 = CARTESIAN_POINT('',(62.75,36.,2.5));
#3190 = VECTOR('',#3191,1.);
#3191 = DIRECTION('',(-0.,-1.,-0.));
#3192 = ORIENTED_EDGE('',*,*,#3193,.F.);
#3193 = EDGE_CURVE('',#3194,#3184,#3196,.T.);
#3194 = VERTEX_POINT('',#3195);
#3195 = CARTESIAN_POINT('',(60.15,36.,2.5));
#3196 = LINE('',#3197,#3198);
#3197 = CARTESIAN_POINT('',(60.15,36.,2.5));
#3198 = VECTOR('',#3199,1.);
#3199 = DIRECTION('',(1.,0.,0.));
#3200 = ORIENTED_EDGE('',*,*,#3201,.F.);
#3201 = EDGE_CURVE('',#3202,#3194,#3204,.T.);
#3202 = VERTEX_POINT('',#3203);
#3203 = CARTESIAN_POINT('',(60.15,-15.,2.5));
#3204 = LINE('',#3205,#3206);
#3205 = CARTESIAN_POINT('',(60.15,-15.,2.5));
#3206 = VECTOR('',#3207,1.);
#3207 = DIRECTION('',(0.,1.,0.));
#3208 = ORIENTED_EDGE('',*,*,#3209,.F.);
#3209 = EDGE_CURVE('',#3186,#3202,#3210,.T.);
#3210 = LINE('',#3211,#3212);
#3211 = CARTESIAN_POINT('',(62.75,-15.,2.5));
#3212 = VECTOR('',#3213,1.);
#3213 = DIRECTION('',(-1.,-0.,-0.));
#3214 = FACE_BOUND('',#3215,.F.);
#3215 = EDGE_LOOP('',(#3216,#3226,#3234,#3242));
#3216 = ORIENTED_EDGE('',*,*,#3217,.F.);
#3217 = EDGE_CURVE('',#3218,#3220,#3222,.T.);
#3218 = VERTEX_POINT('',#3219);
#3219 = CARTESIAN_POINT('',(44.9,36.,2.5));
#3220 = VERTEX_POINT('',#3221);
#3221 = CARTESIAN_POINT('',(44.9,-15.,2.5));
#3222 = LINE('',#3223,#3224);
#3223 = CARTESIAN_POINT('',(44.9,36.,2.5));
#3224 = VECTOR('',#3225,1.);
#3225 = DIRECTION('',(-0.,-1.,-0.));
#3226 = ORIENTED_EDGE('',*,*,#3227,.F.);
#3227 = EDGE_CURVE('',#3228,#3218,#3230,.T.);
#3228 = VERTEX_POINT('',#3229);
#3229 = CARTESIAN_POINT('',(42.3,36.,2.5));
#3230 = LINE('',#3231,#3232);
#3231 = CARTESIAN_POINT('',(42.3,36.,2.5));
#3232 = VECTOR('',#3233,1.);
#3233 = DIRECTION('',(1.,0.,0.));
#3234 = ORIENTED_EDGE('',*,*,#3235,.F.);
#3235 = EDGE_CURVE('',#3236,#3228,#3238,.T.);
#3236 = VERTEX_POINT('',#3237);
#3237 = CARTESIAN_POINT('',(42.3,-15.,2.5));
#3238 = LINE('',#3239,#3240);
#3239 = CARTESIAN_POINT('',(42.3,-15.,2.5));
#3240 = VECTOR('',#3241,1.);
#3241 = DIRECTION('',(0.,1.,0.));
#3242 = ORIENTED_EDGE('',*,*,#3243,.F.);
#3243 = EDGE_CURVE('',#3220,#3236,#3244,.T.);
#3244 = LINE('',#3245,#3246);
#3245 = CARTESIAN_POINT('',(44.9,-15.,2.5));
#3246 = VECTOR('',#3247,1.);
#3247 = DIRECTION('',(-1.,-0.,-0.));
#3248 = FACE_BOUND('',#3249,.F.);
#3249 = EDGE_LOOP('',(#3250));
#3250 = ORIENTED_EDGE('',*,*,#3251,.F.);
#3251 = EDGE_CURVE('',#3252,#3252,#3254,.T.);
#3252 = VERTEX_POINT('',#3253);
#3253 = CARTESIAN_POINT('',(96.15,22.75,2.5));
#3254 = CIRCLE('',#3255,1.);
#3255 = AXIS2_PLACEMENT_3D('',#3256,#3257,#3258);
#3256 = CARTESIAN_POINT('',(97.15,22.75,2.5));
#3257 = DIRECTION('',(0.,0.,-1.));
#3258 = DIRECTION('',(-1.,-0.,-0.));
#3259 = FACE_BOUND('',#3260,.F.);
#3260 = EDGE_LOOP('',(#3261));
#3261 = ORIENTED_EDGE('',*,*,#3262,.F.);
#3262 = EDGE_CURVE('',#3263,#3263,#3265,.T.);
#3263 = VERTEX_POINT('',#3264);
#3264 = CARTESIAN_POINT('',(89.15,23.8,2.5));
#3265 = CIRCLE('',#3266,1.);
#3266 = AXIS2_PLACEMENT_3D('',#3267,#3268,#3269);
#3267 = CARTESIAN_POINT('',(90.15,23.8,2.5));
#3268 = DIRECTION('',(0.,0.,-1.));
#3269 = DIRECTION('',(-1.,-0.,-0.));
#3270 = FACE_BOUND('',#3271,.F.);
#3271 = EDGE_LOOP('',(#3272));
#3272 = ORIENTED_EDGE('',*,*,#3273,.F.);
#3273 = EDGE_CURVE('',#3274,#3274,#3276,.T.);
#3274 = VERTEX_POINT('',#3275);
#3275 = CARTESIAN_POINT('',(77.15,22.75,2.5));
#3276 = CIRCLE('',#3277,1.);
#3277 = AXIS2_PLACEMENT_3D('',#3278,#3279,#3280);
#3278 = CARTESIAN_POINT('',(78.15,22.75,2.5));
#3279 = DIRECTION('',(0.,0.,-1.));
#3280 = DIRECTION('',(-1.,-0.,-0.));
#3281 = FACE_BOUND('',#3282,.F.);
#3282 = EDGE_LOOP('',(#3283));
#3283 = ORIENTED_EDGE('',*,*,#3284,.F.);
#3284 = EDGE_CURVE('',#3285,#3285,#3287,.T.);
#3285 = VERTEX_POINT('',#3286);
#3286 = CARTESIAN_POINT('',(70.15,23.8,2.5));
#3287 = CIRCLE('',#3288,1.);
#3288 = AXIS2_PLACEMENT_3D('',#3289,#3290,#3291);
#3289 = CARTESIAN_POINT('',(71.15,23.8,2.5));
#3290 = DIRECTION('',(0.,0.,-1.));
#3291 = DIRECTION('',(-1.,-0.,-0.));
#3292 = FACE_BOUND('',#3293,.F.);
#3293 = EDGE_LOOP('',(#3294));
#3294 = ORIENTED_EDGE('',*,*,#3295,.F.);
#3295 = EDGE_CURVE('',#3296,#3296,#3298,.T.);
#3296 = VERTEX_POINT('',#3297);
#3297 = CARTESIAN_POINT('',(91.85,28.5,2.5));
#3298 = CIRCLE('',#3299,2.7);
#3299 = AXIS2_PLACEMENT_3D('',#3300,#3301,#3302);
#3300 = CARTESIAN_POINT('',(94.55,28.5,2.5));
#3301 = DIRECTION('',(0.,0.,-1.));
#3302 = DIRECTION('',(-1.,-0.,-0.));
#3303 = FACE_BOUND('',#3304,.F.);
#3304 = EDGE_LOOP('',(#3305,#3315,#3323,#3331));
#3305 = ORIENTED_EDGE('',*,*,#3306,.F.);
#3306 = EDGE_CURVE('',#3307,#3309,#3311,.T.);
#3307 = VERTEX_POINT('',#3308);
#3308 = CARTESIAN_POINT('',(97.25,35.55,2.5));
#3309 = VERTEX_POINT('',#3310);
#3310 = CARTESIAN_POINT('',(97.25,31.75,2.5));
#3311 = LINE('',#3312,#3313);
#3312 = CARTESIAN_POINT('',(97.25,35.55,2.5));
#3313 = VECTOR('',#3314,1.);
#3314 = DIRECTION('',(-0.,-1.,-0.));
#3315 = ORIENTED_EDGE('',*,*,#3316,.F.);
#3316 = EDGE_CURVE('',#3317,#3307,#3319,.T.);
#3317 = VERTEX_POINT('',#3318);
#3318 = CARTESIAN_POINT('',(90.25,35.55,2.5));
#3319 = LINE('',#3320,#3321);
#3320 = CARTESIAN_POINT('',(90.25,35.55,2.5));
#3321 = VECTOR('',#3322,1.);
#3322 = DIRECTION('',(1.,0.,0.));
#3323 = ORIENTED_EDGE('',*,*,#3324,.F.);
#3324 = EDGE_CURVE('',#3325,#3317,#3327,.T.);
#3325 = VERTEX_POINT('',#3326);
#3326 = CARTESIAN_POINT('',(90.25,31.75,2.5));
#3327 = LINE('',#3328,#3329);
#3328 = CARTESIAN_POINT('',(90.25,31.75,2.5));
#3329 = VECTOR('',#3330,1.);
#3330 = DIRECTION('',(0.,1.,0.));
#3331 = ORIENTED_EDGE('',*,*,#3332,.F.);
#3332 = EDGE_CURVE('',#3309,#3325,#3333,.T.);
#3333 = LINE('',#3334,#3335);
#3334 = CARTESIAN_POINT('',(97.25,31.75,2.5));
#3335 = VECTOR('',#3336,1.);
#3336 = DIRECTION('',(-1.,-0.,-0.));
#3337 = FACE_BOUND('',#3338,.F.);
#3338 = EDGE_LOOP('',(#3339));
#3339 = ORIENTED_EDGE('',*,*,#3340,.F.);
#3340 = EDGE_CURVE('',#3341,#3341,#3343,.T.);
#3341 = VERTEX_POINT('',#3342);
#3342 = CARTESIAN_POINT('',(72.85,28.5,2.5));
#3343 = CIRCLE('',#3344,2.7);
#3344 = AXIS2_PLACEMENT_3D('',#3345,#3346,#3347);
#3345 = CARTESIAN_POINT('',(75.55,28.5,2.5));
#3346 = DIRECTION('',(0.,0.,-1.));
#3347 = DIRECTION('',(-1.,-0.,-0.));
#3348 = FACE_BOUND('',#3349,.F.);
#3349 = EDGE_LOOP('',(#3350,#3360,#3368,#3376));
#3350 = ORIENTED_EDGE('',*,*,#3351,.F.);
#3351 = EDGE_CURVE('',#3352,#3354,#3356,.T.);
#3352 = VERTEX_POINT('',#3353);
#3353 = CARTESIAN_POINT('',(78.25,35.55,2.5));
#3354 = VERTEX_POINT('',#3355);
#3355 = CARTESIAN_POINT('',(78.25,31.75,2.5));
#3356 = LINE('',#3357,#3358);
#3357 = CARTESIAN_POINT('',(78.25,35.55,2.5));
#3358 = VECTOR('',#3359,1.);
#3359 = DIRECTION('',(-0.,-1.,-0.));
#3360 = ORIENTED_EDGE('',*,*,#3361,.F.);
#3361 = EDGE_CURVE('',#3362,#3352,#3364,.T.);
#3362 = VERTEX_POINT('',#3363);
#3363 = CARTESIAN_POINT('',(71.25,35.55,2.5));
#3364 = LINE('',#3365,#3366);
#3365 = CARTESIAN_POINT('',(71.25,35.55,2.5));
#3366 = VECTOR('',#3367,1.);
#3367 = DIRECTION('',(1.,0.,0.));
#3368 = ORIENTED_EDGE('',*,*,#3369,.F.);
#3369 = EDGE_CURVE('',#3370,#3362,#3372,.T.);
#3370 = VERTEX_POINT('',#3371);
#3371 = CARTESIAN_POINT('',(71.25,31.75,2.5));
#3372 = LINE('',#3373,#3374);
#3373 = CARTESIAN_POINT('',(71.25,31.75,2.5));
#3374 = VECTOR('',#3375,1.);
#3375 = DIRECTION('',(0.,1.,0.));
#3376 = ORIENTED_EDGE('',*,*,#3377,.F.);
#3377 = EDGE_CURVE('',#3354,#3370,#3378,.T.);
#3378 = LINE('',#3379,#3380);
#3379 = CARTESIAN_POINT('',(78.25,31.75,2.5));
#3380 = VECTOR('',#3381,1.);
#3381 = DIRECTION('',(-1.,-0.,-0.));
#3382 = PLANE('',#3383);
#3383 = AXIS2_PLACEMENT_3D('',#3384,#3385,#3386);
#3384 = CARTESIAN_POINT('',(100.,2.14E-15,2.5));
#3385 = DIRECTION('',(0.,0.,1.));
#3386 = DIRECTION('',(1.,0.,0.));
#3387 = ADVANCED_FACE('',(#3388),#3399,.F.);
#3388 = FACE_BOUND('',#3389,.T.);
#3389 = EDGE_LOOP('',(#3390,#3396,#3397,#3398));
#3390 = ORIENTED_EDGE('',*,*,#3391,.F.);
#3391 = EDGE_CURVE('',#2782,#1861,#3392,.T.);
#3392 = LINE('',#3393,#3394);
#3393 = CARTESIAN_POINT('',(103.,0.,13.5));
#3394 = VECTOR('',#3395,1.);
#3395 = DIRECTION('',(0.,0.,-1.));
#3396 = ORIENTED_EDGE('',*,*,#2781,.F.);
#3397 = ORIENTED_EDGE('',*,*,#3391,.T.);
#3398 = ORIENTED_EDGE('',*,*,#1860,.T.);
#3399 = CYLINDRICAL_SURFACE('',#3400,1.05);
#3400 = AXIS2_PLACEMENT_3D('',#3401,#3402,#3403);
#3401 = CARTESIAN_POINT('',(104.05,0.,13.5));
#3402 = DIRECTION('',(0.,0.,1.));
#3403 = DIRECTION('',(-1.,0.,0.));
#3404 = ADVANCED_FACE('',(#3405),#3430,.F.);
#3405 = FACE_BOUND('',#3406,.T.);
#3406 = EDGE_LOOP('',(#3407,#3415,#3423,#3429));
#3407 = ORIENTED_EDGE('',*,*,#3408,.T.);
#3408 = EDGE_CURVE('',#1964,#3409,#3411,.T.);
#3409 = VERTEX_POINT('',#3410);
#3410 = CARTESIAN_POINT('',(103.5,-28.3,0.7));
#3411 = LINE('',#3412,#3413);
#3412 = CARTESIAN_POINT('',(103.5,-28.3,2.5));
#3413 = VECTOR('',#3414,1.);
#3414 = DIRECTION('',(0.,0.,-1.));
#3415 = ORIENTED_EDGE('',*,*,#3416,.T.);
#3416 = EDGE_CURVE('',#3409,#3417,#3419,.T.);
#3417 = VERTEX_POINT('',#3418);
#3418 = CARTESIAN_POINT('',(160.,-28.3,0.7));
#3419 = LINE('',#3420,#3421);
#3420 = CARTESIAN_POINT('',(103.5,-28.3,0.7));
#3421 = VECTOR('',#3422,1.);
#3422 = DIRECTION('',(1.,0.,0.));
#3423 = ORIENTED_EDGE('',*,*,#3424,.F.);
#3424 = EDGE_CURVE('',#1966,#3417,#3425,.T.);
#3425 = LINE('',#3426,#3427);
#3426 = CARTESIAN_POINT('',(160.,-28.3,2.5));
#3427 = VECTOR('',#3428,1.);
#3428 = DIRECTION('',(0.,0.,-1.));
#3429 = ORIENTED_EDGE('',*,*,#1963,.F.);
#3430 = PLANE('',#3431);
#3431 = AXIS2_PLACEMENT_3D('',#3432,#3433,#3434);
#3432 = CARTESIAN_POINT('',(103.5,-28.3,2.5));
#3433 = DIRECTION('',(0.,1.,0.));
#3434 = DIRECTION('',(-1.,-0.,-0.));
#3435 = ADVANCED_FACE('',(#3436),#3454,.F.);
#3436 = FACE_BOUND('',#3437,.T.);
#3437 = EDGE_LOOP('',(#3438,#3446,#3452,#3453));
#3438 = ORIENTED_EDGE('',*,*,#3439,.T.);
#3439 = EDGE_CURVE('',#1974,#3440,#3442,.T.);
#3440 = VERTEX_POINT('',#3441);
#3441 = CARTESIAN_POINT('',(103.5,-30.7,0.7));
#3442 = LINE('',#3443,#3444);
#3443 = CARTESIAN_POINT('',(103.5,-30.7,2.5));
#3444 = VECTOR('',#3445,1.);
#3445 = DIRECTION('',(0.,0.,-1.));
#3446 = ORIENTED_EDGE('',*,*,#3447,.T.);
#3447 = EDGE_CURVE('',#3440,#3409,#3448,.T.);
#3448 = LINE('',#3449,#3450);
#3449 = CARTESIAN_POINT('',(103.5,-30.7,0.7));
#3450 = VECTOR('',#3451,1.);
#3451 = DIRECTION('',(0.,1.,0.));
#3452 = ORIENTED_EDGE('',*,*,#3408,.F.);
#3453 = ORIENTED_EDGE('',*,*,#1973,.F.);
#3454 = PLANE('',#3455);
#3455 = AXIS2_PLACEMENT_3D('',#3456,#3457,#3458);
#3456 = CARTESIAN_POINT('',(103.5,-30.7,2.5));
#3457 = DIRECTION('',(-1.,-0.,-0.));
#3458 = DIRECTION('',(-0.,-1.,-0.));
#3459 = ADVANCED_FACE('',(#3460),#3478,.F.);
#3460 = FACE_BOUND('',#3461,.T.);
#3461 = EDGE_LOOP('',(#3462,#3463,#3471,#3477));
#3462 = ORIENTED_EDGE('',*,*,#3424,.T.);
#3463 = ORIENTED_EDGE('',*,*,#3464,.T.);
#3464 = EDGE_CURVE('',#3417,#3465,#3467,.T.);
#3465 = VERTEX_POINT('',#3466);
#3466 = CARTESIAN_POINT('',(160.,-30.7,0.7));
#3467 = LINE('',#3468,#3469);
#3468 = CARTESIAN_POINT('',(160.,-28.3,0.7));
#3469 = VECTOR('',#3470,1.);
#3470 = DIRECTION('',(-0.,-1.,-0.));
#3471 = ORIENTED_EDGE('',*,*,#3472,.F.);
#3472 = EDGE_CURVE('',#1982,#3465,#3473,.T.);
#3473 = LINE('',#3474,#3475);
#3474 = CARTESIAN_POINT('',(160.,-30.7,2.5));
#3475 = VECTOR('',#3476,1.);
#3476 = DIRECTION('',(0.,0.,-1.));
#3477 = ORIENTED_EDGE('',*,*,#1989,.F.);
#3478 = PLANE('',#3479);
#3479 = AXIS2_PLACEMENT_3D('',#3480,#3481,#3482);
#3480 = CARTESIAN_POINT('',(160.,-28.3,2.5));
#3481 = DIRECTION('',(1.,0.,0.));
#3482 = DIRECTION('',(0.,1.,0.));
#3483 = ADVANCED_FACE('',(#3484),#3495,.F.);
#3484 = FACE_BOUND('',#3485,.T.);
#3485 = EDGE_LOOP('',(#3486,#3487,#3493,#3494));
#3486 = ORIENTED_EDGE('',*,*,#3472,.T.);
#3487 = ORIENTED_EDGE('',*,*,#3488,.T.);
#3488 = EDGE_CURVE('',#3465,#3440,#3489,.T.);
#3489 = LINE('',#3490,#3491);
#3490 = CARTESIAN_POINT('',(160.,-30.7,0.7));
#3491 = VECTOR('',#3492,1.);
#3492 = DIRECTION('',(-1.,-0.,-0.));
#3493 = ORIENTED_EDGE('',*,*,#3439,.F.);
#3494 = ORIENTED_EDGE('',*,*,#1981,.F.);
#3495 = PLANE('',#3496);
#3496 = AXIS2_PLACEMENT_3D('',#3497,#3498,#3499);
#3497 = CARTESIAN_POINT('',(160.,-30.7,2.5));
#3498 = DIRECTION('',(-0.,-1.,-0.));
#3499 = DIRECTION('',(1.,0.,0.));
#3500 = ADVANCED_FACE('',(#3501),#3526,.F.);
#3501 = FACE_BOUND('',#3502,.T.);
#3502 = EDGE_LOOP('',(#3503,#3511,#3519,#3525));
#3503 = ORIENTED_EDGE('',*,*,#3504,.T.);
#3504 = EDGE_CURVE('',#1998,#3505,#3507,.T.);
#3505 = VERTEX_POINT('',#3506);
#3506 = CARTESIAN_POINT('',(103.5,-23.7,0.7));
#3507 = LINE('',#3508,#3509);
#3508 = CARTESIAN_POINT('',(103.5,-23.7,2.5));
#3509 = VECTOR('',#3510,1.);
#3510 = DIRECTION('',(0.,0.,-1.));
#3511 = ORIENTED_EDGE('',*,*,#3512,.T.);
#3512 = EDGE_CURVE('',#3505,#3513,#3515,.T.);
#3513 = VERTEX_POINT('',#3514);
#3514 = CARTESIAN_POINT('',(160.,-23.7,0.7));
#3515 = LINE('',#3516,#3517);
#3516 = CARTESIAN_POINT('',(103.5,-23.7,0.7));
#3517 = VECTOR('',#3518,1.);
#3518 = DIRECTION('',(1.,0.,0.));
#3519 = ORIENTED_EDGE('',*,*,#3520,.F.);
#3520 = EDGE_CURVE('',#2000,#3513,#3521,.T.);
#3521 = LINE('',#3522,#3523);
#3522 = CARTESIAN_POINT('',(160.,-23.7,2.5));
#3523 = VECTOR('',#3524,1.);
#3524 = DIRECTION('',(0.,0.,-1.));
#3525 = ORIENTED_EDGE('',*,*,#1997,.F.);
#3526 = PLANE('',#3527);
#3527 = AXIS2_PLACEMENT_3D('',#3528,#3529,#3530);
#3528 = CARTESIAN_POINT('',(103.5,-23.7,2.5));
#3529 = DIRECTION('',(0.,1.,0.));
#3530 = DIRECTION('',(-1.,-0.,-0.));
#3531 = ADVANCED_FACE('',(#3532),#3550,.F.);
#3532 = FACE_BOUND('',#3533,.T.);
#3533 = EDGE_LOOP('',(#3534,#3542,#3548,#3549));
#3534 = ORIENTED_EDGE('',*,*,#3535,.T.);
#3535 = EDGE_CURVE('',#2008,#3536,#3538,.T.);
#3536 = VERTEX_POINT('',#3537);
#3537 = CARTESIAN_POINT('',(103.5,-26.1,0.7));
#3538 = LINE('',#3539,#3540);
#3539 = CARTESIAN_POINT('',(103.5,-26.1,2.5));
#3540 = VECTOR('',#3541,1.);
#3541 = DIRECTION('',(0.,0.,-1.));
#3542 = ORIENTED_EDGE('',*,*,#3543,.T.);
#3543 = EDGE_CURVE('',#3536,#3505,#3544,.T.);
#3544 = LINE('',#3545,#3546);
#3545 = CARTESIAN_POINT('',(103.5,-26.1,0.7));
#3546 = VECTOR('',#3547,1.);
#3547 = DIRECTION('',(0.,1.,0.));
#3548 = ORIENTED_EDGE('',*,*,#3504,.F.);
#3549 = ORIENTED_EDGE('',*,*,#2007,.F.);
#3550 = PLANE('',#3551);
#3551 = AXIS2_PLACEMENT_3D('',#3552,#3553,#3554);
#3552 = CARTESIAN_POINT('',(103.5,-26.1,2.5));
#3553 = DIRECTION('',(-1.,-0.,-0.));
#3554 = DIRECTION('',(-0.,-1.,-0.));
#3555 = ADVANCED_FACE('',(#3556),#3574,.F.);
#3556 = FACE_BOUND('',#3557,.T.);
#3557 = EDGE_LOOP('',(#3558,#3559,#3567,#3573));
#3558 = ORIENTED_EDGE('',*,*,#3520,.T.);
#3559 = ORIENTED_EDGE('',*,*,#3560,.T.);
#3560 = EDGE_CURVE('',#3513,#3561,#3563,.T.);
#3561 = VERTEX_POINT('',#3562);
#3562 = CARTESIAN_POINT('',(160.,-26.1,0.7));
#3563 = LINE('',#3564,#3565);
#3564 = CARTESIAN_POINT('',(160.,-23.7,0.7));
#3565 = VECTOR('',#3566,1.);
#3566 = DIRECTION('',(-0.,-1.,-0.));
#3567 = ORIENTED_EDGE('',*,*,#3568,.F.);
#3568 = EDGE_CURVE('',#2016,#3561,#3569,.T.);
#3569 = LINE('',#3570,#3571);
#3570 = CARTESIAN_POINT('',(160.,-26.1,2.5));
#3571 = VECTOR('',#3572,1.);
#3572 = DIRECTION('',(0.,0.,-1.));
#3573 = ORIENTED_EDGE('',*,*,#2023,.F.);
#3574 = PLANE('',#3575);
#3575 = AXIS2_PLACEMENT_3D('',#3576,#3577,#3578);
#3576 = CARTESIAN_POINT('',(160.,-23.7,2.5));
#3577 = DIRECTION('',(1.,0.,0.));
#3578 = DIRECTION('',(0.,1.,0.));
#3579 = ADVANCED_FACE('',(#3580),#3591,.F.);
#3580 = FACE_BOUND('',#3581,.T.);
#3581 = EDGE_LOOP('',(#3582,#3583,#3589,#3590));
#3582 = ORIENTED_EDGE('',*,*,#3568,.T.);
#3583 = ORIENTED_EDGE('',*,*,#3584,.T.);
#3584 = EDGE_CURVE('',#3561,#3536,#3585,.T.);
#3585 = LINE('',#3586,#3587);
#3586 = CARTESIAN_POINT('',(160.,-26.1,0.7));
#3587 = VECTOR('',#3588,1.);
#3588 = DIRECTION('',(-1.,-0.,-0.));
#3589 = ORIENTED_EDGE('',*,*,#3535,.F.);
#3590 = ORIENTED_EDGE('',*,*,#2015,.F.);
#3591 = PLANE('',#3592);
#3592 = AXIS2_PLACEMENT_3D('',#3593,#3594,#3595);
#3593 = CARTESIAN_POINT('',(160.,-26.1,2.5));
#3594 = DIRECTION('',(-0.,-1.,-0.));
#3595 = DIRECTION('',(1.,0.,0.));
#3596 = ADVANCED_FACE('',(#3597),#3622,.F.);
#3597 = FACE_BOUND('',#3598,.T.);
#3598 = EDGE_LOOP('',(#3599,#3607,#3615,#3621));
#3599 = ORIENTED_EDGE('',*,*,#3600,.T.);
#3600 = EDGE_CURVE('',#2032,#3601,#3603,.T.);
#3601 = VERTEX_POINT('',#3602);
#3602 = CARTESIAN_POINT('',(103.5,-19.1,0.7));
#3603 = LINE('',#3604,#3605);
#3604 = CARTESIAN_POINT('',(103.5,-19.1,2.5));
#3605 = VECTOR('',#3606,1.);
#3606 = DIRECTION('',(0.,0.,-1.));
#3607 = ORIENTED_EDGE('',*,*,#3608,.T.);
#3608 = EDGE_CURVE('',#3601,#3609,#3611,.T.);
#3609 = VERTEX_POINT('',#3610);
#3610 = CARTESIAN_POINT('',(160.,-19.1,0.7));
#3611 = LINE('',#3612,#3613);
#3612 = CARTESIAN_POINT('',(103.5,-19.1,0.7));
#3613 = VECTOR('',#3614,1.);
#3614 = DIRECTION('',(1.,0.,0.));
#3615 = ORIENTED_EDGE('',*,*,#3616,.F.);
#3616 = EDGE_CURVE('',#2034,#3609,#3617,.T.);
#3617 = LINE('',#3618,#3619);
#3618 = CARTESIAN_POINT('',(160.,-19.1,2.5));
#3619 = VECTOR('',#3620,1.);
#3620 = DIRECTION('',(0.,0.,-1.));
#3621 = ORIENTED_EDGE('',*,*,#2031,.F.);
#3622 = PLANE('',#3623);
#3623 = AXIS2_PLACEMENT_3D('',#3624,#3625,#3626);
#3624 = CARTESIAN_POINT('',(103.5,-19.1,2.5));
#3625 = DIRECTION('',(0.,1.,0.));
#3626 = DIRECTION('',(-1.,-0.,-0.));
#3627 = ADVANCED_FACE('',(#3628),#3646,.F.);
#3628 = FACE_BOUND('',#3629,.T.);
#3629 = EDGE_LOOP('',(#3630,#3638,#3644,#3645));
#3630 = ORIENTED_EDGE('',*,*,#3631,.T.);
#3631 = EDGE_CURVE('',#2042,#3632,#3634,.T.);
#3632 = VERTEX_POINT('',#3633);
#3633 = CARTESIAN_POINT('',(103.5,-21.5,0.7));
#3634 = LINE('',#3635,#3636);
#3635 = CARTESIAN_POINT('',(103.5,-21.5,2.5));
#3636 = VECTOR('',#3637,1.);
#3637 = DIRECTION('',(0.,0.,-1.));
#3638 = ORIENTED_EDGE('',*,*,#3639,.T.);
#3639 = EDGE_CURVE('',#3632,#3601,#3640,.T.);
#3640 = LINE('',#3641,#3642);
#3641 = CARTESIAN_POINT('',(103.5,-21.5,0.7));
#3642 = VECTOR('',#3643,1.);
#3643 = DIRECTION('',(0.,1.,0.));
#3644 = ORIENTED_EDGE('',*,*,#3600,.F.);
#3645 = ORIENTED_EDGE('',*,*,#2041,.F.);
#3646 = PLANE('',#3647);
#3647 = AXIS2_PLACEMENT_3D('',#3648,#3649,#3650);
#3648 = CARTESIAN_POINT('',(103.5,-21.5,2.5));
#3649 = DIRECTION('',(-1.,-0.,-0.));
#3650 = DIRECTION('',(-0.,-1.,-0.));
#3651 = ADVANCED_FACE('',(#3652),#3670,.F.);
#3652 = FACE_BOUND('',#3653,.T.);
#3653 = EDGE_LOOP('',(#3654,#3655,#3663,#3669));
#3654 = ORIENTED_EDGE('',*,*,#3616,.T.);
#3655 = ORIENTED_EDGE('',*,*,#3656,.T.);
#3656 = EDGE_CURVE('',#3609,#3657,#3659,.T.);
#3657 = VERTEX_POINT('',#3658);
#3658 = CARTESIAN_POINT('',(160.,-21.5,0.7));
#3659 = LINE('',#3660,#3661);
#3660 = CARTESIAN_POINT('',(160.,-19.1,0.7));
#3661 = VECTOR('',#3662,1.);
#3662 = DIRECTION('',(-0.,-1.,-0.));
#3663 = ORIENTED_EDGE('',*,*,#3664,.F.);
#3664 = EDGE_CURVE('',#2050,#3657,#3665,.T.);
#3665 = LINE('',#3666,#3667);
#3666 = CARTESIAN_POINT('',(160.,-21.5,2.5));
#3667 = VECTOR('',#3668,1.);
#3668 = DIRECTION('',(0.,0.,-1.));
#3669 = ORIENTED_EDGE('',*,*,#2057,.F.);
#3670 = PLANE('',#3671);
#3671 = AXIS2_PLACEMENT_3D('',#3672,#3673,#3674);
#3672 = CARTESIAN_POINT('',(160.,-19.1,2.5));
#3673 = DIRECTION('',(1.,0.,0.));
#3674 = DIRECTION('',(0.,1.,0.));
#3675 = ADVANCED_FACE('',(#3676),#3687,.F.);
#3676 = FACE_BOUND('',#3677,.T.);
#3677 = EDGE_LOOP('',(#3678,#3679,#3685,#3686));
#3678 = ORIENTED_EDGE('',*,*,#3664,.T.);
#3679 = ORIENTED_EDGE('',*,*,#3680,.T.);
#3680 = EDGE_CURVE('',#3657,#3632,#3681,.T.);
#3681 = LINE('',#3682,#3683);
#3682 = CARTESIAN_POINT('',(160.,-21.5,0.7));
#3683 = VECTOR('',#3684,1.);
#3684 = DIRECTION('',(-1.,-0.,-0.));
#3685 = ORIENTED_EDGE('',*,*,#3631,.F.);
#3686 = ORIENTED_EDGE('',*,*,#2049,.F.);
#3687 = PLANE('',#3688);
#3688 = AXIS2_PLACEMENT_3D('',#3689,#3690,#3691);
#3689 = CARTESIAN_POINT('',(160.,-21.5,2.5));
#3690 = DIRECTION('',(-0.,-1.,-0.));
#3691 = DIRECTION('',(1.,0.,0.));
#3692 = ADVANCED_FACE('',(#3693),#3718,.F.);
#3693 = FACE_BOUND('',#3694,.T.);
#3694 = EDGE_LOOP('',(#3695,#3703,#3711,#3717));
#3695 = ORIENTED_EDGE('',*,*,#3696,.T.);
#3696 = EDGE_CURVE('',#2066,#3697,#3699,.T.);
#3697 = VERTEX_POINT('',#3698);
#3698 = CARTESIAN_POINT('',(103.5,-32.9,0.7));
#3699 = LINE('',#3700,#3701);
#3700 = CARTESIAN_POINT('',(103.5,-32.9,2.5));
#3701 = VECTOR('',#3702,1.);
#3702 = DIRECTION('',(0.,0.,-1.));
#3703 = ORIENTED_EDGE('',*,*,#3704,.T.);
#3704 = EDGE_CURVE('',#3697,#3705,#3707,.T.);
#3705 = VERTEX_POINT('',#3706);
#3706 = CARTESIAN_POINT('',(126.,-32.9,0.7));
#3707 = LINE('',#3708,#3709);
#3708 = CARTESIAN_POINT('',(103.5,-32.9,0.7));
#3709 = VECTOR('',#3710,1.);
#3710 = DIRECTION('',(1.,0.,0.));
#3711 = ORIENTED_EDGE('',*,*,#3712,.F.);
#3712 = EDGE_CURVE('',#2068,#3705,#3713,.T.);
#3713 = LINE('',#3714,#3715);
#3714 = CARTESIAN_POINT('',(126.,-32.9,2.5));
#3715 = VECTOR('',#3716,1.);
#3716 = DIRECTION('',(0.,0.,-1.));
#3717 = ORIENTED_EDGE('',*,*,#2065,.F.);
#3718 = PLANE('',#3719);
#3719 = AXIS2_PLACEMENT_3D('',#3720,#3721,#3722);
#3720 = CARTESIAN_POINT('',(103.5,-32.9,2.5));
#3721 = DIRECTION('',(0.,1.,0.));
#3722 = DIRECTION('',(-1.,-0.,-0.));
#3723 = ADVANCED_FACE('',(#3724),#3742,.F.);
#3724 = FACE_BOUND('',#3725,.T.);
#3725 = EDGE_LOOP('',(#3726,#3734,#3740,#3741));
#3726 = ORIENTED_EDGE('',*,*,#3727,.T.);
#3727 = EDGE_CURVE('',#2076,#3728,#3730,.T.);
#3728 = VERTEX_POINT('',#3729);
#3729 = CARTESIAN_POINT('',(103.5,-35.3,0.7));
#3730 = LINE('',#3731,#3732);
#3731 = CARTESIAN_POINT('',(103.5,-35.3,2.5));
#3732 = VECTOR('',#3733,1.);
#3733 = DIRECTION('',(0.,0.,-1.));
#3734 = ORIENTED_EDGE('',*,*,#3735,.T.);
#3735 = EDGE_CURVE('',#3728,#3697,#3736,.T.);
#3736 = LINE('',#3737,#3738);
#3737 = CARTESIAN_POINT('',(103.5,-35.3,0.7));
#3738 = VECTOR('',#3739,1.);
#3739 = DIRECTION('',(0.,1.,0.));
#3740 = ORIENTED_EDGE('',*,*,#3696,.F.);
#3741 = ORIENTED_EDGE('',*,*,#2075,.F.);
#3742 = PLANE('',#3743);
#3743 = AXIS2_PLACEMENT_3D('',#3744,#3745,#3746);
#3744 = CARTESIAN_POINT('',(103.5,-35.3,2.5));
#3745 = DIRECTION('',(-1.,-0.,-0.));
#3746 = DIRECTION('',(-0.,-1.,-0.));
#3747 = ADVANCED_FACE('',(#3748),#3766,.F.);
#3748 = FACE_BOUND('',#3749,.T.);
#3749 = EDGE_LOOP('',(#3750,#3751,#3759,#3765));
#3750 = ORIENTED_EDGE('',*,*,#3712,.T.);
#3751 = ORIENTED_EDGE('',*,*,#3752,.T.);
#3752 = EDGE_CURVE('',#3705,#3753,#3755,.T.);
#3753 = VERTEX_POINT('',#3754);
#3754 = CARTESIAN_POINT('',(126.,-35.3,0.7));
#3755 = LINE('',#3756,#3757);
#3756 = CARTESIAN_POINT('',(126.,-32.9,0.7));
#3757 = VECTOR('',#3758,1.);
#3758 = DIRECTION('',(-0.,-1.,-0.));
#3759 = ORIENTED_EDGE('',*,*,#3760,.F.);
#3760 = EDGE_CURVE('',#2084,#3753,#3761,.T.);
#3761 = LINE('',#3762,#3763);
#3762 = CARTESIAN_POINT('',(126.,-35.3,2.5));
#3763 = VECTOR('',#3764,1.);
#3764 = DIRECTION('',(0.,0.,-1.));
#3765 = ORIENTED_EDGE('',*,*,#2091,.F.);
#3766 = PLANE('',#3767);
#3767 = AXIS2_PLACEMENT_3D('',#3768,#3769,#3770);
#3768 = CARTESIAN_POINT('',(126.,-32.9,2.5));
#3769 = DIRECTION('',(1.,0.,0.));
#3770 = DIRECTION('',(0.,1.,0.));
#3771 = ADVANCED_FACE('',(#3772),#3783,.F.);
#3772 = FACE_BOUND('',#3773,.T.);
#3773 = EDGE_LOOP('',(#3774,#3775,#3781,#3782));
#3774 = ORIENTED_EDGE('',*,*,#3760,.T.);
#3775 = ORIENTED_EDGE('',*,*,#3776,.T.);
#3776 = EDGE_CURVE('',#3753,#3728,#3777,.T.);
#3777 = LINE('',#3778,#3779);
#3778 = CARTESIAN_POINT('',(126.,-35.3,0.7));
#3779 = VECTOR('',#3780,1.);
#3780 = DIRECTION('',(-1.,-0.,-0.));
#3781 = ORIENTED_EDGE('',*,*,#3727,.F.);
#3782 = ORIENTED_EDGE('',*,*,#2083,.F.);
#3783 = PLANE('',#3784);
#3784 = AXIS2_PLACEMENT_3D('',#3785,#3786,#3787);
#3785 = CARTESIAN_POINT('',(126.,-35.3,2.5));
#3786 = DIRECTION('',(-0.,-1.,-0.));
#3787 = DIRECTION('',(1.,0.,0.));
#3788 = ADVANCED_FACE('',(#3789),#3808,.F.);
#3789 = FACE_BOUND('',#3790,.T.);
#3790 = EDGE_LOOP('',(#3791,#3799,#3806,#3807));
#3791 = ORIENTED_EDGE('',*,*,#3792,.T.);
#3792 = EDGE_CURVE('',#2100,#3793,#3795,.T.);
#3793 = VERTEX_POINT('',#3794);
#3794 = CARTESIAN_POINT('',(153.15,-15.25,0.7));
#3795 = LINE('',#3796,#3797);
#3796 = CARTESIAN_POINT('',(153.15,-15.25,2.5));
#3797 = VECTOR('',#3798,1.);
#3798 = DIRECTION('',(0.,0.,-1.));
#3799 = ORIENTED_EDGE('',*,*,#3800,.T.);
#3800 = EDGE_CURVE('',#3793,#3793,#3801,.T.);
#3801 = CIRCLE('',#3802,1.);
#3802 = AXIS2_PLACEMENT_3D('',#3803,#3804,#3805);
#3803 = CARTESIAN_POINT('',(154.15,-15.25,0.7));
#3804 = DIRECTION('',(0.,0.,-1.));
#3805 = DIRECTION('',(-1.,-0.,-0.));
#3806 = ORIENTED_EDGE('',*,*,#3792,.F.);
#3807 = ORIENTED_EDGE('',*,*,#2099,.F.);
#3808 = CYLINDRICAL_SURFACE('',#3809,1.);
#3809 = AXIS2_PLACEMENT_3D('',#3810,#3811,#3812);
#3810 = CARTESIAN_POINT('',(154.15,-15.25,2.5));
#3811 = DIRECTION('',(0.,0.,1.));
#3812 = DIRECTION('',(-1.,0.,0.));
#3813 = ADVANCED_FACE('',(#3814),#3833,.F.);
#3814 = FACE_BOUND('',#3815,.T.);
#3815 = EDGE_LOOP('',(#3816,#3824,#3831,#3832));
#3816 = ORIENTED_EDGE('',*,*,#3817,.T.);
#3817 = EDGE_CURVE('',#2111,#3818,#3820,.T.);
#3818 = VERTEX_POINT('',#3819);
#3819 = CARTESIAN_POINT('',(146.15,-14.2,0.7));
#3820 = LINE('',#3821,#3822);
#3821 = CARTESIAN_POINT('',(146.15,-14.2,2.5));
#3822 = VECTOR('',#3823,1.);
#3823 = DIRECTION('',(0.,0.,-1.));
#3824 = ORIENTED_EDGE('',*,*,#3825,.T.);
#3825 = EDGE_CURVE('',#3818,#3818,#3826,.T.);
#3826 = CIRCLE('',#3827,1.);
#3827 = AXIS2_PLACEMENT_3D('',#3828,#3829,#3830);
#3828 = CARTESIAN_POINT('',(147.15,-14.2,0.7));
#3829 = DIRECTION('',(0.,0.,-1.));
#3830 = DIRECTION('',(-1.,-0.,-0.));
#3831 = ORIENTED_EDGE('',*,*,#3817,.F.);
#3832 = ORIENTED_EDGE('',*,*,#2110,.F.);
#3833 = CYLINDRICAL_SURFACE('',#3834,1.);
#3834 = AXIS2_PLACEMENT_3D('',#3835,#3836,#3837);
#3835 = CARTESIAN_POINT('',(147.15,-14.2,2.5));
#3836 = DIRECTION('',(0.,0.,1.));
#3837 = DIRECTION('',(-1.,0.,0.));
#3838 = ADVANCED_FACE('',(#3839),#3858,.F.);
#3839 = FACE_BOUND('',#3840,.T.);
#3840 = EDGE_LOOP('',(#3841,#3849,#3856,#3857));
#3841 = ORIENTED_EDGE('',*,*,#3842,.T.);
#3842 = EDGE_CURVE('',#2122,#3843,#3845,.T.);
#3843 = VERTEX_POINT('',#3844);
#3844 = CARTESIAN_POINT('',(134.15,-15.25,0.7));
#3845 = LINE('',#3846,#3847);
#3846 = CARTESIAN_POINT('',(134.15,-15.25,2.5));
#3847 = VECTOR('',#3848,1.);
#3848 = DIRECTION('',(0.,0.,-1.));
#3849 = ORIENTED_EDGE('',*,*,#3850,.T.);
#3850 = EDGE_CURVE('',#3843,#3843,#3851,.T.);
#3851 = CIRCLE('',#3852,1.);
#3852 = AXIS2_PLACEMENT_3D('',#3853,#3854,#3855);
#3853 = CARTESIAN_POINT('',(135.15,-15.25,0.7));
#3854 = DIRECTION('',(0.,0.,-1.));
#3855 = DIRECTION('',(-1.,-0.,-0.));
#3856 = ORIENTED_EDGE('',*,*,#3842,.F.);
#3857 = ORIENTED_EDGE('',*,*,#2121,.F.);
#3858 = CYLINDRICAL_SURFACE('',#3859,1.);
#3859 = AXIS2_PLACEMENT_3D('',#3860,#3861,#3862);
#3860 = CARTESIAN_POINT('',(135.15,-15.25,2.5));
#3861 = DIRECTION('',(0.,0.,1.));
#3862 = DIRECTION('',(-1.,0.,0.));
#3863 = ADVANCED_FACE('',(#3864),#3883,.F.);
#3864 = FACE_BOUND('',#3865,.T.);
#3865 = EDGE_LOOP('',(#3866,#3874,#3881,#3882));
#3866 = ORIENTED_EDGE('',*,*,#3867,.T.);
#3867 = EDGE_CURVE('',#2133,#3868,#3870,.T.);
#3868 = VERTEX_POINT('',#3869);
#3869 = CARTESIAN_POINT('',(148.85,-9.5,0.7));
#3870 = LINE('',#3871,#3872);
#3871 = CARTESIAN_POINT('',(148.85,-9.5,2.5));
#3872 = VECTOR('',#3873,1.);
#3873 = DIRECTION('',(0.,0.,-1.));
#3874 = ORIENTED_EDGE('',*,*,#3875,.T.);
#3875 = EDGE_CURVE('',#3868,#3868,#3876,.T.);
#3876 = CIRCLE('',#3877,2.7);
#3877 = AXIS2_PLACEMENT_3D('',#3878,#3879,#3880);
#3878 = CARTESIAN_POINT('',(151.55,-9.5,0.7));
#3879 = DIRECTION('',(0.,0.,-1.));
#3880 = DIRECTION('',(-1.,-0.,-0.));
#3881 = ORIENTED_EDGE('',*,*,#3867,.F.);
#3882 = ORIENTED_EDGE('',*,*,#2132,.F.);
#3883 = CYLINDRICAL_SURFACE('',#3884,2.7);
#3884 = AXIS2_PLACEMENT_3D('',#3885,#3886,#3887);
#3885 = CARTESIAN_POINT('',(151.55,-9.5,2.5));
#3886 = DIRECTION('',(0.,0.,1.));
#3887 = DIRECTION('',(-1.,0.,0.));
#3888 = ADVANCED_FACE('',(#3889),#3914,.F.);
#3889 = FACE_BOUND('',#3890,.T.);
#3890 = EDGE_LOOP('',(#3891,#3899,#3907,#3913));
#3891 = ORIENTED_EDGE('',*,*,#3892,.T.);
#3892 = EDGE_CURVE('',#2144,#3893,#3895,.T.);
#3893 = VERTEX_POINT('',#3894);
#3894 = CARTESIAN_POINT('',(154.25,-2.45,0.7));
#3895 = LINE('',#3896,#3897);
#3896 = CARTESIAN_POINT('',(154.25,-2.45,2.5));
#3897 = VECTOR('',#3898,1.);
#3898 = DIRECTION('',(0.,0.,-1.));
#3899 = ORIENTED_EDGE('',*,*,#3900,.T.);
#3900 = EDGE_CURVE('',#3893,#3901,#3903,.T.);
#3901 = VERTEX_POINT('',#3902);
#3902 = CARTESIAN_POINT('',(154.25,-6.25,0.7));
#3903 = LINE('',#3904,#3905);
#3904 = CARTESIAN_POINT('',(154.25,-2.45,0.7));
#3905 = VECTOR('',#3906,1.);
#3906 = DIRECTION('',(-0.,-1.,-0.));
#3907 = ORIENTED_EDGE('',*,*,#3908,.F.);
#3908 = EDGE_CURVE('',#2146,#3901,#3909,.T.);
#3909 = LINE('',#3910,#3911);
#3910 = CARTESIAN_POINT('',(154.25,-6.25,2.5));
#3911 = VECTOR('',#3912,1.);
#3912 = DIRECTION('',(0.,0.,-1.));
#3913 = ORIENTED_EDGE('',*,*,#2143,.F.);
#3914 = PLANE('',#3915);
#3915 = AXIS2_PLACEMENT_3D('',#3916,#3917,#3918);
#3916 = CARTESIAN_POINT('',(154.25,-2.45,2.5));
#3917 = DIRECTION('',(1.,0.,0.));
#3918 = DIRECTION('',(0.,1.,0.));
#3919 = ADVANCED_FACE('',(#3920),#3938,.F.);
#3920 = FACE_BOUND('',#3921,.T.);
#3921 = EDGE_LOOP('',(#3922,#3930,#3936,#3937));
#3922 = ORIENTED_EDGE('',*,*,#3923,.T.);
#3923 = EDGE_CURVE('',#2154,#3924,#3926,.T.);
#3924 = VERTEX_POINT('',#3925);
#3925 = CARTESIAN_POINT('',(147.25,-2.45,0.7));
#3926 = LINE('',#3927,#3928);
#3927 = CARTESIAN_POINT('',(147.25,-2.45,2.5));
#3928 = VECTOR('',#3929,1.);
#3929 = DIRECTION('',(0.,0.,-1.));
#3930 = ORIENTED_EDGE('',*,*,#3931,.T.);
#3931 = EDGE_CURVE('',#3924,#3893,#3932,.T.);
#3932 = LINE('',#3933,#3934);
#3933 = CARTESIAN_POINT('',(147.25,-2.45,0.7));
#3934 = VECTOR('',#3935,1.);
#3935 = DIRECTION('',(1.,0.,0.));
#3936 = ORIENTED_EDGE('',*,*,#3892,.F.);
#3937 = ORIENTED_EDGE('',*,*,#2153,.F.);
#3938 = PLANE('',#3939);
#3939 = AXIS2_PLACEMENT_3D('',#3940,#3941,#3942);
#3940 = CARTESIAN_POINT('',(147.25,-2.45,2.5));
#3941 = DIRECTION('',(0.,1.,0.));
#3942 = DIRECTION('',(-1.,-0.,-0.));
#3943 = ADVANCED_FACE('',(#3944),#3962,.F.);
#3944 = FACE_BOUND('',#3945,.T.);
#3945 = EDGE_LOOP('',(#3946,#3947,#3955,#3961));
#3946 = ORIENTED_EDGE('',*,*,#3908,.T.);
#3947 = ORIENTED_EDGE('',*,*,#3948,.T.);
#3948 = EDGE_CURVE('',#3901,#3949,#3951,.T.);
#3949 = VERTEX_POINT('',#3950);
#3950 = CARTESIAN_POINT('',(147.25,-6.25,0.7));
#3951 = LINE('',#3952,#3953);
#3952 = CARTESIAN_POINT('',(154.25,-6.25,0.7));
#3953 = VECTOR('',#3954,1.);
#3954 = DIRECTION('',(-1.,-0.,-0.));
#3955 = ORIENTED_EDGE('',*,*,#3956,.F.);
#3956 = EDGE_CURVE('',#2162,#3949,#3957,.T.);
#3957 = LINE('',#3958,#3959);
#3958 = CARTESIAN_POINT('',(147.25,-6.25,2.5));
#3959 = VECTOR('',#3960,1.);
#3960 = DIRECTION('',(0.,0.,-1.));
#3961 = ORIENTED_EDGE('',*,*,#2169,.F.);
#3962 = PLANE('',#3963);
#3963 = AXIS2_PLACEMENT_3D('',#3964,#3965,#3966);
#3964 = CARTESIAN_POINT('',(154.25,-6.25,2.5));
#3965 = DIRECTION('',(-0.,-1.,-0.));
#3966 = DIRECTION('',(1.,0.,0.));
#3967 = ADVANCED_FACE('',(#3968),#3979,.F.);
#3968 = FACE_BOUND('',#3969,.T.);
#3969 = EDGE_LOOP('',(#3970,#3971,#3977,#3978));
#3970 = ORIENTED_EDGE('',*,*,#3956,.T.);
#3971 = ORIENTED_EDGE('',*,*,#3972,.T.);
#3972 = EDGE_CURVE('',#3949,#3924,#3973,.T.);
#3973 = LINE('',#3974,#3975);
#3974 = CARTESIAN_POINT('',(147.25,-6.25,0.7));
#3975 = VECTOR('',#3976,1.);
#3976 = DIRECTION('',(0.,1.,0.));
#3977 = ORIENTED_EDGE('',*,*,#3923,.F.);
#3978 = ORIENTED_EDGE('',*,*,#2161,.F.);
#3979 = PLANE('',#3980);
#3980 = AXIS2_PLACEMENT_3D('',#3981,#3982,#3983);
#3981 = CARTESIAN_POINT('',(147.25,-6.25,2.5));
#3982 = DIRECTION('',(-1.,-0.,-0.));
#3983 = DIRECTION('',(-0.,-1.,-0.));
#3984 = ADVANCED_FACE('',(#3985),#4004,.F.);
#3985 = FACE_BOUND('',#3986,.T.);
#3986 = EDGE_LOOP('',(#3987,#3995,#4002,#4003));
#3987 = ORIENTED_EDGE('',*,*,#3988,.T.);
#3988 = EDGE_CURVE('',#2178,#3989,#3991,.T.);
#3989 = VERTEX_POINT('',#3990);
#3990 = CARTESIAN_POINT('',(129.85,-9.5,0.7));
#3991 = LINE('',#3992,#3993);
#3992 = CARTESIAN_POINT('',(129.85,-9.5,2.5));
#3993 = VECTOR('',#3994,1.);
#3994 = DIRECTION('',(0.,0.,-1.));
#3995 = ORIENTED_EDGE('',*,*,#3996,.T.);
#3996 = EDGE_CURVE('',#3989,#3989,#3997,.T.);
#3997 = CIRCLE('',#3998,2.7);
#3998 = AXIS2_PLACEMENT_3D('',#3999,#4000,#4001);
#3999 = CARTESIAN_POINT('',(132.55,-9.5,0.7));
#4000 = DIRECTION('',(0.,0.,-1.));
#4001 = DIRECTION('',(-1.,-0.,-0.));
#4002 = ORIENTED_EDGE('',*,*,#3988,.F.);
#4003 = ORIENTED_EDGE('',*,*,#2177,.F.);
#4004 = CYLINDRICAL_SURFACE('',#4005,2.7);
#4005 = AXIS2_PLACEMENT_3D('',#4006,#4007,#4008);
#4006 = CARTESIAN_POINT('',(132.55,-9.5,2.5));
#4007 = DIRECTION('',(0.,0.,1.));
#4008 = DIRECTION('',(-1.,0.,0.));
#4009 = ADVANCED_FACE('',(#4010),#4035,.F.);
#4010 = FACE_BOUND('',#4011,.T.);
#4011 = EDGE_LOOP('',(#4012,#4020,#4028,#4034));
#4012 = ORIENTED_EDGE('',*,*,#4013,.T.);
#4013 = EDGE_CURVE('',#2189,#4014,#4016,.T.);
#4014 = VERTEX_POINT('',#4015);
#4015 = CARTESIAN_POINT('',(135.25,-2.45,0.7));
#4016 = LINE('',#4017,#4018);
#4017 = CARTESIAN_POINT('',(135.25,-2.45,2.5));
#4018 = VECTOR('',#4019,1.);
#4019 = DIRECTION('',(0.,0.,-1.));
#4020 = ORIENTED_EDGE('',*,*,#4021,.T.);
#4021 = EDGE_CURVE('',#4014,#4022,#4024,.T.);
#4022 = VERTEX_POINT('',#4023);
#4023 = CARTESIAN_POINT('',(135.25,-6.25,0.7));
#4024 = LINE('',#4025,#4026);
#4025 = CARTESIAN_POINT('',(135.25,-2.45,0.7));
#4026 = VECTOR('',#4027,1.);
#4027 = DIRECTION('',(-0.,-1.,-0.));
#4028 = ORIENTED_EDGE('',*,*,#4029,.F.);
#4029 = EDGE_CURVE('',#2191,#4022,#4030,.T.);
#4030 = LINE('',#4031,#4032);
#4031 = CARTESIAN_POINT('',(135.25,-6.25,2.5));
#4032 = VECTOR('',#4033,1.);
#4033 = DIRECTION('',(0.,0.,-1.));
#4034 = ORIENTED_EDGE('',*,*,#2188,.F.);
#4035 = PLANE('',#4036);
#4036 = AXIS2_PLACEMENT_3D('',#4037,#4038,#4039);
#4037 = CARTESIAN_POINT('',(135.25,-2.45,2.5));
#4038 = DIRECTION('',(1.,0.,0.));
#4039 = DIRECTION('',(0.,1.,0.));
#4040 = ADVANCED_FACE('',(#4041),#4059,.F.);
#4041 = FACE_BOUND('',#4042,.T.);
#4042 = EDGE_LOOP('',(#4043,#4051,#4057,#4058));
#4043 = ORIENTED_EDGE('',*,*,#4044,.T.);
#4044 = EDGE_CURVE('',#2199,#4045,#4047,.T.);
#4045 = VERTEX_POINT('',#4046);
#4046 = CARTESIAN_POINT('',(128.25,-2.45,0.7));
#4047 = LINE('',#4048,#4049);
#4048 = CARTESIAN_POINT('',(128.25,-2.45,2.5));
#4049 = VECTOR('',#4050,1.);
#4050 = DIRECTION('',(0.,0.,-1.));
#4051 = ORIENTED_EDGE('',*,*,#4052,.T.);
#4052 = EDGE_CURVE('',#4045,#4014,#4053,.T.);
#4053 = LINE('',#4054,#4055);
#4054 = CARTESIAN_POINT('',(128.25,-2.45,0.7));
#4055 = VECTOR('',#4056,1.);
#4056 = DIRECTION('',(1.,0.,0.));
#4057 = ORIENTED_EDGE('',*,*,#4013,.F.);
#4058 = ORIENTED_EDGE('',*,*,#2198,.F.);
#4059 = PLANE('',#4060);
#4060 = AXIS2_PLACEMENT_3D('',#4061,#4062,#4063);
#4061 = CARTESIAN_POINT('',(128.25,-2.45,2.5));
#4062 = DIRECTION('',(0.,1.,0.));
#4063 = DIRECTION('',(-1.,-0.,-0.));
#4064 = ADVANCED_FACE('',(#4065),#4083,.F.);
#4065 = FACE_BOUND('',#4066,.T.);
#4066 = EDGE_LOOP('',(#4067,#4068,#4076,#4082));
#4067 = ORIENTED_EDGE('',*,*,#4029,.T.);
#4068 = ORIENTED_EDGE('',*,*,#4069,.T.);
#4069 = EDGE_CURVE('',#4022,#4070,#4072,.T.);
#4070 = VERTEX_POINT('',#4071);
#4071 = CARTESIAN_POINT('',(128.25,-6.25,0.7));
#4072 = LINE('',#4073,#4074);
#4073 = CARTESIAN_POINT('',(135.25,-6.25,0.7));
#4074 = VECTOR('',#4075,1.);
#4075 = DIRECTION('',(-1.,-0.,-0.));
#4076 = ORIENTED_EDGE('',*,*,#4077,.F.);
#4077 = EDGE_CURVE('',#2207,#4070,#4078,.T.);
#4078 = LINE('',#4079,#4080);
#4079 = CARTESIAN_POINT('',(128.25,-6.25,2.5));
#4080 = VECTOR('',#4081,1.);
#4081 = DIRECTION('',(0.,0.,-1.));
#4082 = ORIENTED_EDGE('',*,*,#2214,.F.);
#4083 = PLANE('',#4084);
#4084 = AXIS2_PLACEMENT_3D('',#4085,#4086,#4087);
#4085 = CARTESIAN_POINT('',(135.25,-6.25,2.5));
#4086 = DIRECTION('',(-0.,-1.,-0.));
#4087 = DIRECTION('',(1.,0.,0.));
#4088 = ADVANCED_FACE('',(#4089),#4100,.F.);
#4089 = FACE_BOUND('',#4090,.T.);
#4090 = EDGE_LOOP('',(#4091,#4092,#4098,#4099));
#4091 = ORIENTED_EDGE('',*,*,#4077,.T.);
#4092 = ORIENTED_EDGE('',*,*,#4093,.T.);
#4093 = EDGE_CURVE('',#4070,#4045,#4094,.T.);
#4094 = LINE('',#4095,#4096);
#4095 = CARTESIAN_POINT('',(128.25,-6.25,0.7));
#4096 = VECTOR('',#4097,1.);
#4097 = DIRECTION('',(0.,1.,0.));
#4098 = ORIENTED_EDGE('',*,*,#4044,.F.);
#4099 = ORIENTED_EDGE('',*,*,#2206,.F.);
#4100 = PLANE('',#4101);
#4101 = AXIS2_PLACEMENT_3D('',#4102,#4103,#4104);
#4102 = CARTESIAN_POINT('',(128.25,-6.25,2.5));
#4103 = DIRECTION('',(-1.,-0.,-0.));
#4104 = DIRECTION('',(-0.,-1.,-0.));
#4105 = ADVANCED_FACE('',(#4106),#4125,.F.);
#4106 = FACE_BOUND('',#4107,.T.);
#4107 = EDGE_LOOP('',(#4108,#4116,#4123,#4124));
#4108 = ORIENTED_EDGE('',*,*,#4109,.T.);
#4109 = EDGE_CURVE('',#2223,#4110,#4112,.T.);
#4110 = VERTEX_POINT('',#4111);
#4111 = CARTESIAN_POINT('',(115.15,-15.25,0.7));
#4112 = LINE('',#4113,#4114);
#4113 = CARTESIAN_POINT('',(115.15,-15.25,2.5));
#4114 = VECTOR('',#4115,1.);
#4115 = DIRECTION('',(0.,0.,-1.));
#4116 = ORIENTED_EDGE('',*,*,#4117,.T.);
#4117 = EDGE_CURVE('',#4110,#4110,#4118,.T.);
#4118 = CIRCLE('',#4119,1.);
#4119 = AXIS2_PLACEMENT_3D('',#4120,#4121,#4122);
#4120 = CARTESIAN_POINT('',(116.15,-15.25,0.7));
#4121 = DIRECTION('',(0.,0.,-1.));
#4122 = DIRECTION('',(-1.,-0.,-0.));
#4123 = ORIENTED_EDGE('',*,*,#4109,.F.);
#4124 = ORIENTED_EDGE('',*,*,#2222,.F.);
#4125 = CYLINDRICAL_SURFACE('',#4126,1.);
#4126 = AXIS2_PLACEMENT_3D('',#4127,#4128,#4129);
#4127 = CARTESIAN_POINT('',(116.15,-15.25,2.5));
#4128 = DIRECTION('',(0.,0.,1.));
#4129 = DIRECTION('',(-1.,0.,0.));
#4130 = ADVANCED_FACE('',(#4131),#4150,.F.);
#4131 = FACE_BOUND('',#4132,.T.);
#4132 = EDGE_LOOP('',(#4133,#4141,#4148,#4149));
#4133 = ORIENTED_EDGE('',*,*,#4134,.T.);
#4134 = EDGE_CURVE('',#2234,#4135,#4137,.T.);
#4135 = VERTEX_POINT('',#4136);
#4136 = CARTESIAN_POINT('',(127.15,-14.2,0.7));
#4137 = LINE('',#4138,#4139);
#4138 = CARTESIAN_POINT('',(127.15,-14.2,2.5));
#4139 = VECTOR('',#4140,1.);
#4140 = DIRECTION('',(0.,0.,-1.));
#4141 = ORIENTED_EDGE('',*,*,#4142,.T.);
#4142 = EDGE_CURVE('',#4135,#4135,#4143,.T.);
#4143 = CIRCLE('',#4144,1.);
#4144 = AXIS2_PLACEMENT_3D('',#4145,#4146,#4147);
#4145 = CARTESIAN_POINT('',(128.15,-14.2,0.7));
#4146 = DIRECTION('',(0.,0.,-1.));
#4147 = DIRECTION('',(-1.,-0.,-0.));
#4148 = ORIENTED_EDGE('',*,*,#4134,.F.);
#4149 = ORIENTED_EDGE('',*,*,#2233,.F.);
#4150 = CYLINDRICAL_SURFACE('',#4151,1.);
#4151 = AXIS2_PLACEMENT_3D('',#4152,#4153,#4154);
#4152 = CARTESIAN_POINT('',(128.15,-14.2,2.5));
#4153 = DIRECTION('',(0.,0.,1.));
#4154 = DIRECTION('',(-1.,0.,0.));
#4155 = ADVANCED_FACE('',(#4156),#4175,.F.);
#4156 = FACE_BOUND('',#4157,.T.);
#4157 = EDGE_LOOP('',(#4158,#4166,#4173,#4174));
#4158 = ORIENTED_EDGE('',*,*,#4159,.T.);
#4159 = EDGE_CURVE('',#2245,#4160,#4162,.T.);
#4160 = VERTEX_POINT('',#4161);
#4161 = CARTESIAN_POINT('',(108.15,-14.2,0.7));
#4162 = LINE('',#4163,#4164);
#4163 = CARTESIAN_POINT('',(108.15,-14.2,2.5));
#4164 = VECTOR('',#4165,1.);
#4165 = DIRECTION('',(0.,0.,-1.));
#4166 = ORIENTED_EDGE('',*,*,#4167,.T.);
#4167 = EDGE_CURVE('',#4160,#4160,#4168,.T.);
#4168 = CIRCLE('',#4169,1.);
#4169 = AXIS2_PLACEMENT_3D('',#4170,#4171,#4172);
#4170 = CARTESIAN_POINT('',(109.15,-14.2,0.7));
#4171 = DIRECTION('',(0.,0.,-1.));
#4172 = DIRECTION('',(-1.,-0.,-0.));
#4173 = ORIENTED_EDGE('',*,*,#4159,.F.);
#4174 = ORIENTED_EDGE('',*,*,#2244,.F.);
#4175 = CYLINDRICAL_SURFACE('',#4176,1.);
#4176 = AXIS2_PLACEMENT_3D('',#4177,#4178,#4179);
#4177 = CARTESIAN_POINT('',(109.15,-14.2,2.5));
#4178 = DIRECTION('',(0.,0.,1.));
#4179 = DIRECTION('',(-1.,0.,0.));
#4180 = ADVANCED_FACE('',(#4181),#4200,.F.);
#4181 = FACE_BOUND('',#4182,.T.);
#4182 = EDGE_LOOP('',(#4183,#4191,#4198,#4199));
#4183 = ORIENTED_EDGE('',*,*,#4184,.T.);
#4184 = EDGE_CURVE('',#2256,#4185,#4187,.T.);
#4185 = VERTEX_POINT('',#4186);
#4186 = CARTESIAN_POINT('',(110.85,-9.5,0.7));
#4187 = LINE('',#4188,#4189);
#4188 = CARTESIAN_POINT('',(110.85,-9.5,2.5));
#4189 = VECTOR('',#4190,1.);
#4190 = DIRECTION('',(0.,0.,-1.));
#4191 = ORIENTED_EDGE('',*,*,#4192,.T.);
#4192 = EDGE_CURVE('',#4185,#4185,#4193,.T.);
#4193 = CIRCLE('',#4194,2.7);
#4194 = AXIS2_PLACEMENT_3D('',#4195,#4196,#4197);
#4195 = CARTESIAN_POINT('',(113.55,-9.5,0.7));
#4196 = DIRECTION('',(0.,0.,-1.));
#4197 = DIRECTION('',(-1.,-0.,-0.));
#4198 = ORIENTED_EDGE('',*,*,#4184,.F.);
#4199 = ORIENTED_EDGE('',*,*,#2255,.F.);
#4200 = CYLINDRICAL_SURFACE('',#4201,2.7);
#4201 = AXIS2_PLACEMENT_3D('',#4202,#4203,#4204);
#4202 = CARTESIAN_POINT('',(113.55,-9.5,2.5));
#4203 = DIRECTION('',(0.,0.,1.));
#4204 = DIRECTION('',(-1.,0.,0.));
#4205 = ADVANCED_FACE('',(#4206),#4231,.F.);
#4206 = FACE_BOUND('',#4207,.T.);
#4207 = EDGE_LOOP('',(#4208,#4216,#4224,#4230));
#4208 = ORIENTED_EDGE('',*,*,#4209,.T.);
#4209 = EDGE_CURVE('',#2267,#4210,#4212,.T.);
#4210 = VERTEX_POINT('',#4211);
#4211 = CARTESIAN_POINT('',(116.25,-2.45,0.7));
#4212 = LINE('',#4213,#4214);
#4213 = CARTESIAN_POINT('',(116.25,-2.45,2.5));
#4214 = VECTOR('',#4215,1.);
#4215 = DIRECTION('',(0.,0.,-1.));
#4216 = ORIENTED_EDGE('',*,*,#4217,.T.);
#4217 = EDGE_CURVE('',#4210,#4218,#4220,.T.);
#4218 = VERTEX_POINT('',#4219);
#4219 = CARTESIAN_POINT('',(116.25,-6.25,0.7));
#4220 = LINE('',#4221,#4222);
#4221 = CARTESIAN_POINT('',(116.25,-2.45,0.7));
#4222 = VECTOR('',#4223,1.);
#4223 = DIRECTION('',(-0.,-1.,-0.));
#4224 = ORIENTED_EDGE('',*,*,#4225,.F.);
#4225 = EDGE_CURVE('',#2269,#4218,#4226,.T.);
#4226 = LINE('',#4227,#4228);
#4227 = CARTESIAN_POINT('',(116.25,-6.25,2.5));
#4228 = VECTOR('',#4229,1.);
#4229 = DIRECTION('',(0.,0.,-1.));
#4230 = ORIENTED_EDGE('',*,*,#2266,.F.);
#4231 = PLANE('',#4232);
#4232 = AXIS2_PLACEMENT_3D('',#4233,#4234,#4235);
#4233 = CARTESIAN_POINT('',(116.25,-2.45,2.5));
#4234 = DIRECTION('',(1.,0.,0.));
#4235 = DIRECTION('',(0.,1.,0.));
#4236 = ADVANCED_FACE('',(#4237),#4255,.F.);
#4237 = FACE_BOUND('',#4238,.T.);
#4238 = EDGE_LOOP('',(#4239,#4247,#4253,#4254));
#4239 = ORIENTED_EDGE('',*,*,#4240,.T.);
#4240 = EDGE_CURVE('',#2277,#4241,#4243,.T.);
#4241 = VERTEX_POINT('',#4242);
#4242 = CARTESIAN_POINT('',(109.25,-2.45,0.7));
#4243 = LINE('',#4244,#4245);
#4244 = CARTESIAN_POINT('',(109.25,-2.45,2.5));
#4245 = VECTOR('',#4246,1.);
#4246 = DIRECTION('',(0.,0.,-1.));
#4247 = ORIENTED_EDGE('',*,*,#4248,.T.);
#4248 = EDGE_CURVE('',#4241,#4210,#4249,.T.);
#4249 = LINE('',#4250,#4251);
#4250 = CARTESIAN_POINT('',(109.25,-2.45,0.7));
#4251 = VECTOR('',#4252,1.);
#4252 = DIRECTION('',(1.,0.,0.));
#4253 = ORIENTED_EDGE('',*,*,#4209,.F.);
#4254 = ORIENTED_EDGE('',*,*,#2276,.F.);
#4255 = PLANE('',#4256);
#4256 = AXIS2_PLACEMENT_3D('',#4257,#4258,#4259);
#4257 = CARTESIAN_POINT('',(109.25,-2.45,2.5));
#4258 = DIRECTION('',(0.,1.,0.));
#4259 = DIRECTION('',(-1.,-0.,-0.));
#4260 = ADVANCED_FACE('',(#4261),#4279,.F.);
#4261 = FACE_BOUND('',#4262,.T.);
#4262 = EDGE_LOOP('',(#4263,#4264,#4272,#4278));
#4263 = ORIENTED_EDGE('',*,*,#4225,.T.);
#4264 = ORIENTED_EDGE('',*,*,#4265,.T.);
#4265 = EDGE_CURVE('',#4218,#4266,#4268,.T.);
#4266 = VERTEX_POINT('',#4267);
#4267 = CARTESIAN_POINT('',(109.25,-6.25,0.7));
#4268 = LINE('',#4269,#4270);
#4269 = CARTESIAN_POINT('',(116.25,-6.25,0.7));
#4270 = VECTOR('',#4271,1.);
#4271 = DIRECTION('',(-1.,-0.,-0.));
#4272 = ORIENTED_EDGE('',*,*,#4273,.F.);
#4273 = EDGE_CURVE('',#2285,#4266,#4274,.T.);
#4274 = LINE('',#4275,#4276);
#4275 = CARTESIAN_POINT('',(109.25,-6.25,2.5));
#4276 = VECTOR('',#4277,1.);
#4277 = DIRECTION('',(0.,0.,-1.));
#4278 = ORIENTED_EDGE('',*,*,#2292,.F.);
#4279 = PLANE('',#4280);
#4280 = AXIS2_PLACEMENT_3D('',#4281,#4282,#4283);
#4281 = CARTESIAN_POINT('',(116.25,-6.25,2.5));
#4282 = DIRECTION('',(-0.,-1.,-0.));
#4283 = DIRECTION('',(1.,0.,0.));
#4284 = ADVANCED_FACE('',(#4285),#4296,.F.);
#4285 = FACE_BOUND('',#4286,.T.);
#4286 = EDGE_LOOP('',(#4287,#4288,#4294,#4295));
#4287 = ORIENTED_EDGE('',*,*,#4273,.T.);
#4288 = ORIENTED_EDGE('',*,*,#4289,.T.);
#4289 = EDGE_CURVE('',#4266,#4241,#4290,.T.);
#4290 = LINE('',#4291,#4292);
#4291 = CARTESIAN_POINT('',(109.25,-6.25,0.7));
#4292 = VECTOR('',#4293,1.);
#4293 = DIRECTION('',(0.,1.,0.));
#4294 = ORIENTED_EDGE('',*,*,#4240,.F.);
#4295 = ORIENTED_EDGE('',*,*,#2284,.F.);
#4296 = PLANE('',#4297);
#4297 = AXIS2_PLACEMENT_3D('',#4298,#4299,#4300);
#4298 = CARTESIAN_POINT('',(109.25,-6.25,2.5));
#4299 = DIRECTION('',(-1.,-0.,-0.));
#4300 = DIRECTION('',(-0.,-1.,-0.));
#4301 = ADVANCED_FACE('',(#4302),#4321,.F.);
#4302 = FACE_BOUND('',#4303,.T.);
#4303 = EDGE_LOOP('',(#4304,#4312,#4319,#4320));
#4304 = ORIENTED_EDGE('',*,*,#4305,.T.);
#4305 = EDGE_CURVE('',#2301,#4306,#4308,.T.);
#4306 = VERTEX_POINT('',#4307);
#4307 = CARTESIAN_POINT('',(96.15,-34.25,0.7));
#4308 = LINE('',#4309,#4310);
#4309 = CARTESIAN_POINT('',(96.15,-34.25,2.5));
#4310 = VECTOR('',#4311,1.);
#4311 = DIRECTION('',(0.,0.,-1.));
#4312 = ORIENTED_EDGE('',*,*,#4313,.T.);
#4313 = EDGE_CURVE('',#4306,#4306,#4314,.T.);
#4314 = CIRCLE('',#4315,1.);
#4315 = AXIS2_PLACEMENT_3D('',#4316,#4317,#4318);
#4316 = CARTESIAN_POINT('',(97.15,-34.25,0.7));
#4317 = DIRECTION('',(0.,0.,-1.));
#4318 = DIRECTION('',(-1.,-0.,-0.));
#4319 = ORIENTED_EDGE('',*,*,#4305,.F.);
#4320 = ORIENTED_EDGE('',*,*,#2300,.F.);
#4321 = CYLINDRICAL_SURFACE('',#4322,1.);
#4322 = AXIS2_PLACEMENT_3D('',#4323,#4324,#4325);
#4323 = CARTESIAN_POINT('',(97.15,-34.25,2.5));
#4324 = DIRECTION('',(0.,0.,1.));
#4325 = DIRECTION('',(-1.,0.,0.));
#4326 = ADVANCED_FACE('',(#4327),#4346,.F.);
#4327 = FACE_BOUND('',#4328,.T.);
#4328 = EDGE_LOOP('',(#4329,#4337,#4344,#4345));
#4329 = ORIENTED_EDGE('',*,*,#4330,.T.);
#4330 = EDGE_CURVE('',#2312,#4331,#4333,.T.);
#4331 = VERTEX_POINT('',#4332);
#4332 = CARTESIAN_POINT('',(89.15,-33.2,0.7));
#4333 = LINE('',#4334,#4335);
#4334 = CARTESIAN_POINT('',(89.15,-33.2,2.5));
#4335 = VECTOR('',#4336,1.);
#4336 = DIRECTION('',(0.,0.,-1.));
#4337 = ORIENTED_EDGE('',*,*,#4338,.T.);
#4338 = EDGE_CURVE('',#4331,#4331,#4339,.T.);
#4339 = CIRCLE('',#4340,1.);
#4340 = AXIS2_PLACEMENT_3D('',#4341,#4342,#4343);
#4341 = CARTESIAN_POINT('',(90.15,-33.2,0.7));
#4342 = DIRECTION('',(0.,0.,-1.));
#4343 = DIRECTION('',(-1.,-0.,-0.));
#4344 = ORIENTED_EDGE('',*,*,#4330,.F.);
#4345 = ORIENTED_EDGE('',*,*,#2311,.F.);
#4346 = CYLINDRICAL_SURFACE('',#4347,1.);
#4347 = AXIS2_PLACEMENT_3D('',#4348,#4349,#4350);
#4348 = CARTESIAN_POINT('',(90.15,-33.2,2.5));
#4349 = DIRECTION('',(0.,0.,1.));
#4350 = DIRECTION('',(-1.,0.,0.));
#4351 = ADVANCED_FACE('',(#4352),#4371,.F.);
#4352 = FACE_BOUND('',#4353,.T.);
#4353 = EDGE_LOOP('',(#4354,#4362,#4369,#4370));
#4354 = ORIENTED_EDGE('',*,*,#4355,.T.);
#4355 = EDGE_CURVE('',#2323,#4356,#4358,.T.);
#4356 = VERTEX_POINT('',#4357);
#4357 = CARTESIAN_POINT('',(91.85,-28.5,0.7));
#4358 = LINE('',#4359,#4360);
#4359 = CARTESIAN_POINT('',(91.85,-28.5,2.5));
#4360 = VECTOR('',#4361,1.);
#4361 = DIRECTION('',(0.,0.,-1.));
#4362 = ORIENTED_EDGE('',*,*,#4363,.T.);
#4363 = EDGE_CURVE('',#4356,#4356,#4364,.T.);
#4364 = CIRCLE('',#4365,2.7);
#4365 = AXIS2_PLACEMENT_3D('',#4366,#4367,#4368);
#4366 = CARTESIAN_POINT('',(94.55,-28.5,0.7));
#4367 = DIRECTION('',(0.,0.,-1.));
#4368 = DIRECTION('',(-1.,-0.,-0.));
#4369 = ORIENTED_EDGE('',*,*,#4355,.F.);
#4370 = ORIENTED_EDGE('',*,*,#2322,.F.);
#4371 = CYLINDRICAL_SURFACE('',#4372,2.7);
#4372 = AXIS2_PLACEMENT_3D('',#4373,#4374,#4375);
#4373 = CARTESIAN_POINT('',(94.55,-28.5,2.5));
#4374 = DIRECTION('',(0.,0.,1.));
#4375 = DIRECTION('',(-1.,0.,0.));
#4376 = ADVANCED_FACE('',(#4377),#4396,.F.);
#4377 = FACE_BOUND('',#4378,.T.);
#4378 = EDGE_LOOP('',(#4379,#4387,#4394,#4395));
#4379 = ORIENTED_EDGE('',*,*,#4380,.T.);
#4380 = EDGE_CURVE('',#2334,#4381,#4383,.T.);
#4381 = VERTEX_POINT('',#4382);
#4382 = CARTESIAN_POINT('',(77.15,-34.25,0.7));
#4383 = LINE('',#4384,#4385);
#4384 = CARTESIAN_POINT('',(77.15,-34.25,2.5));
#4385 = VECTOR('',#4386,1.);
#4386 = DIRECTION('',(0.,0.,-1.));
#4387 = ORIENTED_EDGE('',*,*,#4388,.T.);
#4388 = EDGE_CURVE('',#4381,#4381,#4389,.T.);
#4389 = CIRCLE('',#4390,1.);
#4390 = AXIS2_PLACEMENT_3D('',#4391,#4392,#4393);
#4391 = CARTESIAN_POINT('',(78.15,-34.25,0.7));
#4392 = DIRECTION('',(0.,0.,-1.));
#4393 = DIRECTION('',(-1.,-0.,-0.));
#4394 = ORIENTED_EDGE('',*,*,#4380,.F.);
#4395 = ORIENTED_EDGE('',*,*,#2333,.F.);
#4396 = CYLINDRICAL_SURFACE('',#4397,1.);
#4397 = AXIS2_PLACEMENT_3D('',#4398,#4399,#4400);
#4398 = CARTESIAN_POINT('',(78.15,-34.25,2.5));
#4399 = DIRECTION('',(0.,0.,1.));
#4400 = DIRECTION('',(-1.,0.,0.));
#4401 = ADVANCED_FACE('',(#4402),#4421,.F.);
#4402 = FACE_BOUND('',#4403,.T.);
#4403 = EDGE_LOOP('',(#4404,#4412,#4419,#4420));
#4404 = ORIENTED_EDGE('',*,*,#4405,.T.);
#4405 = EDGE_CURVE('',#2345,#4406,#4408,.T.);
#4406 = VERTEX_POINT('',#4407);
#4407 = CARTESIAN_POINT('',(70.15,-33.2,0.7));
#4408 = LINE('',#4409,#4410);
#4409 = CARTESIAN_POINT('',(70.15,-33.2,2.5));
#4410 = VECTOR('',#4411,1.);
#4411 = DIRECTION('',(0.,0.,-1.));
#4412 = ORIENTED_EDGE('',*,*,#4413,.T.);
#4413 = EDGE_CURVE('',#4406,#4406,#4414,.T.);
#4414 = CIRCLE('',#4415,1.);
#4415 = AXIS2_PLACEMENT_3D('',#4416,#4417,#4418);
#4416 = CARTESIAN_POINT('',(71.15,-33.2,0.7));
#4417 = DIRECTION('',(0.,0.,-1.));
#4418 = DIRECTION('',(-1.,-0.,-0.));
#4419 = ORIENTED_EDGE('',*,*,#4405,.F.);
#4420 = ORIENTED_EDGE('',*,*,#2344,.F.);
#4421 = CYLINDRICAL_SURFACE('',#4422,1.);
#4422 = AXIS2_PLACEMENT_3D('',#4423,#4424,#4425);
#4423 = CARTESIAN_POINT('',(71.15,-33.2,2.5));
#4424 = DIRECTION('',(0.,0.,1.));
#4425 = DIRECTION('',(-1.,0.,0.));
#4426 = ADVANCED_FACE('',(#4427),#4446,.F.);
#4427 = FACE_BOUND('',#4428,.T.);
#4428 = EDGE_LOOP('',(#4429,#4437,#4444,#4445));
#4429 = ORIENTED_EDGE('',*,*,#4430,.T.);
#4430 = EDGE_CURVE('',#2356,#4431,#4433,.T.);
#4431 = VERTEX_POINT('',#4432);
#4432 = CARTESIAN_POINT('',(72.85,-28.5,0.7));
#4433 = LINE('',#4434,#4435);
#4434 = CARTESIAN_POINT('',(72.85,-28.5,2.5));
#4435 = VECTOR('',#4436,1.);
#4436 = DIRECTION('',(0.,0.,-1.));
#4437 = ORIENTED_EDGE('',*,*,#4438,.T.);
#4438 = EDGE_CURVE('',#4431,#4431,#4439,.T.);
#4439 = CIRCLE('',#4440,2.7);
#4440 = AXIS2_PLACEMENT_3D('',#4441,#4442,#4443);
#4441 = CARTESIAN_POINT('',(75.55,-28.5,0.7));
#4442 = DIRECTION('',(0.,0.,-1.));
#4443 = DIRECTION('',(-1.,-0.,-0.));
#4444 = ORIENTED_EDGE('',*,*,#4430,.F.);
#4445 = ORIENTED_EDGE('',*,*,#2355,.F.);
#4446 = CYLINDRICAL_SURFACE('',#4447,2.7);
#4447 = AXIS2_PLACEMENT_3D('',#4448,#4449,#4450);
#4448 = CARTESIAN_POINT('',(75.55,-28.5,2.5));
#4449 = DIRECTION('',(0.,0.,1.));
#4450 = DIRECTION('',(-1.,0.,0.));
#4451 = ADVANCED_FACE('',(#4452),#4477,.F.);
#4452 = FACE_BOUND('',#4453,.T.);
#4453 = EDGE_LOOP('',(#4454,#4462,#4470,#4476));
#4454 = ORIENTED_EDGE('',*,*,#4455,.T.);
#4455 = EDGE_CURVE('',#2367,#4456,#4458,.T.);
#4456 = VERTEX_POINT('',#4457);
#4457 = CARTESIAN_POINT('',(97.25,-21.45,0.7));
#4458 = LINE('',#4459,#4460);
#4459 = CARTESIAN_POINT('',(97.25,-21.45,2.5));
#4460 = VECTOR('',#4461,1.);
#4461 = DIRECTION('',(0.,0.,-1.));
#4462 = ORIENTED_EDGE('',*,*,#4463,.T.);
#4463 = EDGE_CURVE('',#4456,#4464,#4466,.T.);
#4464 = VERTEX_POINT('',#4465);
#4465 = CARTESIAN_POINT('',(97.25,-25.25,0.7));
#4466 = LINE('',#4467,#4468);
#4467 = CARTESIAN_POINT('',(97.25,-21.45,0.7));
#4468 = VECTOR('',#4469,1.);
#4469 = DIRECTION('',(-0.,-1.,-0.));
#4470 = ORIENTED_EDGE('',*,*,#4471,.F.);
#4471 = EDGE_CURVE('',#2369,#4464,#4472,.T.);
#4472 = LINE('',#4473,#4474);
#4473 = CARTESIAN_POINT('',(97.25,-25.25,2.5));
#4474 = VECTOR('',#4475,1.);
#4475 = DIRECTION('',(0.,0.,-1.));
#4476 = ORIENTED_EDGE('',*,*,#2366,.F.);
#4477 = PLANE('',#4478);
#4478 = AXIS2_PLACEMENT_3D('',#4479,#4480,#4481);
#4479 = CARTESIAN_POINT('',(97.25,-21.45,2.5));
#4480 = DIRECTION('',(1.,0.,0.));
#4481 = DIRECTION('',(0.,1.,0.));
#4482 = ADVANCED_FACE('',(#4483),#4501,.F.);
#4483 = FACE_BOUND('',#4484,.T.);
#4484 = EDGE_LOOP('',(#4485,#4493,#4499,#4500));
#4485 = ORIENTED_EDGE('',*,*,#4486,.T.);
#4486 = EDGE_CURVE('',#2377,#4487,#4489,.T.);
#4487 = VERTEX_POINT('',#4488);
#4488 = CARTESIAN_POINT('',(90.25,-21.45,0.7));
#4489 = LINE('',#4490,#4491);
#4490 = CARTESIAN_POINT('',(90.25,-21.45,2.5));
#4491 = VECTOR('',#4492,1.);
#4492 = DIRECTION('',(0.,0.,-1.));
#4493 = ORIENTED_EDGE('',*,*,#4494,.T.);
#4494 = EDGE_CURVE('',#4487,#4456,#4495,.T.);
#4495 = LINE('',#4496,#4497);
#4496 = CARTESIAN_POINT('',(90.25,-21.45,0.7));
#4497 = VECTOR('',#4498,1.);
#4498 = DIRECTION('',(1.,0.,0.));
#4499 = ORIENTED_EDGE('',*,*,#4455,.F.);
#4500 = ORIENTED_EDGE('',*,*,#2376,.F.);
#4501 = PLANE('',#4502);
#4502 = AXIS2_PLACEMENT_3D('',#4503,#4504,#4505);
#4503 = CARTESIAN_POINT('',(90.25,-21.45,2.5));
#4504 = DIRECTION('',(0.,1.,0.));
#4505 = DIRECTION('',(-1.,-0.,-0.));
#4506 = ADVANCED_FACE('',(#4507),#4525,.F.);
#4507 = FACE_BOUND('',#4508,.T.);
#4508 = EDGE_LOOP('',(#4509,#4510,#4518,#4524));
#4509 = ORIENTED_EDGE('',*,*,#4471,.T.);
#4510 = ORIENTED_EDGE('',*,*,#4511,.T.);
#4511 = EDGE_CURVE('',#4464,#4512,#4514,.T.);
#4512 = VERTEX_POINT('',#4513);
#4513 = CARTESIAN_POINT('',(90.25,-25.25,0.7));
#4514 = LINE('',#4515,#4516);
#4515 = CARTESIAN_POINT('',(97.25,-25.25,0.7));
#4516 = VECTOR('',#4517,1.);
#4517 = DIRECTION('',(-1.,-0.,-0.));
#4518 = ORIENTED_EDGE('',*,*,#4519,.F.);
#4519 = EDGE_CURVE('',#2385,#4512,#4520,.T.);
#4520 = LINE('',#4521,#4522);
#4521 = CARTESIAN_POINT('',(90.25,-25.25,2.5));
#4522 = VECTOR('',#4523,1.);
#4523 = DIRECTION('',(0.,0.,-1.));
#4524 = ORIENTED_EDGE('',*,*,#2392,.F.);
#4525 = PLANE('',#4526);
#4526 = AXIS2_PLACEMENT_3D('',#4527,#4528,#4529);
#4527 = CARTESIAN_POINT('',(97.25,-25.25,2.5));
#4528 = DIRECTION('',(-0.,-1.,-0.));
#4529 = DIRECTION('',(1.,0.,0.));
#4530 = ADVANCED_FACE('',(#4531),#4542,.F.);
#4531 = FACE_BOUND('',#4532,.T.);
#4532 = EDGE_LOOP('',(#4533,#4534,#4540,#4541));
#4533 = ORIENTED_EDGE('',*,*,#4519,.T.);
#4534 = ORIENTED_EDGE('',*,*,#4535,.T.);
#4535 = EDGE_CURVE('',#4512,#4487,#4536,.T.);
#4536 = LINE('',#4537,#4538);
#4537 = CARTESIAN_POINT('',(90.25,-25.25,0.7));
#4538 = VECTOR('',#4539,1.);
#4539 = DIRECTION('',(0.,1.,0.));
#4540 = ORIENTED_EDGE('',*,*,#4486,.F.);
#4541 = ORIENTED_EDGE('',*,*,#2384,.F.);
#4542 = PLANE('',#4543);
#4543 = AXIS2_PLACEMENT_3D('',#4544,#4545,#4546);
#4544 = CARTESIAN_POINT('',(90.25,-25.25,2.5));
#4545 = DIRECTION('',(-1.,-0.,-0.));
#4546 = DIRECTION('',(-0.,-1.,-0.));
#4547 = ADVANCED_FACE('',(#4548),#4573,.F.);
#4548 = FACE_BOUND('',#4549,.T.);
#4549 = EDGE_LOOP('',(#4550,#4558,#4566,#4572));
#4550 = ORIENTED_EDGE('',*,*,#4551,.T.);
#4551 = EDGE_CURVE('',#2401,#4552,#4554,.T.);
#4552 = VERTEX_POINT('',#4553);
#4553 = CARTESIAN_POINT('',(78.25,-21.45,0.7));
#4554 = LINE('',#4555,#4556);
#4555 = CARTESIAN_POINT('',(78.25,-21.45,2.5));
#4556 = VECTOR('',#4557,1.);
#4557 = DIRECTION('',(0.,0.,-1.));
#4558 = ORIENTED_EDGE('',*,*,#4559,.T.);
#4559 = EDGE_CURVE('',#4552,#4560,#4562,.T.);
#4560 = VERTEX_POINT('',#4561);
#4561 = CARTESIAN_POINT('',(78.25,-25.25,0.7));
#4562 = LINE('',#4563,#4564);
#4563 = CARTESIAN_POINT('',(78.25,-21.45,0.7));
#4564 = VECTOR('',#4565,1.);
#4565 = DIRECTION('',(-0.,-1.,-0.));
#4566 = ORIENTED_EDGE('',*,*,#4567,.F.);
#4567 = EDGE_CURVE('',#2403,#4560,#4568,.T.);
#4568 = LINE('',#4569,#4570);
#4569 = CARTESIAN_POINT('',(78.25,-25.25,2.5));
#4570 = VECTOR('',#4571,1.);
#4571 = DIRECTION('',(0.,0.,-1.));
#4572 = ORIENTED_EDGE('',*,*,#2400,.F.);
#4573 = PLANE('',#4574);
#4574 = AXIS2_PLACEMENT_3D('',#4575,#4576,#4577);
#4575 = CARTESIAN_POINT('',(78.25,-21.45,2.5));
#4576 = DIRECTION('',(1.,0.,0.));
#4577 = DIRECTION('',(0.,1.,0.));
#4578 = ADVANCED_FACE('',(#4579),#4597,.F.);
#4579 = FACE_BOUND('',#4580,.T.);
#4580 = EDGE_LOOP('',(#4581,#4589,#4595,#4596));
#4581 = ORIENTED_EDGE('',*,*,#4582,.T.);
#4582 = EDGE_CURVE('',#2411,#4583,#4585,.T.);
#4583 = VERTEX_POINT('',#4584);
#4584 = CARTESIAN_POINT('',(71.25,-21.45,0.7));
#4585 = LINE('',#4586,#4587);
#4586 = CARTESIAN_POINT('',(71.25,-21.45,2.5));
#4587 = VECTOR('',#4588,1.);
#4588 = DIRECTION('',(0.,0.,-1.));
#4589 = ORIENTED_EDGE('',*,*,#4590,.T.);
#4590 = EDGE_CURVE('',#4583,#4552,#4591,.T.);
#4591 = LINE('',#4592,#4593);
#4592 = CARTESIAN_POINT('',(71.25,-21.45,0.7));
#4593 = VECTOR('',#4594,1.);
#4594 = DIRECTION('',(1.,0.,0.));
#4595 = ORIENTED_EDGE('',*,*,#4551,.F.);
#4596 = ORIENTED_EDGE('',*,*,#2410,.F.);
#4597 = PLANE('',#4598);
#4598 = AXIS2_PLACEMENT_3D('',#4599,#4600,#4601);
#4599 = CARTESIAN_POINT('',(71.25,-21.45,2.5));
#4600 = DIRECTION('',(0.,1.,0.));
#4601 = DIRECTION('',(-1.,-0.,-0.));
#4602 = ADVANCED_FACE('',(#4603),#4621,.F.);
#4603 = FACE_BOUND('',#4604,.T.);
#4604 = EDGE_LOOP('',(#4605,#4606,#4614,#4620));
#4605 = ORIENTED_EDGE('',*,*,#4567,.T.);
#4606 = ORIENTED_EDGE('',*,*,#4607,.T.);
#4607 = EDGE_CURVE('',#4560,#4608,#4610,.T.);
#4608 = VERTEX_POINT('',#4609);
#4609 = CARTESIAN_POINT('',(71.25,-25.25,0.7));
#4610 = LINE('',#4611,#4612);
#4611 = CARTESIAN_POINT('',(78.25,-25.25,0.7));
#4612 = VECTOR('',#4613,1.);
#4613 = DIRECTION('',(-1.,-0.,-0.));
#4614 = ORIENTED_EDGE('',*,*,#4615,.F.);
#4615 = EDGE_CURVE('',#2419,#4608,#4616,.T.);
#4616 = LINE('',#4617,#4618);
#4617 = CARTESIAN_POINT('',(71.25,-25.25,2.5));
#4618 = VECTOR('',#4619,1.);
#4619 = DIRECTION('',(0.,0.,-1.));
#4620 = ORIENTED_EDGE('',*,*,#2426,.F.);
#4621 = PLANE('',#4622);
#4622 = AXIS2_PLACEMENT_3D('',#4623,#4624,#4625);
#4623 = CARTESIAN_POINT('',(78.25,-25.25,2.5));
#4624 = DIRECTION('',(-0.,-1.,-0.));
#4625 = DIRECTION('',(1.,0.,0.));
#4626 = ADVANCED_FACE('',(#4627),#4638,.F.);
#4627 = FACE_BOUND('',#4628,.T.);
#4628 = EDGE_LOOP('',(#4629,#4630,#4636,#4637));
#4629 = ORIENTED_EDGE('',*,*,#4615,.T.);
#4630 = ORIENTED_EDGE('',*,*,#4631,.T.);
#4631 = EDGE_CURVE('',#4608,#4583,#4632,.T.);
#4632 = LINE('',#4633,#4634);
#4633 = CARTESIAN_POINT('',(71.25,-25.25,0.7));
#4634 = VECTOR('',#4635,1.);
#4635 = DIRECTION('',(0.,1.,0.));
#4636 = ORIENTED_EDGE('',*,*,#4582,.F.);
#4637 = ORIENTED_EDGE('',*,*,#2418,.F.);
#4638 = PLANE('',#4639);
#4639 = AXIS2_PLACEMENT_3D('',#4640,#4641,#4642);
#4640 = CARTESIAN_POINT('',(71.25,-25.25,2.5));
#4641 = DIRECTION('',(-1.,-0.,-0.));
#4642 = DIRECTION('',(-0.,-1.,-0.));
#4643 = ADVANCED_FACE('',(#4644),#4669,.F.);
#4644 = FACE_BOUND('',#4645,.T.);
#4645 = EDGE_LOOP('',(#4646,#4654,#4662,#4668));
#4646 = ORIENTED_EDGE('',*,*,#4647,.T.);
#4647 = EDGE_CURVE('',#2435,#4648,#4650,.T.);
#4648 = VERTEX_POINT('',#4649);
#4649 = CARTESIAN_POINT('',(38.125,-37.375,0.7));
#4650 = LINE('',#4651,#4652);
#4651 = CARTESIAN_POINT('',(38.125,-37.375,2.5));
#4652 = VECTOR('',#4653,1.);
#4653 = DIRECTION('',(0.,0.,-1.));
#4654 = ORIENTED_EDGE('',*,*,#4655,.T.);
#4655 = EDGE_CURVE('',#4648,#4656,#4658,.T.);
#4656 = VERTEX_POINT('',#4657);
#4657 = CARTESIAN_POINT('',(38.125,-27.375,0.7));
#4658 = LINE('',#4659,#4660);
#4659 = CARTESIAN_POINT('',(38.125,-37.375,0.7));
#4660 = VECTOR('',#4661,1.);
#4661 = DIRECTION('',(0.,1.,0.));
#4662 = ORIENTED_EDGE('',*,*,#4663,.F.);
#4663 = EDGE_CURVE('',#2437,#4656,#4664,.T.);
#4664 = LINE('',#4665,#4666);
#4665 = CARTESIAN_POINT('',(38.125,-27.375,2.5));
#4666 = VECTOR('',#4667,1.);
#4667 = DIRECTION('',(0.,0.,-1.));
#4668 = ORIENTED_EDGE('',*,*,#2434,.F.);
#4669 = PLANE('',#4670);
#4670 = AXIS2_PLACEMENT_3D('',#4671,#4672,#4673);
#4671 = CARTESIAN_POINT('',(38.125,-37.375,2.5));
#4672 = DIRECTION('',(-1.,-0.,-0.));
#4673 = DIRECTION('',(-0.,-1.,-0.));
#4674 = ADVANCED_FACE('',(#4675),#4693,.F.);
#4675 = FACE_BOUND('',#4676,.T.);
#4676 = EDGE_LOOP('',(#4677,#4678,#4686,#4692));
#4677 = ORIENTED_EDGE('',*,*,#4663,.T.);
#4678 = ORIENTED_EDGE('',*,*,#4679,.T.);
#4679 = EDGE_CURVE('',#4656,#4680,#4682,.T.);
#4680 = VERTEX_POINT('',#4681);
#4681 = CARTESIAN_POINT('',(53.125,-27.375,0.7));
#4682 = LINE('',#4683,#4684);
#4683 = CARTESIAN_POINT('',(38.125,-27.375,0.7));
#4684 = VECTOR('',#4685,1.);
#4685 = DIRECTION('',(1.,0.,0.));
#4686 = ORIENTED_EDGE('',*,*,#4687,.F.);
#4687 = EDGE_CURVE('',#2453,#4680,#4688,.T.);
#4688 = LINE('',#4689,#4690);
#4689 = CARTESIAN_POINT('',(53.125,-27.375,2.5));
#4690 = VECTOR('',#4691,1.);
#4691 = DIRECTION('',(0.,0.,-1.));
#4692 = ORIENTED_EDGE('',*,*,#2460,.F.);
#4693 = PLANE('',#4694);
#4694 = AXIS2_PLACEMENT_3D('',#4695,#4696,#4697);
#4695 = CARTESIAN_POINT('',(38.125,-27.375,2.5));
#4696 = DIRECTION('',(0.,1.,0.));
#4697 = DIRECTION('',(-1.,-0.,-0.));
#4698 = ADVANCED_FACE('',(#4699),#4717,.F.);
#4699 = FACE_BOUND('',#4700,.T.);
#4700 = EDGE_LOOP('',(#4701,#4702,#4710,#4716));
#4701 = ORIENTED_EDGE('',*,*,#4687,.T.);
#4702 = ORIENTED_EDGE('',*,*,#4703,.T.);
#4703 = EDGE_CURVE('',#4680,#4704,#4706,.T.);
#4704 = VERTEX_POINT('',#4705);
#4705 = CARTESIAN_POINT('',(53.125,-37.375,0.7));
#4706 = LINE('',#4707,#4708);
#4707 = CARTESIAN_POINT('',(53.125,-27.375,0.7));
#4708 = VECTOR('',#4709,1.);
#4709 = DIRECTION('',(-0.,-1.,-0.));
#4710 = ORIENTED_EDGE('',*,*,#4711,.F.);
#4711 = EDGE_CURVE('',#2445,#4704,#4712,.T.);
#4712 = LINE('',#4713,#4714);
#4713 = CARTESIAN_POINT('',(53.125,-37.375,2.5));
#4714 = VECTOR('',#4715,1.);
#4715 = DIRECTION('',(0.,0.,-1.));
#4716 = ORIENTED_EDGE('',*,*,#2452,.F.);
#4717 = PLANE('',#4718);
#4718 = AXIS2_PLACEMENT_3D('',#4719,#4720,#4721);
#4719 = CARTESIAN_POINT('',(53.125,-27.375,2.5));
#4720 = DIRECTION('',(1.,0.,0.));
#4721 = DIRECTION('',(0.,1.,0.));
#4722 = ADVANCED_FACE('',(#4723),#4734,.F.);
#4723 = FACE_BOUND('',#4724,.T.);
#4724 = EDGE_LOOP('',(#4725,#4726,#4732,#4733));
#4725 = ORIENTED_EDGE('',*,*,#4711,.T.);
#4726 = ORIENTED_EDGE('',*,*,#4727,.T.);
#4727 = EDGE_CURVE('',#4704,#4648,#4728,.T.);
#4728 = LINE('',#4729,#4730);
#4729 = CARTESIAN_POINT('',(53.125,-37.375,0.7));
#4730 = VECTOR('',#4731,1.);
#4731 = DIRECTION('',(-1.,-0.,-0.));
#4732 = ORIENTED_EDGE('',*,*,#4647,.F.);
#4733 = ORIENTED_EDGE('',*,*,#2444,.F.);
#4734 = PLANE('',#4735);
#4735 = AXIS2_PLACEMENT_3D('',#4736,#4737,#4738);
#4736 = CARTESIAN_POINT('',(53.125,-37.375,2.5));
#4737 = DIRECTION('',(-0.,-1.,-0.));
#4738 = DIRECTION('',(1.,0.,0.));
#4739 = ADVANCED_FACE('',(#4740),#4765,.F.);
#4740 = FACE_BOUND('',#4741,.T.);
#4741 = EDGE_LOOP('',(#4742,#4750,#4758,#4764));
#4742 = ORIENTED_EDGE('',*,*,#4743,.T.);
#4743 = EDGE_CURVE('',#2469,#4744,#4746,.T.);
#4744 = VERTEX_POINT('',#4745);
#4745 = CARTESIAN_POINT('',(57.5,-18.,0.7));
#4746 = LINE('',#4747,#4748);
#4747 = CARTESIAN_POINT('',(57.5,-18.,2.5));
#4748 = VECTOR('',#4749,1.);
#4749 = DIRECTION('',(0.,0.,-1.));
#4750 = ORIENTED_EDGE('',*,*,#4751,.T.);
#4751 = EDGE_CURVE('',#4744,#4752,#4754,.T.);
#4752 = VERTEX_POINT('',#4753);
#4753 = CARTESIAN_POINT('',(57.5,-20.6,0.7));
#4754 = LINE('',#4755,#4756);
#4755 = CARTESIAN_POINT('',(57.5,-18.,0.7));
#4756 = VECTOR('',#4757,1.);
#4757 = DIRECTION('',(-0.,-1.,-0.));
#4758 = ORIENTED_EDGE('',*,*,#4759,.F.);
#4759 = EDGE_CURVE('',#2471,#4752,#4760,.T.);
#4760 = LINE('',#4761,#4762);
#4761 = CARTESIAN_POINT('',(57.5,-20.6,2.5));
#4762 = VECTOR('',#4763,1.);
#4763 = DIRECTION('',(0.,0.,-1.));
#4764 = ORIENTED_EDGE('',*,*,#2468,.F.);
#4765 = PLANE('',#4766);
#4766 = AXIS2_PLACEMENT_3D('',#4767,#4768,#4769);
#4767 = CARTESIAN_POINT('',(57.5,-18.,2.5));
#4768 = DIRECTION('',(1.,0.,0.));
#4769 = DIRECTION('',(0.,1.,0.));
#4770 = ADVANCED_FACE('',(#4771),#4789,.F.);
#4771 = FACE_BOUND('',#4772,.T.);
#4772 = EDGE_LOOP('',(#4773,#4781,#4787,#4788));
#4773 = ORIENTED_EDGE('',*,*,#4774,.T.);
#4774 = EDGE_CURVE('',#2479,#4775,#4777,.T.);
#4775 = VERTEX_POINT('',#4776);
#4776 = CARTESIAN_POINT('',(47.5,-18.,0.7));
#4777 = LINE('',#4778,#4779);
#4778 = CARTESIAN_POINT('',(47.5,-18.,2.5));
#4779 = VECTOR('',#4780,1.);
#4780 = DIRECTION('',(0.,0.,-1.));
#4781 = ORIENTED_EDGE('',*,*,#4782,.T.);
#4782 = EDGE_CURVE('',#4775,#4744,#4783,.T.);
#4783 = LINE('',#4784,#4785);
#4784 = CARTESIAN_POINT('',(47.5,-18.,0.7));
#4785 = VECTOR('',#4786,1.);
#4786 = DIRECTION('',(1.,0.,0.));
#4787 = ORIENTED_EDGE('',*,*,#4743,.F.);
#4788 = ORIENTED_EDGE('',*,*,#2478,.F.);
#4789 = PLANE('',#4790);
#4790 = AXIS2_PLACEMENT_3D('',#4791,#4792,#4793);
#4791 = CARTESIAN_POINT('',(47.5,-18.,2.5));
#4792 = DIRECTION('',(0.,1.,0.));
#4793 = DIRECTION('',(-1.,-0.,-0.));
#4794 = ADVANCED_FACE('',(#4795),#4813,.F.);
#4795 = FACE_BOUND('',#4796,.T.);
#4796 = EDGE_LOOP('',(#4797,#4798,#4806,#4812));
#4797 = ORIENTED_EDGE('',*,*,#4759,.T.);
#4798 = ORIENTED_EDGE('',*,*,#4799,.T.);
#4799 = EDGE_CURVE('',#4752,#4800,#4802,.T.);
#4800 = VERTEX_POINT('',#4801);
#4801 = CARTESIAN_POINT('',(47.5,-20.6,0.7));
#4802 = LINE('',#4803,#4804);
#4803 = CARTESIAN_POINT('',(57.5,-20.6,0.7));
#4804 = VECTOR('',#4805,1.);
#4805 = DIRECTION('',(-1.,-0.,-0.));
#4806 = ORIENTED_EDGE('',*,*,#4807,.F.);
#4807 = EDGE_CURVE('',#2487,#4800,#4808,.T.);
#4808 = LINE('',#4809,#4810);
#4809 = CARTESIAN_POINT('',(47.5,-20.6,2.5));
#4810 = VECTOR('',#4811,1.);
#4811 = DIRECTION('',(0.,0.,-1.));
#4812 = ORIENTED_EDGE('',*,*,#2494,.F.);
#4813 = PLANE('',#4814);
#4814 = AXIS2_PLACEMENT_3D('',#4815,#4816,#4817);
#4815 = CARTESIAN_POINT('',(57.5,-20.6,2.5));
#4816 = DIRECTION('',(-0.,-1.,-0.));
#4817 = DIRECTION('',(1.,0.,0.));
#4818 = ADVANCED_FACE('',(#4819),#4830,.F.);
#4819 = FACE_BOUND('',#4820,.T.);
#4820 = EDGE_LOOP('',(#4821,#4822,#4828,#4829));
#4821 = ORIENTED_EDGE('',*,*,#4807,.T.);
#4822 = ORIENTED_EDGE('',*,*,#4823,.T.);
#4823 = EDGE_CURVE('',#4800,#4775,#4824,.T.);
#4824 = LINE('',#4825,#4826);
#4825 = CARTESIAN_POINT('',(47.5,-20.6,0.7));
#4826 = VECTOR('',#4827,1.);
#4827 = DIRECTION('',(0.,1.,0.));
#4828 = ORIENTED_EDGE('',*,*,#4774,.F.);
#4829 = ORIENTED_EDGE('',*,*,#2486,.F.);
#4830 = PLANE('',#4831);
#4831 = AXIS2_PLACEMENT_3D('',#4832,#4833,#4834);
#4832 = CARTESIAN_POINT('',(47.5,-20.6,2.5));
#4833 = DIRECTION('',(-1.,-0.,-0.));
#4834 = DIRECTION('',(-0.,-1.,-0.));
#4835 = ADVANCED_FACE('',(#4836),#4855,.F.);
#4836 = FACE_BOUND('',#4837,.T.);
#4837 = EDGE_LOOP('',(#4838,#4846,#4853,#4854));
#4838 = ORIENTED_EDGE('',*,*,#4839,.T.);
#4839 = EDGE_CURVE('',#2503,#4840,#4842,.T.);
#4840 = VERTEX_POINT('',#4841);
#4841 = CARTESIAN_POINT('',(96.15,-15.25,0.7));
#4842 = LINE('',#4843,#4844);
#4843 = CARTESIAN_POINT('',(96.15,-15.25,2.5));
#4844 = VECTOR('',#4845,1.);
#4845 = DIRECTION('',(0.,0.,-1.));
#4846 = ORIENTED_EDGE('',*,*,#4847,.T.);
#4847 = EDGE_CURVE('',#4840,#4840,#4848,.T.);
#4848 = CIRCLE('',#4849,1.);
#4849 = AXIS2_PLACEMENT_3D('',#4850,#4851,#4852);
#4850 = CARTESIAN_POINT('',(97.15,-15.25,0.7));
#4851 = DIRECTION('',(0.,0.,-1.));
#4852 = DIRECTION('',(-1.,-0.,-0.));
#4853 = ORIENTED_EDGE('',*,*,#4839,.F.);
#4854 = ORIENTED_EDGE('',*,*,#2502,.F.);
#4855 = CYLINDRICAL_SURFACE('',#4856,1.);
#4856 = AXIS2_PLACEMENT_3D('',#4857,#4858,#4859);
#4857 = CARTESIAN_POINT('',(97.15,-15.25,2.5));
#4858 = DIRECTION('',(0.,0.,1.));
#4859 = DIRECTION('',(-1.,0.,0.));
#4860 = ADVANCED_FACE('',(#4861),#4880,.F.);
#4861 = FACE_BOUND('',#4862,.T.);
#4862 = EDGE_LOOP('',(#4863,#4871,#4878,#4879));
#4863 = ORIENTED_EDGE('',*,*,#4864,.T.);
#4864 = EDGE_CURVE('',#2514,#4865,#4867,.T.);
#4865 = VERTEX_POINT('',#4866);
#4866 = CARTESIAN_POINT('',(89.15,-14.2,0.7));
#4867 = LINE('',#4868,#4869);
#4868 = CARTESIAN_POINT('',(89.15,-14.2,2.5));
#4869 = VECTOR('',#4870,1.);
#4870 = DIRECTION('',(0.,0.,-1.));
#4871 = ORIENTED_EDGE('',*,*,#4872,.T.);
#4872 = EDGE_CURVE('',#4865,#4865,#4873,.T.);
#4873 = CIRCLE('',#4874,1.);
#4874 = AXIS2_PLACEMENT_3D('',#4875,#4876,#4877);
#4875 = CARTESIAN_POINT('',(90.15,-14.2,0.7));
#4876 = DIRECTION('',(0.,0.,-1.));
#4877 = DIRECTION('',(-1.,-0.,-0.));
#4878 = ORIENTED_EDGE('',*,*,#4864,.F.);
#4879 = ORIENTED_EDGE('',*,*,#2513,.F.);
#4880 = CYLINDRICAL_SURFACE('',#4881,1.);
#4881 = AXIS2_PLACEMENT_3D('',#4882,#4883,#4884);
#4882 = CARTESIAN_POINT('',(90.15,-14.2,2.5));
#4883 = DIRECTION('',(0.,0.,1.));
#4884 = DIRECTION('',(-1.,0.,0.));
#4885 = ADVANCED_FACE('',(#4886),#4905,.F.);
#4886 = FACE_BOUND('',#4887,.T.);
#4887 = EDGE_LOOP('',(#4888,#4896,#4903,#4904));
#4888 = ORIENTED_EDGE('',*,*,#4889,.T.);
#4889 = EDGE_CURVE('',#2525,#4890,#4892,.T.);
#4890 = VERTEX_POINT('',#4891);
#4891 = CARTESIAN_POINT('',(77.15,-15.25,0.7));
#4892 = LINE('',#4893,#4894);
#4893 = CARTESIAN_POINT('',(77.15,-15.25,2.5));
#4894 = VECTOR('',#4895,1.);
#4895 = DIRECTION('',(0.,0.,-1.));
#4896 = ORIENTED_EDGE('',*,*,#4897,.T.);
#4897 = EDGE_CURVE('',#4890,#4890,#4898,.T.);
#4898 = CIRCLE('',#4899,1.);
#4899 = AXIS2_PLACEMENT_3D('',#4900,#4901,#4902);
#4900 = CARTESIAN_POINT('',(78.15,-15.25,0.7));
#4901 = DIRECTION('',(0.,0.,-1.));
#4902 = DIRECTION('',(-1.,-0.,-0.));
#4903 = ORIENTED_EDGE('',*,*,#4889,.F.);
#4904 = ORIENTED_EDGE('',*,*,#2524,.F.);
#4905 = CYLINDRICAL_SURFACE('',#4906,1.);
#4906 = AXIS2_PLACEMENT_3D('',#4907,#4908,#4909);
#4907 = CARTESIAN_POINT('',(78.15,-15.25,2.5));
#4908 = DIRECTION('',(0.,0.,1.));
#4909 = DIRECTION('',(-1.,0.,0.));
#4910 = ADVANCED_FACE('',(#4911),#4930,.F.);
#4911 = FACE_BOUND('',#4912,.T.);
#4912 = EDGE_LOOP('',(#4913,#4921,#4928,#4929));
#4913 = ORIENTED_EDGE('',*,*,#4914,.T.);
#4914 = EDGE_CURVE('',#2536,#4915,#4917,.T.);
#4915 = VERTEX_POINT('',#4916);
#4916 = CARTESIAN_POINT('',(70.15,-14.2,0.7));
#4917 = LINE('',#4918,#4919);
#4918 = CARTESIAN_POINT('',(70.15,-14.2,2.5));
#4919 = VECTOR('',#4920,1.);
#4920 = DIRECTION('',(0.,0.,-1.));
#4921 = ORIENTED_EDGE('',*,*,#4922,.T.);
#4922 = EDGE_CURVE('',#4915,#4915,#4923,.T.);
#4923 = CIRCLE('',#4924,1.);
#4924 = AXIS2_PLACEMENT_3D('',#4925,#4926,#4927);
#4925 = CARTESIAN_POINT('',(71.15,-14.2,0.7));
#4926 = DIRECTION('',(0.,0.,-1.));
#4927 = DIRECTION('',(-1.,-0.,-0.));
#4928 = ORIENTED_EDGE('',*,*,#4914,.F.);
#4929 = ORIENTED_EDGE('',*,*,#2535,.F.);
#4930 = CYLINDRICAL_SURFACE('',#4931,1.);
#4931 = AXIS2_PLACEMENT_3D('',#4932,#4933,#4934);
#4932 = CARTESIAN_POINT('',(71.15,-14.2,2.5));
#4933 = DIRECTION('',(0.,0.,1.));
#4934 = DIRECTION('',(-1.,0.,0.));
#4935 = ADVANCED_FACE('',(#4936),#4955,.F.);
#4936 = FACE_BOUND('',#4937,.T.);
#4937 = EDGE_LOOP('',(#4938,#4946,#4953,#4954));
#4938 = ORIENTED_EDGE('',*,*,#4939,.T.);
#4939 = EDGE_CURVE('',#2547,#4940,#4942,.T.);
#4940 = VERTEX_POINT('',#4941);
#4941 = CARTESIAN_POINT('',(91.85,-9.5,0.7));
#4942 = LINE('',#4943,#4944);
#4943 = CARTESIAN_POINT('',(91.85,-9.5,2.5));
#4944 = VECTOR('',#4945,1.);
#4945 = DIRECTION('',(0.,0.,-1.));
#4946 = ORIENTED_EDGE('',*,*,#4947,.T.);
#4947 = EDGE_CURVE('',#4940,#4940,#4948,.T.);
#4948 = CIRCLE('',#4949,2.7);
#4949 = AXIS2_PLACEMENT_3D('',#4950,#4951,#4952);
#4950 = CARTESIAN_POINT('',(94.55,-9.5,0.7));
#4951 = DIRECTION('',(0.,0.,-1.));
#4952 = DIRECTION('',(-1.,-0.,-0.));
#4953 = ORIENTED_EDGE('',*,*,#4939,.F.);
#4954 = ORIENTED_EDGE('',*,*,#2546,.F.);
#4955 = CYLINDRICAL_SURFACE('',#4956,2.7);
#4956 = AXIS2_PLACEMENT_3D('',#4957,#4958,#4959);
#4957 = CARTESIAN_POINT('',(94.55,-9.5,2.5));
#4958 = DIRECTION('',(0.,0.,1.));
#4959 = DIRECTION('',(-1.,0.,0.));
#4960 = ADVANCED_FACE('',(#4961),#4986,.F.);
#4961 = FACE_BOUND('',#4962,.T.);
#4962 = EDGE_LOOP('',(#4963,#4971,#4979,#4985));
#4963 = ORIENTED_EDGE('',*,*,#4964,.T.);
#4964 = EDGE_CURVE('',#2558,#4965,#4967,.T.);
#4965 = VERTEX_POINT('',#4966);
#4966 = CARTESIAN_POINT('',(97.25,-2.45,0.7));
#4967 = LINE('',#4968,#4969);
#4968 = CARTESIAN_POINT('',(97.25,-2.45,2.5));
#4969 = VECTOR('',#4970,1.);
#4970 = DIRECTION('',(0.,0.,-1.));
#4971 = ORIENTED_EDGE('',*,*,#4972,.T.);
#4972 = EDGE_CURVE('',#4965,#4973,#4975,.T.);
#4973 = VERTEX_POINT('',#4974);
#4974 = CARTESIAN_POINT('',(97.25,-6.25,0.7));
#4975 = LINE('',#4976,#4977);
#4976 = CARTESIAN_POINT('',(97.25,-2.45,0.7));
#4977 = VECTOR('',#4978,1.);
#4978 = DIRECTION('',(-0.,-1.,-0.));
#4979 = ORIENTED_EDGE('',*,*,#4980,.F.);
#4980 = EDGE_CURVE('',#2560,#4973,#4981,.T.);
#4981 = LINE('',#4982,#4983);
#4982 = CARTESIAN_POINT('',(97.25,-6.25,2.5));
#4983 = VECTOR('',#4984,1.);
#4984 = DIRECTION('',(0.,0.,-1.));
#4985 = ORIENTED_EDGE('',*,*,#2557,.F.);
#4986 = PLANE('',#4987);
#4987 = AXIS2_PLACEMENT_3D('',#4988,#4989,#4990);
#4988 = CARTESIAN_POINT('',(97.25,-2.45,2.5));
#4989 = DIRECTION('',(1.,0.,0.));
#4990 = DIRECTION('',(0.,1.,0.));
#4991 = ADVANCED_FACE('',(#4992),#5010,.F.);
#4992 = FACE_BOUND('',#4993,.T.);
#4993 = EDGE_LOOP('',(#4994,#5002,#5008,#5009));
#4994 = ORIENTED_EDGE('',*,*,#4995,.T.);
#4995 = EDGE_CURVE('',#2568,#4996,#4998,.T.);
#4996 = VERTEX_POINT('',#4997);
#4997 = CARTESIAN_POINT('',(90.25,-2.45,0.7));
#4998 = LINE('',#4999,#5000);
#4999 = CARTESIAN_POINT('',(90.25,-2.45,2.5));
#5000 = VECTOR('',#5001,1.);
#5001 = DIRECTION('',(0.,0.,-1.));
#5002 = ORIENTED_EDGE('',*,*,#5003,.T.);
#5003 = EDGE_CURVE('',#4996,#4965,#5004,.T.);
#5004 = LINE('',#5005,#5006);
#5005 = CARTESIAN_POINT('',(90.25,-2.45,0.7));
#5006 = VECTOR('',#5007,1.);
#5007 = DIRECTION('',(1.,0.,0.));
#5008 = ORIENTED_EDGE('',*,*,#4964,.F.);
#5009 = ORIENTED_EDGE('',*,*,#2567,.F.);
#5010 = PLANE('',#5011);
#5011 = AXIS2_PLACEMENT_3D('',#5012,#5013,#5014);
#5012 = CARTESIAN_POINT('',(90.25,-2.45,2.5));
#5013 = DIRECTION('',(0.,1.,0.));
#5014 = DIRECTION('',(-1.,-0.,-0.));
#5015 = ADVANCED_FACE('',(#5016),#5034,.F.);
#5016 = FACE_BOUND('',#5017,.T.);
#5017 = EDGE_LOOP('',(#5018,#5019,#5027,#5033));
#5018 = ORIENTED_EDGE('',*,*,#4980,.T.);
#5019 = ORIENTED_EDGE('',*,*,#5020,.T.);
#5020 = EDGE_CURVE('',#4973,#5021,#5023,.T.);
#5021 = VERTEX_POINT('',#5022);
#5022 = CARTESIAN_POINT('',(90.25,-6.25,0.7));
#5023 = LINE('',#5024,#5025);
#5024 = CARTESIAN_POINT('',(97.25,-6.25,0.7));
#5025 = VECTOR('',#5026,1.);
#5026 = DIRECTION('',(-1.,-0.,-0.));
#5027 = ORIENTED_EDGE('',*,*,#5028,.F.);
#5028 = EDGE_CURVE('',#2576,#5021,#5029,.T.);
#5029 = LINE('',#5030,#5031);
#5030 = CARTESIAN_POINT('',(90.25,-6.25,2.5));
#5031 = VECTOR('',#5032,1.);
#5032 = DIRECTION('',(0.,0.,-1.));
#5033 = ORIENTED_EDGE('',*,*,#2583,.F.);
#5034 = PLANE('',#5035);
#5035 = AXIS2_PLACEMENT_3D('',#5036,#5037,#5038);
#5036 = CARTESIAN_POINT('',(97.25,-6.25,2.5));
#5037 = DIRECTION('',(-0.,-1.,-0.));
#5038 = DIRECTION('',(1.,0.,0.));
#5039 = ADVANCED_FACE('',(#5040),#5051,.F.);
#5040 = FACE_BOUND('',#5041,.T.);
#5041 = EDGE_LOOP('',(#5042,#5043,#5049,#5050));
#5042 = ORIENTED_EDGE('',*,*,#5028,.T.);
#5043 = ORIENTED_EDGE('',*,*,#5044,.T.);
#5044 = EDGE_CURVE('',#5021,#4996,#5045,.T.);
#5045 = LINE('',#5046,#5047);
#5046 = CARTESIAN_POINT('',(90.25,-6.25,0.7));
#5047 = VECTOR('',#5048,1.);
#5048 = DIRECTION('',(0.,1.,0.));
#5049 = ORIENTED_EDGE('',*,*,#4995,.F.);
#5050 = ORIENTED_EDGE('',*,*,#2575,.F.);
#5051 = PLANE('',#5052);
#5052 = AXIS2_PLACEMENT_3D('',#5053,#5054,#5055);
#5053 = CARTESIAN_POINT('',(90.25,-6.25,2.5));
#5054 = DIRECTION('',(-1.,-0.,-0.));
#5055 = DIRECTION('',(-0.,-1.,-0.));
#5056 = ADVANCED_FACE('',(#5057),#5076,.F.);
#5057 = FACE_BOUND('',#5058,.T.);
#5058 = EDGE_LOOP('',(#5059,#5067,#5074,#5075));
#5059 = ORIENTED_EDGE('',*,*,#5060,.T.);
#5060 = EDGE_CURVE('',#2592,#5061,#5063,.T.);
#5061 = VERTEX_POINT('',#5062);
#5062 = CARTESIAN_POINT('',(72.85,-9.5,0.7));
#5063 = LINE('',#5064,#5065);
#5064 = CARTESIAN_POINT('',(72.85,-9.5,2.5));
#5065 = VECTOR('',#5066,1.);
#5066 = DIRECTION('',(0.,0.,-1.));
#5067 = ORIENTED_EDGE('',*,*,#5068,.T.);
#5068 = EDGE_CURVE('',#5061,#5061,#5069,.T.);
#5069 = CIRCLE('',#5070,2.7);
#5070 = AXIS2_PLACEMENT_3D('',#5071,#5072,#5073);
#5071 = CARTESIAN_POINT('',(75.55,-9.5,0.7));
#5072 = DIRECTION('',(0.,0.,-1.));
#5073 = DIRECTION('',(-1.,-0.,-0.));
#5074 = ORIENTED_EDGE('',*,*,#5060,.F.);
#5075 = ORIENTED_EDGE('',*,*,#2591,.F.);
#5076 = CYLINDRICAL_SURFACE('',#5077,2.7);
#5077 = AXIS2_PLACEMENT_3D('',#5078,#5079,#5080);
#5078 = CARTESIAN_POINT('',(75.55,-9.5,2.5));
#5079 = DIRECTION('',(0.,0.,1.));
#5080 = DIRECTION('',(-1.,0.,0.));
#5081 = ADVANCED_FACE('',(#5082),#5107,.F.);
#5082 = FACE_BOUND('',#5083,.T.);
#5083 = EDGE_LOOP('',(#5084,#5092,#5100,#5106));
#5084 = ORIENTED_EDGE('',*,*,#5085,.T.);
#5085 = EDGE_CURVE('',#2603,#5086,#5088,.T.);
#5086 = VERTEX_POINT('',#5087);
#5087 = CARTESIAN_POINT('',(78.25,-2.45,0.7));
#5088 = LINE('',#5089,#5090);
#5089 = CARTESIAN_POINT('',(78.25,-2.45,2.5));
#5090 = VECTOR('',#5091,1.);
#5091 = DIRECTION('',(0.,0.,-1.));
#5092 = ORIENTED_EDGE('',*,*,#5093,.T.);
#5093 = EDGE_CURVE('',#5086,#5094,#5096,.T.);
#5094 = VERTEX_POINT('',#5095);
#5095 = CARTESIAN_POINT('',(78.25,-6.25,0.7));
#5096 = LINE('',#5097,#5098);
#5097 = CARTESIAN_POINT('',(78.25,-2.45,0.7));
#5098 = VECTOR('',#5099,1.);
#5099 = DIRECTION('',(-0.,-1.,-0.));
#5100 = ORIENTED_EDGE('',*,*,#5101,.F.);
#5101 = EDGE_CURVE('',#2605,#5094,#5102,.T.);
#5102 = LINE('',#5103,#5104);
#5103 = CARTESIAN_POINT('',(78.25,-6.25,2.5));
#5104 = VECTOR('',#5105,1.);
#5105 = DIRECTION('',(0.,0.,-1.));
#5106 = ORIENTED_EDGE('',*,*,#2602,.F.);
#5107 = PLANE('',#5108);
#5108 = AXIS2_PLACEMENT_3D('',#5109,#5110,#5111);
#5109 = CARTESIAN_POINT('',(78.25,-2.45,2.5));
#5110 = DIRECTION('',(1.,0.,0.));
#5111 = DIRECTION('',(0.,1.,0.));
#5112 = ADVANCED_FACE('',(#5113),#5131,.F.);
#5113 = FACE_BOUND('',#5114,.T.);
#5114 = EDGE_LOOP('',(#5115,#5123,#5129,#5130));
#5115 = ORIENTED_EDGE('',*,*,#5116,.T.);
#5116 = EDGE_CURVE('',#2613,#5117,#5119,.T.);
#5117 = VERTEX_POINT('',#5118);
#5118 = CARTESIAN_POINT('',(71.25,-2.45,0.7));
#5119 = LINE('',#5120,#5121);
#5120 = CARTESIAN_POINT('',(71.25,-2.45,2.5));
#5121 = VECTOR('',#5122,1.);
#5122 = DIRECTION('',(0.,0.,-1.));
#5123 = ORIENTED_EDGE('',*,*,#5124,.T.);
#5124 = EDGE_CURVE('',#5117,#5086,#5125,.T.);
#5125 = LINE('',#5126,#5127);
#5126 = CARTESIAN_POINT('',(71.25,-2.45,0.7));
#5127 = VECTOR('',#5128,1.);
#5128 = DIRECTION('',(1.,0.,0.));
#5129 = ORIENTED_EDGE('',*,*,#5085,.F.);
#5130 = ORIENTED_EDGE('',*,*,#2612,.F.);
#5131 = PLANE('',#5132);
#5132 = AXIS2_PLACEMENT_3D('',#5133,#5134,#5135);
#5133 = CARTESIAN_POINT('',(71.25,-2.45,2.5));
#5134 = DIRECTION('',(0.,1.,0.));
#5135 = DIRECTION('',(-1.,-0.,-0.));
#5136 = ADVANCED_FACE('',(#5137),#5155,.F.);
#5137 = FACE_BOUND('',#5138,.T.);
#5138 = EDGE_LOOP('',(#5139,#5140,#5148,#5154));
#5139 = ORIENTED_EDGE('',*,*,#5101,.T.);
#5140 = ORIENTED_EDGE('',*,*,#5141,.T.);
#5141 = EDGE_CURVE('',#5094,#5142,#5144,.T.);
#5142 = VERTEX_POINT('',#5143);
#5143 = CARTESIAN_POINT('',(71.25,-6.25,0.7));
#5144 = LINE('',#5145,#5146);
#5145 = CARTESIAN_POINT('',(78.25,-6.25,0.7));
#5146 = VECTOR('',#5147,1.);
#5147 = DIRECTION('',(-1.,-0.,-0.));
#5148 = ORIENTED_EDGE('',*,*,#5149,.F.);
#5149 = EDGE_CURVE('',#2621,#5142,#5150,.T.);
#5150 = LINE('',#5151,#5152);
#5151 = CARTESIAN_POINT('',(71.25,-6.25,2.5));
#5152 = VECTOR('',#5153,1.);
#5153 = DIRECTION('',(0.,0.,-1.));
#5154 = ORIENTED_EDGE('',*,*,#2628,.F.);
#5155 = PLANE('',#5156);
#5156 = AXIS2_PLACEMENT_3D('',#5157,#5158,#5159);
#5157 = CARTESIAN_POINT('',(78.25,-6.25,2.5));
#5158 = DIRECTION('',(-0.,-1.,-0.));
#5159 = DIRECTION('',(1.,0.,0.));
#5160 = ADVANCED_FACE('',(#5161),#5172,.F.);
#5161 = FACE_BOUND('',#5162,.T.);
#5162 = EDGE_LOOP('',(#5163,#5164,#5170,#5171));
#5163 = ORIENTED_EDGE('',*,*,#5149,.T.);
#5164 = ORIENTED_EDGE('',*,*,#5165,.T.);
#5165 = EDGE_CURVE('',#5142,#5117,#5166,.T.);
#5166 = LINE('',#5167,#5168);
#5167 = CARTESIAN_POINT('',(71.25,-6.25,0.7));
#5168 = VECTOR('',#5169,1.);
#5169 = DIRECTION('',(0.,1.,0.));
#5170 = ORIENTED_EDGE('',*,*,#5116,.F.);
#5171 = ORIENTED_EDGE('',*,*,#2620,.F.);
#5172 = PLANE('',#5173);
#5173 = AXIS2_PLACEMENT_3D('',#5174,#5175,#5176);
#5174 = CARTESIAN_POINT('',(71.25,-6.25,2.5));
#5175 = DIRECTION('',(-1.,-0.,-0.));
#5176 = DIRECTION('',(-0.,-1.,-0.));
#5177 = ADVANCED_FACE('',(#5178),#5197,.F.);
#5178 = FACE_BOUND('',#5179,.T.);
#5179 = EDGE_LOOP('',(#5180,#5188,#5195,#5196));
#5180 = ORIENTED_EDGE('',*,*,#5181,.T.);
#5181 = EDGE_CURVE('',#2637,#5182,#5184,.T.);
#5182 = VERTEX_POINT('',#5183);
#5183 = CARTESIAN_POINT('',(153.15,3.75,0.7));
#5184 = LINE('',#5185,#5186);
#5185 = CARTESIAN_POINT('',(153.15,3.75,2.5));
#5186 = VECTOR('',#5187,1.);
#5187 = DIRECTION('',(0.,0.,-1.));
#5188 = ORIENTED_EDGE('',*,*,#5189,.T.);
#5189 = EDGE_CURVE('',#5182,#5182,#5190,.T.);
#5190 = CIRCLE('',#5191,1.);
#5191 = AXIS2_PLACEMENT_3D('',#5192,#5193,#5194);
#5192 = CARTESIAN_POINT('',(154.15,3.75,0.7));
#5193 = DIRECTION('',(0.,0.,-1.));
#5194 = DIRECTION('',(-1.,-0.,-0.));
#5195 = ORIENTED_EDGE('',*,*,#5181,.F.);
#5196 = ORIENTED_EDGE('',*,*,#2636,.F.);
#5197 = CYLINDRICAL_SURFACE('',#5198,1.);
#5198 = AXIS2_PLACEMENT_3D('',#5199,#5200,#5201);
#5199 = CARTESIAN_POINT('',(154.15,3.75,2.5));
#5200 = DIRECTION('',(0.,0.,1.));
#5201 = DIRECTION('',(-1.,0.,0.));
#5202 = ADVANCED_FACE('',(#5203),#5222,.F.);
#5203 = FACE_BOUND('',#5204,.T.);
#5204 = EDGE_LOOP('',(#5205,#5213,#5220,#5221));
#5205 = ORIENTED_EDGE('',*,*,#5206,.T.);
#5206 = EDGE_CURVE('',#2648,#5207,#5209,.T.);
#5207 = VERTEX_POINT('',#5208);
#5208 = CARTESIAN_POINT('',(146.15,4.8,0.7));
#5209 = LINE('',#5210,#5211);
#5210 = CARTESIAN_POINT('',(146.15,4.8,2.5));
#5211 = VECTOR('',#5212,1.);
#5212 = DIRECTION('',(0.,0.,-1.));
#5213 = ORIENTED_EDGE('',*,*,#5214,.T.);
#5214 = EDGE_CURVE('',#5207,#5207,#5215,.T.);
#5215 = CIRCLE('',#5216,1.);
#5216 = AXIS2_PLACEMENT_3D('',#5217,#5218,#5219);
#5217 = CARTESIAN_POINT('',(147.15,4.8,0.7));
#5218 = DIRECTION('',(0.,0.,-1.));
#5219 = DIRECTION('',(-1.,-0.,-0.));
#5220 = ORIENTED_EDGE('',*,*,#5206,.F.);
#5221 = ORIENTED_EDGE('',*,*,#2647,.F.);
#5222 = CYLINDRICAL_SURFACE('',#5223,1.);
#5223 = AXIS2_PLACEMENT_3D('',#5224,#5225,#5226);
#5224 = CARTESIAN_POINT('',(147.15,4.8,2.5));
#5225 = DIRECTION('',(0.,0.,1.));
#5226 = DIRECTION('',(-1.,0.,0.));
#5227 = ADVANCED_FACE('',(#5228),#5247,.F.);
#5228 = FACE_BOUND('',#5229,.T.);
#5229 = EDGE_LOOP('',(#5230,#5238,#5245,#5246));
#5230 = ORIENTED_EDGE('',*,*,#5231,.T.);
#5231 = EDGE_CURVE('',#2659,#5232,#5234,.T.);
#5232 = VERTEX_POINT('',#5233);
#5233 = CARTESIAN_POINT('',(134.15,3.75,0.7));
#5234 = LINE('',#5235,#5236);
#5235 = CARTESIAN_POINT('',(134.15,3.75,2.5));
#5236 = VECTOR('',#5237,1.);
#5237 = DIRECTION('',(0.,0.,-1.));
#5238 = ORIENTED_EDGE('',*,*,#5239,.T.);
#5239 = EDGE_CURVE('',#5232,#5232,#5240,.T.);
#5240 = CIRCLE('',#5241,1.);
#5241 = AXIS2_PLACEMENT_3D('',#5242,#5243,#5244);
#5242 = CARTESIAN_POINT('',(135.15,3.75,0.7));
#5243 = DIRECTION('',(0.,0.,-1.));
#5244 = DIRECTION('',(-1.,-0.,-0.));
#5245 = ORIENTED_EDGE('',*,*,#5231,.F.);
#5246 = ORIENTED_EDGE('',*,*,#2658,.F.);
#5247 = CYLINDRICAL_SURFACE('',#5248,1.);
#5248 = AXIS2_PLACEMENT_3D('',#5249,#5250,#5251);
#5249 = CARTESIAN_POINT('',(135.15,3.75,2.5));
#5250 = DIRECTION('',(0.,0.,1.));
#5251 = DIRECTION('',(-1.,0.,0.));
#5252 = ADVANCED_FACE('',(#5253),#5272,.F.);
#5253 = FACE_BOUND('',#5254,.T.);
#5254 = EDGE_LOOP('',(#5255,#5263,#5270,#5271));
#5255 = ORIENTED_EDGE('',*,*,#5256,.T.);
#5256 = EDGE_CURVE('',#2670,#5257,#5259,.T.);
#5257 = VERTEX_POINT('',#5258);
#5258 = CARTESIAN_POINT('',(148.85,9.5,0.7));
#5259 = LINE('',#5260,#5261);
#5260 = CARTESIAN_POINT('',(148.85,9.5,2.5));
#5261 = VECTOR('',#5262,1.);
#5262 = DIRECTION('',(0.,0.,-1.));
#5263 = ORIENTED_EDGE('',*,*,#5264,.T.);
#5264 = EDGE_CURVE('',#5257,#5257,#5265,.T.);
#5265 = CIRCLE('',#5266,2.7);
#5266 = AXIS2_PLACEMENT_3D('',#5267,#5268,#5269);
#5267 = CARTESIAN_POINT('',(151.55,9.5,0.7));
#5268 = DIRECTION('',(0.,0.,-1.));
#5269 = DIRECTION('',(-1.,-0.,-0.));
#5270 = ORIENTED_EDGE('',*,*,#5256,.F.);
#5271 = ORIENTED_EDGE('',*,*,#2669,.F.);
#5272 = CYLINDRICAL_SURFACE('',#5273,2.7);
#5273 = AXIS2_PLACEMENT_3D('',#5274,#5275,#5276);
#5274 = CARTESIAN_POINT('',(151.55,9.5,2.5));
#5275 = DIRECTION('',(0.,0.,1.));
#5276 = DIRECTION('',(-1.,0.,0.));
#5277 = ADVANCED_FACE('',(#5278),#5303,.F.);
#5278 = FACE_BOUND('',#5279,.T.);
#5279 = EDGE_LOOP('',(#5280,#5288,#5296,#5302));
#5280 = ORIENTED_EDGE('',*,*,#5281,.T.);
#5281 = EDGE_CURVE('',#2681,#5282,#5284,.T.);
#5282 = VERTEX_POINT('',#5283);
#5283 = CARTESIAN_POINT('',(154.25,16.55,0.7));
#5284 = LINE('',#5285,#5286);
#5285 = CARTESIAN_POINT('',(154.25,16.55,2.5));
#5286 = VECTOR('',#5287,1.);
#5287 = DIRECTION('',(0.,0.,-1.));
#5288 = ORIENTED_EDGE('',*,*,#5289,.T.);
#5289 = EDGE_CURVE('',#5282,#5290,#5292,.T.);
#5290 = VERTEX_POINT('',#5291);
#5291 = CARTESIAN_POINT('',(154.25,12.75,0.7));
#5292 = LINE('',#5293,#5294);
#5293 = CARTESIAN_POINT('',(154.25,16.55,0.7));
#5294 = VECTOR('',#5295,1.);
#5295 = DIRECTION('',(-0.,-1.,-0.));
#5296 = ORIENTED_EDGE('',*,*,#5297,.F.);
#5297 = EDGE_CURVE('',#2683,#5290,#5298,.T.);
#5298 = LINE('',#5299,#5300);
#5299 = CARTESIAN_POINT('',(154.25,12.75,2.5));
#5300 = VECTOR('',#5301,1.);
#5301 = DIRECTION('',(0.,0.,-1.));
#5302 = ORIENTED_EDGE('',*,*,#2680,.F.);
#5303 = PLANE('',#5304);
#5304 = AXIS2_PLACEMENT_3D('',#5305,#5306,#5307);
#5305 = CARTESIAN_POINT('',(154.25,16.55,2.5));
#5306 = DIRECTION('',(1.,0.,0.));
#5307 = DIRECTION('',(0.,1.,0.));
#5308 = ADVANCED_FACE('',(#5309),#5327,.F.);
#5309 = FACE_BOUND('',#5310,.T.);
#5310 = EDGE_LOOP('',(#5311,#5319,#5325,#5326));
#5311 = ORIENTED_EDGE('',*,*,#5312,.T.);
#5312 = EDGE_CURVE('',#2691,#5313,#5315,.T.);
#5313 = VERTEX_POINT('',#5314);
#5314 = CARTESIAN_POINT('',(147.25,16.55,0.7));
#5315 = LINE('',#5316,#5317);
#5316 = CARTESIAN_POINT('',(147.25,16.55,2.5));
#5317 = VECTOR('',#5318,1.);
#5318 = DIRECTION('',(0.,0.,-1.));
#5319 = ORIENTED_EDGE('',*,*,#5320,.T.);
#5320 = EDGE_CURVE('',#5313,#5282,#5321,.T.);
#5321 = LINE('',#5322,#5323);
#5322 = CARTESIAN_POINT('',(147.25,16.55,0.7));
#5323 = VECTOR('',#5324,1.);
#5324 = DIRECTION('',(1.,0.,0.));
#5325 = ORIENTED_EDGE('',*,*,#5281,.F.);
#5326 = ORIENTED_EDGE('',*,*,#2690,.F.);
#5327 = PLANE('',#5328);
#5328 = AXIS2_PLACEMENT_3D('',#5329,#5330,#5331);
#5329 = CARTESIAN_POINT('',(147.25,16.55,2.5));
#5330 = DIRECTION('',(0.,1.,0.));
#5331 = DIRECTION('',(-1.,-0.,-0.));
#5332 = ADVANCED_FACE('',(#5333),#5351,.F.);
#5333 = FACE_BOUND('',#5334,.T.);
#5334 = EDGE_LOOP('',(#5335,#5336,#5344,#5350));
#5335 = ORIENTED_EDGE('',*,*,#5297,.T.);
#5336 = ORIENTED_EDGE('',*,*,#5337,.T.);
#5337 = EDGE_CURVE('',#5290,#5338,#5340,.T.);
#5338 = VERTEX_POINT('',#5339);
#5339 = CARTESIAN_POINT('',(147.25,12.75,0.7));
#5340 = LINE('',#5341,#5342);
#5341 = CARTESIAN_POINT('',(154.25,12.75,0.7));
#5342 = VECTOR('',#5343,1.);
#5343 = DIRECTION('',(-1.,-0.,-0.));
#5344 = ORIENTED_EDGE('',*,*,#5345,.F.);
#5345 = EDGE_CURVE('',#2699,#5338,#5346,.T.);
#5346 = LINE('',#5347,#5348);
#5347 = CARTESIAN_POINT('',(147.25,12.75,2.5));
#5348 = VECTOR('',#5349,1.);
#5349 = DIRECTION('',(0.,0.,-1.));
#5350 = ORIENTED_EDGE('',*,*,#2706,.F.);
#5351 = PLANE('',#5352);
#5352 = AXIS2_PLACEMENT_3D('',#5353,#5354,#5355);
#5353 = CARTESIAN_POINT('',(154.25,12.75,2.5));
#5354 = DIRECTION('',(-0.,-1.,-0.));
#5355 = DIRECTION('',(1.,0.,0.));
#5356 = ADVANCED_FACE('',(#5357),#5368,.F.);
#5357 = FACE_BOUND('',#5358,.T.);
#5358 = EDGE_LOOP('',(#5359,#5360,#5366,#5367));
#5359 = ORIENTED_EDGE('',*,*,#5345,.T.);
#5360 = ORIENTED_EDGE('',*,*,#5361,.T.);
#5361 = EDGE_CURVE('',#5338,#5313,#5362,.T.);
#5362 = LINE('',#5363,#5364);
#5363 = CARTESIAN_POINT('',(147.25,12.75,0.7));
#5364 = VECTOR('',#5365,1.);
#5365 = DIRECTION('',(0.,1.,0.));
#5366 = ORIENTED_EDGE('',*,*,#5312,.F.);
#5367 = ORIENTED_EDGE('',*,*,#2698,.F.);
#5368 = PLANE('',#5369);
#5369 = AXIS2_PLACEMENT_3D('',#5370,#5371,#5372);
#5370 = CARTESIAN_POINT('',(147.25,12.75,2.5));
#5371 = DIRECTION('',(-1.,-0.,-0.));
#5372 = DIRECTION('',(-0.,-1.,-0.));
#5373 = ADVANCED_FACE('',(#5374),#5393,.F.);
#5374 = FACE_BOUND('',#5375,.T.);
#5375 = EDGE_LOOP('',(#5376,#5384,#5391,#5392));
#5376 = ORIENTED_EDGE('',*,*,#5377,.T.);
#5377 = EDGE_CURVE('',#2715,#5378,#5380,.T.);
#5378 = VERTEX_POINT('',#5379);
#5379 = CARTESIAN_POINT('',(129.85,9.5,0.7));
#5380 = LINE('',#5381,#5382);
#5381 = CARTESIAN_POINT('',(129.85,9.5,2.5));
#5382 = VECTOR('',#5383,1.);
#5383 = DIRECTION('',(0.,0.,-1.));
#5384 = ORIENTED_EDGE('',*,*,#5385,.T.);
#5385 = EDGE_CURVE('',#5378,#5378,#5386,.T.);
#5386 = CIRCLE('',#5387,2.7);
#5387 = AXIS2_PLACEMENT_3D('',#5388,#5389,#5390);
#5388 = CARTESIAN_POINT('',(132.55,9.5,0.7));
#5389 = DIRECTION('',(0.,0.,-1.));
#5390 = DIRECTION('',(-1.,-0.,-0.));
#5391 = ORIENTED_EDGE('',*,*,#5377,.F.);
#5392 = ORIENTED_EDGE('',*,*,#2714,.F.);
#5393 = CYLINDRICAL_SURFACE('',#5394,2.7);
#5394 = AXIS2_PLACEMENT_3D('',#5395,#5396,#5397);
#5395 = CARTESIAN_POINT('',(132.55,9.5,2.5));
#5396 = DIRECTION('',(0.,0.,1.));
#5397 = DIRECTION('',(-1.,0.,0.));
#5398 = ADVANCED_FACE('',(#5399),#5424,.F.);
#5399 = FACE_BOUND('',#5400,.T.);
#5400 = EDGE_LOOP('',(#5401,#5409,#5417,#5423));
#5401 = ORIENTED_EDGE('',*,*,#5402,.T.);
#5402 = EDGE_CURVE('',#2726,#5403,#5405,.T.);
#5403 = VERTEX_POINT('',#5404);
#5404 = CARTESIAN_POINT('',(135.25,16.55,0.7));
#5405 = LINE('',#5406,#5407);
#5406 = CARTESIAN_POINT('',(135.25,16.55,2.5));
#5407 = VECTOR('',#5408,1.);
#5408 = DIRECTION('',(0.,0.,-1.));
#5409 = ORIENTED_EDGE('',*,*,#5410,.T.);
#5410 = EDGE_CURVE('',#5403,#5411,#5413,.T.);
#5411 = VERTEX_POINT('',#5412);
#5412 = CARTESIAN_POINT('',(135.25,12.75,0.7));
#5413 = LINE('',#5414,#5415);
#5414 = CARTESIAN_POINT('',(135.25,16.55,0.7));
#5415 = VECTOR('',#5416,1.);
#5416 = DIRECTION('',(-0.,-1.,-0.));
#5417 = ORIENTED_EDGE('',*,*,#5418,.F.);
#5418 = EDGE_CURVE('',#2728,#5411,#5419,.T.);
#5419 = LINE('',#5420,#5421);
#5420 = CARTESIAN_POINT('',(135.25,12.75,2.5));
#5421 = VECTOR('',#5422,1.);
#5422 = DIRECTION('',(0.,0.,-1.));
#5423 = ORIENTED_EDGE('',*,*,#2725,.F.);
#5424 = PLANE('',#5425);
#5425 = AXIS2_PLACEMENT_3D('',#5426,#5427,#5428);
#5426 = CARTESIAN_POINT('',(135.25,16.55,2.5));
#5427 = DIRECTION('',(1.,0.,0.));
#5428 = DIRECTION('',(0.,1.,0.));
#5429 = ADVANCED_FACE('',(#5430),#5448,.F.);
#5430 = FACE_BOUND('',#5431,.T.);
#5431 = EDGE_LOOP('',(#5432,#5440,#5446,#5447));
#5432 = ORIENTED_EDGE('',*,*,#5433,.T.);
#5433 = EDGE_CURVE('',#2736,#5434,#5436,.T.);
#5434 = VERTEX_POINT('',#5435);
#5435 = CARTESIAN_POINT('',(128.25,16.55,0.7));
#5436 = LINE('',#5437,#5438);
#5437 = CARTESIAN_POINT('',(128.25,16.55,2.5));
#5438 = VECTOR('',#5439,1.);
#5439 = DIRECTION('',(0.,0.,-1.));
#5440 = ORIENTED_EDGE('',*,*,#5441,.T.);
#5441 = EDGE_CURVE('',#5434,#5403,#5442,.T.);
#5442 = LINE('',#5443,#5444);
#5443 = CARTESIAN_POINT('',(128.25,16.55,0.7));
#5444 = VECTOR('',#5445,1.);
#5445 = DIRECTION('',(1.,0.,0.));
#5446 = ORIENTED_EDGE('',*,*,#5402,.F.);
#5447 = ORIENTED_EDGE('',*,*,#2735,.F.);
#5448 = PLANE('',#5449);
#5449 = AXIS2_PLACEMENT_3D('',#5450,#5451,#5452);
#5450 = CARTESIAN_POINT('',(128.25,16.55,2.5));
#5451 = DIRECTION('',(0.,1.,0.));
#5452 = DIRECTION('',(-1.,-0.,-0.));
#5453 = ADVANCED_FACE('',(#5454),#5472,.F.);
#5454 = FACE_BOUND('',#5455,.T.);
#5455 = EDGE_LOOP('',(#5456,#5457,#5465,#5471));
#5456 = ORIENTED_EDGE('',*,*,#5418,.T.);
#5457 = ORIENTED_EDGE('',*,*,#5458,.T.);
#5458 = EDGE_CURVE('',#5411,#5459,#5461,.T.);
#5459 = VERTEX_POINT('',#5460);
#5460 = CARTESIAN_POINT('',(128.25,12.75,0.7));
#5461 = LINE('',#5462,#5463);
#5462 = CARTESIAN_POINT('',(135.25,12.75,0.7));
#5463 = VECTOR('',#5464,1.);
#5464 = DIRECTION('',(-1.,-0.,-0.));
#5465 = ORIENTED_EDGE('',*,*,#5466,.F.);
#5466 = EDGE_CURVE('',#2744,#5459,#5467,.T.);
#5467 = LINE('',#5468,#5469);
#5468 = CARTESIAN_POINT('',(128.25,12.75,2.5));
#5469 = VECTOR('',#5470,1.);
#5470 = DIRECTION('',(0.,0.,-1.));
#5471 = ORIENTED_EDGE('',*,*,#2751,.F.);
#5472 = PLANE('',#5473);
#5473 = AXIS2_PLACEMENT_3D('',#5474,#5475,#5476);
#5474 = CARTESIAN_POINT('',(135.25,12.75,2.5));
#5475 = DIRECTION('',(-0.,-1.,-0.));
#5476 = DIRECTION('',(1.,0.,0.));
#5477 = ADVANCED_FACE('',(#5478),#5489,.F.);
#5478 = FACE_BOUND('',#5479,.T.);
#5479 = EDGE_LOOP('',(#5480,#5481,#5487,#5488));
#5480 = ORIENTED_EDGE('',*,*,#5466,.T.);
#5481 = ORIENTED_EDGE('',*,*,#5482,.T.);
#5482 = EDGE_CURVE('',#5459,#5434,#5483,.T.);
#5483 = LINE('',#5484,#5485);
#5484 = CARTESIAN_POINT('',(128.25,12.75,0.7));
#5485 = VECTOR('',#5486,1.);
#5486 = DIRECTION('',(0.,1.,0.));
#5487 = ORIENTED_EDGE('',*,*,#5433,.F.);
#5488 = ORIENTED_EDGE('',*,*,#2743,.F.);
#5489 = PLANE('',#5490);
#5490 = AXIS2_PLACEMENT_3D('',#5491,#5492,#5493);
#5491 = CARTESIAN_POINT('',(128.25,12.75,2.5));
#5492 = DIRECTION('',(-1.,-0.,-0.));
#5493 = DIRECTION('',(-0.,-1.,-0.));
#5494 = ADVANCED_FACE('',(#5495),#5514,.F.);
#5495 = FACE_BOUND('',#5496,.T.);
#5496 = EDGE_LOOP('',(#5497,#5505,#5512,#5513));
#5497 = ORIENTED_EDGE('',*,*,#5498,.T.);
#5498 = EDGE_CURVE('',#2760,#5499,#5501,.T.);
#5499 = VERTEX_POINT('',#5500);
#5500 = CARTESIAN_POINT('',(115.15,3.75,0.7));
#5501 = LINE('',#5502,#5503);
#5502 = CARTESIAN_POINT('',(115.15,3.75,2.5));
#5503 = VECTOR('',#5504,1.);
#5504 = DIRECTION('',(0.,0.,-1.));
#5505 = ORIENTED_EDGE('',*,*,#5506,.T.);
#5506 = EDGE_CURVE('',#5499,#5499,#5507,.T.);
#5507 = CIRCLE('',#5508,1.);
#5508 = AXIS2_PLACEMENT_3D('',#5509,#5510,#5511);
#5509 = CARTESIAN_POINT('',(116.15,3.75,0.7));
#5510 = DIRECTION('',(0.,0.,-1.));
#5511 = DIRECTION('',(-1.,-0.,-0.));
#5512 = ORIENTED_EDGE('',*,*,#5498,.F.);
#5513 = ORIENTED_EDGE('',*,*,#2759,.F.);
#5514 = CYLINDRICAL_SURFACE('',#5515,1.);
#5515 = AXIS2_PLACEMENT_3D('',#5516,#5517,#5518);
#5516 = CARTESIAN_POINT('',(116.15,3.75,2.5));
#5517 = DIRECTION('',(0.,0.,1.));
#5518 = DIRECTION('',(-1.,0.,0.));
#5519 = ADVANCED_FACE('',(#5520),#5539,.F.);
#5520 = FACE_BOUND('',#5521,.T.);
#5521 = EDGE_LOOP('',(#5522,#5530,#5537,#5538));
#5522 = ORIENTED_EDGE('',*,*,#5523,.T.);
#5523 = EDGE_CURVE('',#2771,#5524,#5526,.T.);
#5524 = VERTEX_POINT('',#5525);
#5525 = CARTESIAN_POINT('',(127.15,4.8,0.7));
#5526 = LINE('',#5527,#5528);
#5527 = CARTESIAN_POINT('',(127.15,4.8,2.5));
#5528 = VECTOR('',#5529,1.);
#5529 = DIRECTION('',(0.,0.,-1.));
#5530 = ORIENTED_EDGE('',*,*,#5531,.T.);
#5531 = EDGE_CURVE('',#5524,#5524,#5532,.T.);
#5532 = CIRCLE('',#5533,1.);
#5533 = AXIS2_PLACEMENT_3D('',#5534,#5535,#5536);
#5534 = CARTESIAN_POINT('',(128.15,4.8,0.7));
#5535 = DIRECTION('',(0.,0.,-1.));
#5536 = DIRECTION('',(-1.,-0.,-0.));
#5537 = ORIENTED_EDGE('',*,*,#5523,.F.);
#5538 = ORIENTED_EDGE('',*,*,#2770,.F.);
#5539 = CYLINDRICAL_SURFACE('',#5540,1.);
#5540 = AXIS2_PLACEMENT_3D('',#5541,#5542,#5543);
#5541 = CARTESIAN_POINT('',(128.15,4.8,2.5));
#5542 = DIRECTION('',(0.,0.,1.));
#5543 = DIRECTION('',(-1.,0.,0.));
#5544 = ADVANCED_FACE('',(#5545),#5564,.F.);
#5545 = FACE_BOUND('',#5546,.T.);
#5546 = EDGE_LOOP('',(#5547,#5555,#5562,#5563));
#5547 = ORIENTED_EDGE('',*,*,#5548,.T.);
#5548 = EDGE_CURVE('',#2793,#5549,#5551,.T.);
#5549 = VERTEX_POINT('',#5550);
#5550 = CARTESIAN_POINT('',(108.15,4.8,0.7));
#5551 = LINE('',#5552,#5553);
#5552 = CARTESIAN_POINT('',(108.15,4.8,2.5));
#5553 = VECTOR('',#5554,1.);
#5554 = DIRECTION('',(0.,0.,-1.));
#5555 = ORIENTED_EDGE('',*,*,#5556,.T.);
#5556 = EDGE_CURVE('',#5549,#5549,#5557,.T.);
#5557 = CIRCLE('',#5558,1.);
#5558 = AXIS2_PLACEMENT_3D('',#5559,#5560,#5561);
#5559 = CARTESIAN_POINT('',(109.15,4.8,0.7));
#5560 = DIRECTION('',(0.,0.,-1.));
#5561 = DIRECTION('',(-1.,-0.,-0.));
#5562 = ORIENTED_EDGE('',*,*,#5548,.F.);
#5563 = ORIENTED_EDGE('',*,*,#2792,.F.);
#5564 = CYLINDRICAL_SURFACE('',#5565,1.);
#5565 = AXIS2_PLACEMENT_3D('',#5566,#5567,#5568);
#5566 = CARTESIAN_POINT('',(109.15,4.8,2.5));
#5567 = DIRECTION('',(0.,0.,1.));
#5568 = DIRECTION('',(-1.,0.,0.));
#5569 = ADVANCED_FACE('',(#5570),#5589,.F.);
#5570 = FACE_BOUND('',#5571,.T.);
#5571 = EDGE_LOOP('',(#5572,#5580,#5587,#5588));
#5572 = ORIENTED_EDGE('',*,*,#5573,.T.);
#5573 = EDGE_CURVE('',#2804,#5574,#5576,.T.);
#5574 = VERTEX_POINT('',#5575);
#5575 = CARTESIAN_POINT('',(110.85,9.5,0.7));
#5576 = LINE('',#5577,#5578);
#5577 = CARTESIAN_POINT('',(110.85,9.5,2.5));
#5578 = VECTOR('',#5579,1.);
#5579 = DIRECTION('',(0.,0.,-1.));
#5580 = ORIENTED_EDGE('',*,*,#5581,.T.);
#5581 = EDGE_CURVE('',#5574,#5574,#5582,.T.);
#5582 = CIRCLE('',#5583,2.7);
#5583 = AXIS2_PLACEMENT_3D('',#5584,#5585,#5586);
#5584 = CARTESIAN_POINT('',(113.55,9.5,0.7));
#5585 = DIRECTION('',(0.,0.,-1.));
#5586 = DIRECTION('',(-1.,-0.,-0.));
#5587 = ORIENTED_EDGE('',*,*,#5573,.F.);
#5588 = ORIENTED_EDGE('',*,*,#2803,.F.);
#5589 = CYLINDRICAL_SURFACE('',#5590,2.7);
#5590 = AXIS2_PLACEMENT_3D('',#5591,#5592,#5593);
#5591 = CARTESIAN_POINT('',(113.55,9.5,2.5));
#5592 = DIRECTION('',(0.,0.,1.));
#5593 = DIRECTION('',(-1.,0.,0.));
#5594 = ADVANCED_FACE('',(#5595),#5620,.F.);
#5595 = FACE_BOUND('',#5596,.T.);
#5596 = EDGE_LOOP('',(#5597,#5605,#5613,#5619));
#5597 = ORIENTED_EDGE('',*,*,#5598,.T.);
#5598 = EDGE_CURVE('',#2815,#5599,#5601,.T.);
#5599 = VERTEX_POINT('',#5600);
#5600 = CARTESIAN_POINT('',(116.25,16.55,0.7));
#5601 = LINE('',#5602,#5603);
#5602 = CARTESIAN_POINT('',(116.25,16.55,2.5));
#5603 = VECTOR('',#5604,1.);
#5604 = DIRECTION('',(0.,0.,-1.));
#5605 = ORIENTED_EDGE('',*,*,#5606,.T.);
#5606 = EDGE_CURVE('',#5599,#5607,#5609,.T.);
#5607 = VERTEX_POINT('',#5608);
#5608 = CARTESIAN_POINT('',(116.25,12.75,0.7));
#5609 = LINE('',#5610,#5611);
#5610 = CARTESIAN_POINT('',(116.25,16.55,0.7));
#5611 = VECTOR('',#5612,1.);
#5612 = DIRECTION('',(-0.,-1.,-0.));
#5613 = ORIENTED_EDGE('',*,*,#5614,.F.);
#5614 = EDGE_CURVE('',#2817,#5607,#5615,.T.);
#5615 = LINE('',#5616,#5617);
#5616 = CARTESIAN_POINT('',(116.25,12.75,2.5));
#5617 = VECTOR('',#5618,1.);
#5618 = DIRECTION('',(0.,0.,-1.));
#5619 = ORIENTED_EDGE('',*,*,#2814,.F.);
#5620 = PLANE('',#5621);
#5621 = AXIS2_PLACEMENT_3D('',#5622,#5623,#5624);
#5622 = CARTESIAN_POINT('',(116.25,16.55,2.5));
#5623 = DIRECTION('',(1.,0.,0.));
#5624 = DIRECTION('',(0.,1.,0.));
#5625 = ADVANCED_FACE('',(#5626),#5644,.F.);
#5626 = FACE_BOUND('',#5627,.T.);
#5627 = EDGE_LOOP('',(#5628,#5636,#5642,#5643));
#5628 = ORIENTED_EDGE('',*,*,#5629,.T.);
#5629 = EDGE_CURVE('',#2825,#5630,#5632,.T.);
#5630 = VERTEX_POINT('',#5631);
#5631 = CARTESIAN_POINT('',(109.25,16.55,0.7));
#5632 = LINE('',#5633,#5634);
#5633 = CARTESIAN_POINT('',(109.25,16.55,2.5));
#5634 = VECTOR('',#5635,1.);
#5635 = DIRECTION('',(0.,0.,-1.));
#5636 = ORIENTED_EDGE('',*,*,#5637,.T.);
#5637 = EDGE_CURVE('',#5630,#5599,#5638,.T.);
#5638 = LINE('',#5639,#5640);
#5639 = CARTESIAN_POINT('',(109.25,16.55,0.7));
#5640 = VECTOR('',#5641,1.);
#5641 = DIRECTION('',(1.,0.,0.));
#5642 = ORIENTED_EDGE('',*,*,#5598,.F.);
#5643 = ORIENTED_EDGE('',*,*,#2824,.F.);
#5644 = PLANE('',#5645);
#5645 = AXIS2_PLACEMENT_3D('',#5646,#5647,#5648);
#5646 = CARTESIAN_POINT('',(109.25,16.55,2.5));
#5647 = DIRECTION('',(0.,1.,0.));
#5648 = DIRECTION('',(-1.,-0.,-0.));
#5649 = ADVANCED_FACE('',(#5650),#5668,.F.);
#5650 = FACE_BOUND('',#5651,.T.);
#5651 = EDGE_LOOP('',(#5652,#5653,#5661,#5667));
#5652 = ORIENTED_EDGE('',*,*,#5614,.T.);
#5653 = ORIENTED_EDGE('',*,*,#5654,.T.);
#5654 = EDGE_CURVE('',#5607,#5655,#5657,.T.);
#5655 = VERTEX_POINT('',#5656);
#5656 = CARTESIAN_POINT('',(109.25,12.75,0.7));
#5657 = LINE('',#5658,#5659);
#5658 = CARTESIAN_POINT('',(116.25,12.75,0.7));
#5659 = VECTOR('',#5660,1.);
#5660 = DIRECTION('',(-1.,-0.,-0.));
#5661 = ORIENTED_EDGE('',*,*,#5662,.F.);
#5662 = EDGE_CURVE('',#2833,#5655,#5663,.T.);
#5663 = LINE('',#5664,#5665);
#5664 = CARTESIAN_POINT('',(109.25,12.75,2.5));
#5665 = VECTOR('',#5666,1.);
#5666 = DIRECTION('',(0.,0.,-1.));
#5667 = ORIENTED_EDGE('',*,*,#2840,.F.);
#5668 = PLANE('',#5669);
#5669 = AXIS2_PLACEMENT_3D('',#5670,#5671,#5672);
#5670 = CARTESIAN_POINT('',(116.25,12.75,2.5));
#5671 = DIRECTION('',(-0.,-1.,-0.));
#5672 = DIRECTION('',(1.,0.,0.));
#5673 = ADVANCED_FACE('',(#5674),#5685,.F.);
#5674 = FACE_BOUND('',#5675,.T.);
#5675 = EDGE_LOOP('',(#5676,#5677,#5683,#5684));
#5676 = ORIENTED_EDGE('',*,*,#5662,.T.);
#5677 = ORIENTED_EDGE('',*,*,#5678,.T.);
#5678 = EDGE_CURVE('',#5655,#5630,#5679,.T.);
#5679 = LINE('',#5680,#5681);
#5680 = CARTESIAN_POINT('',(109.25,12.75,0.7));
#5681 = VECTOR('',#5682,1.);
#5682 = DIRECTION('',(0.,1.,0.));
#5683 = ORIENTED_EDGE('',*,*,#5629,.F.);
#5684 = ORIENTED_EDGE('',*,*,#2832,.F.);
#5685 = PLANE('',#5686);
#5686 = AXIS2_PLACEMENT_3D('',#5687,#5688,#5689);
#5687 = CARTESIAN_POINT('',(109.25,12.75,2.5));
#5688 = DIRECTION('',(-1.,-0.,-0.));
#5689 = DIRECTION('',(-0.,-1.,-0.));
#5690 = ADVANCED_FACE('',(#5691),#5710,.F.);
#5691 = FACE_BOUND('',#5692,.T.);
#5692 = EDGE_LOOP('',(#5693,#5701,#5708,#5709));
#5693 = ORIENTED_EDGE('',*,*,#5694,.T.);
#5694 = EDGE_CURVE('',#2849,#5695,#5697,.T.);
#5695 = VERTEX_POINT('',#5696);
#5696 = CARTESIAN_POINT('',(153.15,22.75,0.7));
#5697 = LINE('',#5698,#5699);
#5698 = CARTESIAN_POINT('',(153.15,22.75,2.5));
#5699 = VECTOR('',#5700,1.);
#5700 = DIRECTION('',(0.,0.,-1.));
#5701 = ORIENTED_EDGE('',*,*,#5702,.T.);
#5702 = EDGE_CURVE('',#5695,#5695,#5703,.T.);
#5703 = CIRCLE('',#5704,1.);
#5704 = AXIS2_PLACEMENT_3D('',#5705,#5706,#5707);
#5705 = CARTESIAN_POINT('',(154.15,22.75,0.7));
#5706 = DIRECTION('',(0.,0.,-1.));
#5707 = DIRECTION('',(-1.,-0.,-0.));
#5708 = ORIENTED_EDGE('',*,*,#5694,.F.);
#5709 = ORIENTED_EDGE('',*,*,#2848,.F.);
#5710 = CYLINDRICAL_SURFACE('',#5711,1.);
#5711 = AXIS2_PLACEMENT_3D('',#5712,#5713,#5714);
#5712 = CARTESIAN_POINT('',(154.15,22.75,2.5));
#5713 = DIRECTION('',(0.,0.,1.));
#5714 = DIRECTION('',(-1.,0.,0.));
#5715 = ADVANCED_FACE('',(#5716),#5735,.F.);
#5716 = FACE_BOUND('',#5717,.T.);
#5717 = EDGE_LOOP('',(#5718,#5726,#5733,#5734));
#5718 = ORIENTED_EDGE('',*,*,#5719,.T.);
#5719 = EDGE_CURVE('',#2860,#5720,#5722,.T.);
#5720 = VERTEX_POINT('',#5721);
#5721 = CARTESIAN_POINT('',(146.15,23.8,0.7));
#5722 = LINE('',#5723,#5724);
#5723 = CARTESIAN_POINT('',(146.15,23.8,2.5));
#5724 = VECTOR('',#5725,1.);
#5725 = DIRECTION('',(0.,0.,-1.));
#5726 = ORIENTED_EDGE('',*,*,#5727,.T.);
#5727 = EDGE_CURVE('',#5720,#5720,#5728,.T.);
#5728 = CIRCLE('',#5729,1.);
#5729 = AXIS2_PLACEMENT_3D('',#5730,#5731,#5732);
#5730 = CARTESIAN_POINT('',(147.15,23.8,0.7));
#5731 = DIRECTION('',(0.,0.,-1.));
#5732 = DIRECTION('',(-1.,-0.,-0.));
#5733 = ORIENTED_EDGE('',*,*,#5719,.F.);
#5734 = ORIENTED_EDGE('',*,*,#2859,.F.);
#5735 = CYLINDRICAL_SURFACE('',#5736,1.);
#5736 = AXIS2_PLACEMENT_3D('',#5737,#5738,#5739);
#5737 = CARTESIAN_POINT('',(147.15,23.8,2.5));
#5738 = DIRECTION('',(0.,0.,1.));
#5739 = DIRECTION('',(-1.,0.,0.));
#5740 = ADVANCED_FACE('',(#5741),#5760,.F.);
#5741 = FACE_BOUND('',#5742,.T.);
#5742 = EDGE_LOOP('',(#5743,#5751,#5758,#5759));
#5743 = ORIENTED_EDGE('',*,*,#5744,.T.);
#5744 = EDGE_CURVE('',#2871,#5745,#5747,.T.);
#5745 = VERTEX_POINT('',#5746);
#5746 = CARTESIAN_POINT('',(134.15,22.75,0.7));
#5747 = LINE('',#5748,#5749);
#5748 = CARTESIAN_POINT('',(134.15,22.75,2.5));
#5749 = VECTOR('',#5750,1.);
#5750 = DIRECTION('',(0.,0.,-1.));
#5751 = ORIENTED_EDGE('',*,*,#5752,.T.);
#5752 = EDGE_CURVE('',#5745,#5745,#5753,.T.);
#5753 = CIRCLE('',#5754,1.);
#5754 = AXIS2_PLACEMENT_3D('',#5755,#5756,#5757);
#5755 = CARTESIAN_POINT('',(135.15,22.75,0.7));
#5756 = DIRECTION('',(0.,0.,-1.));
#5757 = DIRECTION('',(-1.,-0.,-0.));
#5758 = ORIENTED_EDGE('',*,*,#5744,.F.);
#5759 = ORIENTED_EDGE('',*,*,#2870,.F.);
#5760 = CYLINDRICAL_SURFACE('',#5761,1.);
#5761 = AXIS2_PLACEMENT_3D('',#5762,#5763,#5764);
#5762 = CARTESIAN_POINT('',(135.15,22.75,2.5));
#5763 = DIRECTION('',(0.,0.,1.));
#5764 = DIRECTION('',(-1.,0.,0.));
#5765 = ADVANCED_FACE('',(#5766),#5785,.F.);
#5766 = FACE_BOUND('',#5767,.T.);
#5767 = EDGE_LOOP('',(#5768,#5776,#5783,#5784));
#5768 = ORIENTED_EDGE('',*,*,#5769,.T.);
#5769 = EDGE_CURVE('',#2882,#5770,#5772,.T.);
#5770 = VERTEX_POINT('',#5771);
#5771 = CARTESIAN_POINT('',(148.85,28.5,0.7));
#5772 = LINE('',#5773,#5774);
#5773 = CARTESIAN_POINT('',(148.85,28.5,2.5));
#5774 = VECTOR('',#5775,1.);
#5775 = DIRECTION('',(0.,0.,-1.));
#5776 = ORIENTED_EDGE('',*,*,#5777,.T.);
#5777 = EDGE_CURVE('',#5770,#5770,#5778,.T.);
#5778 = CIRCLE('',#5779,2.7);
#5779 = AXIS2_PLACEMENT_3D('',#5780,#5781,#5782);
#5780 = CARTESIAN_POINT('',(151.55,28.5,0.7));
#5781 = DIRECTION('',(0.,0.,-1.));
#5782 = DIRECTION('',(-1.,-0.,-0.));
#5783 = ORIENTED_EDGE('',*,*,#5769,.F.);
#5784 = ORIENTED_EDGE('',*,*,#2881,.F.);
#5785 = CYLINDRICAL_SURFACE('',#5786,2.7);
#5786 = AXIS2_PLACEMENT_3D('',#5787,#5788,#5789);
#5787 = CARTESIAN_POINT('',(151.55,28.5,2.5));
#5788 = DIRECTION('',(0.,0.,1.));
#5789 = DIRECTION('',(-1.,0.,0.));
#5790 = ADVANCED_FACE('',(#5791),#5816,.F.);
#5791 = FACE_BOUND('',#5792,.T.);
#5792 = EDGE_LOOP('',(#5793,#5801,#5809,#5815));
#5793 = ORIENTED_EDGE('',*,*,#5794,.T.);
#5794 = EDGE_CURVE('',#2893,#5795,#5797,.T.);
#5795 = VERTEX_POINT('',#5796);
#5796 = CARTESIAN_POINT('',(154.25,35.55,0.7));
#5797 = LINE('',#5798,#5799);
#5798 = CARTESIAN_POINT('',(154.25,35.55,2.5));
#5799 = VECTOR('',#5800,1.);
#5800 = DIRECTION('',(0.,0.,-1.));
#5801 = ORIENTED_EDGE('',*,*,#5802,.T.);
#5802 = EDGE_CURVE('',#5795,#5803,#5805,.T.);
#5803 = VERTEX_POINT('',#5804);
#5804 = CARTESIAN_POINT('',(154.25,31.75,0.7));
#5805 = LINE('',#5806,#5807);
#5806 = CARTESIAN_POINT('',(154.25,35.55,0.7));
#5807 = VECTOR('',#5808,1.);
#5808 = DIRECTION('',(-0.,-1.,-0.));
#5809 = ORIENTED_EDGE('',*,*,#5810,.F.);
#5810 = EDGE_CURVE('',#2895,#5803,#5811,.T.);
#5811 = LINE('',#5812,#5813);
#5812 = CARTESIAN_POINT('',(154.25,31.75,2.5));
#5813 = VECTOR('',#5814,1.);
#5814 = DIRECTION('',(0.,0.,-1.));
#5815 = ORIENTED_EDGE('',*,*,#2892,.F.);
#5816 = PLANE('',#5817);
#5817 = AXIS2_PLACEMENT_3D('',#5818,#5819,#5820);
#5818 = CARTESIAN_POINT('',(154.25,35.55,2.5));
#5819 = DIRECTION('',(1.,0.,0.));
#5820 = DIRECTION('',(0.,1.,0.));
#5821 = ADVANCED_FACE('',(#5822),#5840,.F.);
#5822 = FACE_BOUND('',#5823,.T.);
#5823 = EDGE_LOOP('',(#5824,#5832,#5838,#5839));
#5824 = ORIENTED_EDGE('',*,*,#5825,.T.);
#5825 = EDGE_CURVE('',#2903,#5826,#5828,.T.);
#5826 = VERTEX_POINT('',#5827);
#5827 = CARTESIAN_POINT('',(147.25,35.55,0.7));
#5828 = LINE('',#5829,#5830);
#5829 = CARTESIAN_POINT('',(147.25,35.55,2.5));
#5830 = VECTOR('',#5831,1.);
#5831 = DIRECTION('',(0.,0.,-1.));
#5832 = ORIENTED_EDGE('',*,*,#5833,.T.);
#5833 = EDGE_CURVE('',#5826,#5795,#5834,.T.);
#5834 = LINE('',#5835,#5836);
#5835 = CARTESIAN_POINT('',(147.25,35.55,0.7));
#5836 = VECTOR('',#5837,1.);
#5837 = DIRECTION('',(1.,0.,0.));
#5838 = ORIENTED_EDGE('',*,*,#5794,.F.);
#5839 = ORIENTED_EDGE('',*,*,#2902,.F.);
#5840 = PLANE('',#5841);
#5841 = AXIS2_PLACEMENT_3D('',#5842,#5843,#5844);
#5842 = CARTESIAN_POINT('',(147.25,35.55,2.5));
#5843 = DIRECTION('',(0.,1.,0.));
#5844 = DIRECTION('',(-1.,-0.,-0.));
#5845 = ADVANCED_FACE('',(#5846),#5864,.F.);
#5846 = FACE_BOUND('',#5847,.T.);
#5847 = EDGE_LOOP('',(#5848,#5849,#5857,#5863));
#5848 = ORIENTED_EDGE('',*,*,#5810,.T.);
#5849 = ORIENTED_EDGE('',*,*,#5850,.T.);
#5850 = EDGE_CURVE('',#5803,#5851,#5853,.T.);
#5851 = VERTEX_POINT('',#5852);
#5852 = CARTESIAN_POINT('',(147.25,31.75,0.7));
#5853 = LINE('',#5854,#5855);
#5854 = CARTESIAN_POINT('',(154.25,31.75,0.7));
#5855 = VECTOR('',#5856,1.);
#5856 = DIRECTION('',(-1.,-0.,-0.));
#5857 = ORIENTED_EDGE('',*,*,#5858,.F.);
#5858 = EDGE_CURVE('',#2911,#5851,#5859,.T.);
#5859 = LINE('',#5860,#5861);
#5860 = CARTESIAN_POINT('',(147.25,31.75,2.5));
#5861 = VECTOR('',#5862,1.);
#5862 = DIRECTION('',(0.,0.,-1.));
#5863 = ORIENTED_EDGE('',*,*,#2918,.F.);
#5864 = PLANE('',#5865);
#5865 = AXIS2_PLACEMENT_3D('',#5866,#5867,#5868);
#5866 = CARTESIAN_POINT('',(154.25,31.75,2.5));
#5867 = DIRECTION('',(-0.,-1.,-0.));
#5868 = DIRECTION('',(1.,0.,0.));
#5869 = ADVANCED_FACE('',(#5870),#5881,.F.);
#5870 = FACE_BOUND('',#5871,.T.);
#5871 = EDGE_LOOP('',(#5872,#5873,#5879,#5880));
#5872 = ORIENTED_EDGE('',*,*,#5858,.T.);
#5873 = ORIENTED_EDGE('',*,*,#5874,.T.);
#5874 = EDGE_CURVE('',#5851,#5826,#5875,.T.);
#5875 = LINE('',#5876,#5877);
#5876 = CARTESIAN_POINT('',(147.25,31.75,0.7));
#5877 = VECTOR('',#5878,1.);
#5878 = DIRECTION('',(0.,1.,0.));
#5879 = ORIENTED_EDGE('',*,*,#5825,.F.);
#5880 = ORIENTED_EDGE('',*,*,#2910,.F.);
#5881 = PLANE('',#5882);
#5882 = AXIS2_PLACEMENT_3D('',#5883,#5884,#5885);
#5883 = CARTESIAN_POINT('',(147.25,31.75,2.5));
#5884 = DIRECTION('',(-1.,-0.,-0.));
#5885 = DIRECTION('',(-0.,-1.,-0.));
#5886 = ADVANCED_FACE('',(#5887),#5906,.F.);
#5887 = FACE_BOUND('',#5888,.T.);
#5888 = EDGE_LOOP('',(#5889,#5897,#5904,#5905));
#5889 = ORIENTED_EDGE('',*,*,#5890,.T.);
#5890 = EDGE_CURVE('',#2927,#5891,#5893,.T.);
#5891 = VERTEX_POINT('',#5892);
#5892 = CARTESIAN_POINT('',(129.85,28.5,0.7));
#5893 = LINE('',#5894,#5895);
#5894 = CARTESIAN_POINT('',(129.85,28.5,2.5));
#5895 = VECTOR('',#5896,1.);
#5896 = DIRECTION('',(0.,0.,-1.));
#5897 = ORIENTED_EDGE('',*,*,#5898,.T.);
#5898 = EDGE_CURVE('',#5891,#5891,#5899,.T.);
#5899 = CIRCLE('',#5900,2.7);
#5900 = AXIS2_PLACEMENT_3D('',#5901,#5902,#5903);
#5901 = CARTESIAN_POINT('',(132.55,28.5,0.7));
#5902 = DIRECTION('',(0.,0.,-1.));
#5903 = DIRECTION('',(-1.,-0.,-0.));
#5904 = ORIENTED_EDGE('',*,*,#5890,.F.);
#5905 = ORIENTED_EDGE('',*,*,#2926,.F.);
#5906 = CYLINDRICAL_SURFACE('',#5907,2.7);
#5907 = AXIS2_PLACEMENT_3D('',#5908,#5909,#5910);
#5908 = CARTESIAN_POINT('',(132.55,28.5,2.5));
#5909 = DIRECTION('',(0.,0.,1.));
#5910 = DIRECTION('',(-1.,0.,0.));
#5911 = ADVANCED_FACE('',(#5912),#5937,.F.);
#5912 = FACE_BOUND('',#5913,.T.);
#5913 = EDGE_LOOP('',(#5914,#5922,#5930,#5936));
#5914 = ORIENTED_EDGE('',*,*,#5915,.T.);
#5915 = EDGE_CURVE('',#2938,#5916,#5918,.T.);
#5916 = VERTEX_POINT('',#5917);
#5917 = CARTESIAN_POINT('',(135.25,35.55,0.7));
#5918 = LINE('',#5919,#5920);
#5919 = CARTESIAN_POINT('',(135.25,35.55,2.5));
#5920 = VECTOR('',#5921,1.);
#5921 = DIRECTION('',(0.,0.,-1.));
#5922 = ORIENTED_EDGE('',*,*,#5923,.T.);
#5923 = EDGE_CURVE('',#5916,#5924,#5926,.T.);
#5924 = VERTEX_POINT('',#5925);
#5925 = CARTESIAN_POINT('',(135.25,31.75,0.7));
#5926 = LINE('',#5927,#5928);
#5927 = CARTESIAN_POINT('',(135.25,35.55,0.7));
#5928 = VECTOR('',#5929,1.);
#5929 = DIRECTION('',(-0.,-1.,-0.));
#5930 = ORIENTED_EDGE('',*,*,#5931,.F.);
#5931 = EDGE_CURVE('',#2940,#5924,#5932,.T.);
#5932 = LINE('',#5933,#5934);
#5933 = CARTESIAN_POINT('',(135.25,31.75,2.5));
#5934 = VECTOR('',#5935,1.);
#5935 = DIRECTION('',(0.,0.,-1.));
#5936 = ORIENTED_EDGE('',*,*,#2937,.F.);
#5937 = PLANE('',#5938);
#5938 = AXIS2_PLACEMENT_3D('',#5939,#5940,#5941);
#5939 = CARTESIAN_POINT('',(135.25,35.55,2.5));
#5940 = DIRECTION('',(1.,0.,0.));
#5941 = DIRECTION('',(0.,1.,0.));
#5942 = ADVANCED_FACE('',(#5943),#5961,.F.);
#5943 = FACE_BOUND('',#5944,.T.);
#5944 = EDGE_LOOP('',(#5945,#5953,#5959,#5960));
#5945 = ORIENTED_EDGE('',*,*,#5946,.T.);
#5946 = EDGE_CURVE('',#2948,#5947,#5949,.T.);
#5947 = VERTEX_POINT('',#5948);
#5948 = CARTESIAN_POINT('',(128.25,35.55,0.7));
#5949 = LINE('',#5950,#5951);
#5950 = CARTESIAN_POINT('',(128.25,35.55,2.5));
#5951 = VECTOR('',#5952,1.);
#5952 = DIRECTION('',(0.,0.,-1.));
#5953 = ORIENTED_EDGE('',*,*,#5954,.T.);
#5954 = EDGE_CURVE('',#5947,#5916,#5955,.T.);
#5955 = LINE('',#5956,#5957);
#5956 = CARTESIAN_POINT('',(128.25,35.55,0.7));
#5957 = VECTOR('',#5958,1.);
#5958 = DIRECTION('',(1.,0.,0.));
#5959 = ORIENTED_EDGE('',*,*,#5915,.F.);
#5960 = ORIENTED_EDGE('',*,*,#2947,.F.);
#5961 = PLANE('',#5962);
#5962 = AXIS2_PLACEMENT_3D('',#5963,#5964,#5965);
#5963 = CARTESIAN_POINT('',(128.25,35.55,2.5));
#5964 = DIRECTION('',(0.,1.,0.));
#5965 = DIRECTION('',(-1.,-0.,-0.));
#5966 = ADVANCED_FACE('',(#5967),#5985,.F.);
#5967 = FACE_BOUND('',#5968,.T.);
#5968 = EDGE_LOOP('',(#5969,#5970,#5978,#5984));
#5969 = ORIENTED_EDGE('',*,*,#5931,.T.);
#5970 = ORIENTED_EDGE('',*,*,#5971,.T.);
#5971 = EDGE_CURVE('',#5924,#5972,#5974,.T.);
#5972 = VERTEX_POINT('',#5973);
#5973 = CARTESIAN_POINT('',(128.25,31.75,0.7));
#5974 = LINE('',#5975,#5976);
#5975 = CARTESIAN_POINT('',(135.25,31.75,0.7));
#5976 = VECTOR('',#5977,1.);
#5977 = DIRECTION('',(-1.,-0.,-0.));
#5978 = ORIENTED_EDGE('',*,*,#5979,.F.);
#5979 = EDGE_CURVE('',#2956,#5972,#5980,.T.);
#5980 = LINE('',#5981,#5982);
#5981 = CARTESIAN_POINT('',(128.25,31.75,2.5));
#5982 = VECTOR('',#5983,1.);
#5983 = DIRECTION('',(0.,0.,-1.));
#5984 = ORIENTED_EDGE('',*,*,#2963,.F.);
#5985 = PLANE('',#5986);
#5986 = AXIS2_PLACEMENT_3D('',#5987,#5988,#5989);
#5987 = CARTESIAN_POINT('',(135.25,31.75,2.5));
#5988 = DIRECTION('',(-0.,-1.,-0.));
#5989 = DIRECTION('',(1.,0.,0.));
#5990 = ADVANCED_FACE('',(#5991),#6002,.F.);
#5991 = FACE_BOUND('',#5992,.T.);
#5992 = EDGE_LOOP('',(#5993,#5994,#6000,#6001));
#5993 = ORIENTED_EDGE('',*,*,#5979,.T.);
#5994 = ORIENTED_EDGE('',*,*,#5995,.T.);
#5995 = EDGE_CURVE('',#5972,#5947,#5996,.T.);
#5996 = LINE('',#5997,#5998);
#5997 = CARTESIAN_POINT('',(128.25,31.75,0.7));
#5998 = VECTOR('',#5999,1.);
#5999 = DIRECTION('',(0.,1.,0.));
#6000 = ORIENTED_EDGE('',*,*,#5946,.F.);
#6001 = ORIENTED_EDGE('',*,*,#2955,.F.);
#6002 = PLANE('',#6003);
#6003 = AXIS2_PLACEMENT_3D('',#6004,#6005,#6006);
#6004 = CARTESIAN_POINT('',(128.25,31.75,2.5));
#6005 = DIRECTION('',(-1.,-0.,-0.));
#6006 = DIRECTION('',(-0.,-1.,-0.));
#6007 = ADVANCED_FACE('',(#6008),#6027,.F.);
#6008 = FACE_BOUND('',#6009,.T.);
#6009 = EDGE_LOOP('',(#6010,#6018,#6025,#6026));
#6010 = ORIENTED_EDGE('',*,*,#6011,.T.);
#6011 = EDGE_CURVE('',#2972,#6012,#6014,.T.);
#6012 = VERTEX_POINT('',#6013);
#6013 = CARTESIAN_POINT('',(127.15,23.8,0.7));
#6014 = LINE('',#6015,#6016);
#6015 = CARTESIAN_POINT('',(127.15,23.8,2.5));
#6016 = VECTOR('',#6017,1.);
#6017 = DIRECTION('',(0.,0.,-1.));
#6018 = ORIENTED_EDGE('',*,*,#6019,.T.);
#6019 = EDGE_CURVE('',#6012,#6012,#6020,.T.);
#6020 = CIRCLE('',#6021,1.);
#6021 = AXIS2_PLACEMENT_3D('',#6022,#6023,#6024);
#6022 = CARTESIAN_POINT('',(128.15,23.8,0.7));
#6023 = DIRECTION('',(0.,0.,-1.));
#6024 = DIRECTION('',(-1.,-0.,-0.));
#6025 = ORIENTED_EDGE('',*,*,#6011,.F.);
#6026 = ORIENTED_EDGE('',*,*,#2971,.F.);
#6027 = CYLINDRICAL_SURFACE('',#6028,1.);
#6028 = AXIS2_PLACEMENT_3D('',#6029,#6030,#6031);
#6029 = CARTESIAN_POINT('',(128.15,23.8,2.5));
#6030 = DIRECTION('',(0.,0.,1.));
#6031 = DIRECTION('',(-1.,0.,0.));
#6032 = ADVANCED_FACE('',(#6033),#6052,.F.);
#6033 = FACE_BOUND('',#6034,.T.);
#6034 = EDGE_LOOP('',(#6035,#6043,#6050,#6051));
#6035 = ORIENTED_EDGE('',*,*,#6036,.T.);
#6036 = EDGE_CURVE('',#2983,#6037,#6039,.T.);
#6037 = VERTEX_POINT('',#6038);
#6038 = CARTESIAN_POINT('',(115.15,22.75,0.7));
#6039 = LINE('',#6040,#6041);
#6040 = CARTESIAN_POINT('',(115.15,22.75,2.5));
#6041 = VECTOR('',#6042,1.);
#6042 = DIRECTION('',(0.,0.,-1.));
#6043 = ORIENTED_EDGE('',*,*,#6044,.T.);
#6044 = EDGE_CURVE('',#6037,#6037,#6045,.T.);
#6045 = CIRCLE('',#6046,1.);
#6046 = AXIS2_PLACEMENT_3D('',#6047,#6048,#6049);
#6047 = CARTESIAN_POINT('',(116.15,22.75,0.7));
#6048 = DIRECTION('',(0.,0.,-1.));
#6049 = DIRECTION('',(-1.,-0.,-0.));
#6050 = ORIENTED_EDGE('',*,*,#6036,.F.);
#6051 = ORIENTED_EDGE('',*,*,#2982,.F.);
#6052 = CYLINDRICAL_SURFACE('',#6053,1.);
#6053 = AXIS2_PLACEMENT_3D('',#6054,#6055,#6056);
#6054 = CARTESIAN_POINT('',(116.15,22.75,2.5));
#6055 = DIRECTION('',(0.,0.,1.));
#6056 = DIRECTION('',(-1.,0.,0.));
#6057 = ADVANCED_FACE('',(#6058),#6077,.F.);
#6058 = FACE_BOUND('',#6059,.T.);
#6059 = EDGE_LOOP('',(#6060,#6068,#6075,#6076));
#6060 = ORIENTED_EDGE('',*,*,#6061,.T.);
#6061 = EDGE_CURVE('',#2994,#6062,#6064,.T.);
#6062 = VERTEX_POINT('',#6063);
#6063 = CARTESIAN_POINT('',(108.15,23.8,0.7));
#6064 = LINE('',#6065,#6066);
#6065 = CARTESIAN_POINT('',(108.15,23.8,2.5));
#6066 = VECTOR('',#6067,1.);
#6067 = DIRECTION('',(0.,0.,-1.));
#6068 = ORIENTED_EDGE('',*,*,#6069,.T.);
#6069 = EDGE_CURVE('',#6062,#6062,#6070,.T.);
#6070 = CIRCLE('',#6071,1.);
#6071 = AXIS2_PLACEMENT_3D('',#6072,#6073,#6074);
#6072 = CARTESIAN_POINT('',(109.15,23.8,0.7));
#6073 = DIRECTION('',(0.,0.,-1.));
#6074 = DIRECTION('',(-1.,-0.,-0.));
#6075 = ORIENTED_EDGE('',*,*,#6061,.F.);
#6076 = ORIENTED_EDGE('',*,*,#2993,.F.);
#6077 = CYLINDRICAL_SURFACE('',#6078,1.);
#6078 = AXIS2_PLACEMENT_3D('',#6079,#6080,#6081);
#6079 = CARTESIAN_POINT('',(109.15,23.8,2.5));
#6080 = DIRECTION('',(0.,0.,1.));
#6081 = DIRECTION('',(-1.,0.,0.));
#6082 = ADVANCED_FACE('',(#6083),#6102,.F.);
#6083 = FACE_BOUND('',#6084,.T.);
#6084 = EDGE_LOOP('',(#6085,#6093,#6100,#6101));
#6085 = ORIENTED_EDGE('',*,*,#6086,.T.);
#6086 = EDGE_CURVE('',#3005,#6087,#6089,.T.);
#6087 = VERTEX_POINT('',#6088);
#6088 = CARTESIAN_POINT('',(110.85,28.5,0.7));
#6089 = LINE('',#6090,#6091);
#6090 = CARTESIAN_POINT('',(110.85,28.5,2.5));
#6091 = VECTOR('',#6092,1.);
#6092 = DIRECTION('',(0.,0.,-1.));
#6093 = ORIENTED_EDGE('',*,*,#6094,.T.);
#6094 = EDGE_CURVE('',#6087,#6087,#6095,.T.);
#6095 = CIRCLE('',#6096,2.7);
#6096 = AXIS2_PLACEMENT_3D('',#6097,#6098,#6099);
#6097 = CARTESIAN_POINT('',(113.55,28.5,0.7));
#6098 = DIRECTION('',(0.,0.,-1.));
#6099 = DIRECTION('',(-1.,-0.,-0.));
#6100 = ORIENTED_EDGE('',*,*,#6086,.F.);
#6101 = ORIENTED_EDGE('',*,*,#3004,.F.);
#6102 = CYLINDRICAL_SURFACE('',#6103,2.7);
#6103 = AXIS2_PLACEMENT_3D('',#6104,#6105,#6106);
#6104 = CARTESIAN_POINT('',(113.55,28.5,2.5));
#6105 = DIRECTION('',(0.,0.,1.));
#6106 = DIRECTION('',(-1.,0.,0.));
#6107 = ADVANCED_FACE('',(#6108),#6133,.F.);
#6108 = FACE_BOUND('',#6109,.T.);
#6109 = EDGE_LOOP('',(#6110,#6118,#6126,#6132));
#6110 = ORIENTED_EDGE('',*,*,#6111,.T.);
#6111 = EDGE_CURVE('',#3016,#6112,#6114,.T.);
#6112 = VERTEX_POINT('',#6113);
#6113 = CARTESIAN_POINT('',(116.25,35.55,0.7));
#6114 = LINE('',#6115,#6116);
#6115 = CARTESIAN_POINT('',(116.25,35.55,2.5));
#6116 = VECTOR('',#6117,1.);
#6117 = DIRECTION('',(0.,0.,-1.));
#6118 = ORIENTED_EDGE('',*,*,#6119,.T.);
#6119 = EDGE_CURVE('',#6112,#6120,#6122,.T.);
#6120 = VERTEX_POINT('',#6121);
#6121 = CARTESIAN_POINT('',(116.25,31.75,0.7));
#6122 = LINE('',#6123,#6124);
#6123 = CARTESIAN_POINT('',(116.25,35.55,0.7));
#6124 = VECTOR('',#6125,1.);
#6125 = DIRECTION('',(-0.,-1.,-0.));
#6126 = ORIENTED_EDGE('',*,*,#6127,.F.);
#6127 = EDGE_CURVE('',#3018,#6120,#6128,.T.);
#6128 = LINE('',#6129,#6130);
#6129 = CARTESIAN_POINT('',(116.25,31.75,2.5));
#6130 = VECTOR('',#6131,1.);
#6131 = DIRECTION('',(0.,0.,-1.));
#6132 = ORIENTED_EDGE('',*,*,#3015,.F.);
#6133 = PLANE('',#6134);
#6134 = AXIS2_PLACEMENT_3D('',#6135,#6136,#6137);
#6135 = CARTESIAN_POINT('',(116.25,35.55,2.5));
#6136 = DIRECTION('',(1.,0.,0.));
#6137 = DIRECTION('',(0.,1.,0.));
#6138 = ADVANCED_FACE('',(#6139),#6157,.F.);
#6139 = FACE_BOUND('',#6140,.T.);
#6140 = EDGE_LOOP('',(#6141,#6149,#6155,#6156));
#6141 = ORIENTED_EDGE('',*,*,#6142,.T.);
#6142 = EDGE_CURVE('',#3026,#6143,#6145,.T.);
#6143 = VERTEX_POINT('',#6144);
#6144 = CARTESIAN_POINT('',(109.25,35.55,0.7));
#6145 = LINE('',#6146,#6147);
#6146 = CARTESIAN_POINT('',(109.25,35.55,2.5));
#6147 = VECTOR('',#6148,1.);
#6148 = DIRECTION('',(0.,0.,-1.));
#6149 = ORIENTED_EDGE('',*,*,#6150,.T.);
#6150 = EDGE_CURVE('',#6143,#6112,#6151,.T.);
#6151 = LINE('',#6152,#6153);
#6152 = CARTESIAN_POINT('',(109.25,35.55,0.7));
#6153 = VECTOR('',#6154,1.);
#6154 = DIRECTION('',(1.,0.,0.));
#6155 = ORIENTED_EDGE('',*,*,#6111,.F.);
#6156 = ORIENTED_EDGE('',*,*,#3025,.F.);
#6157 = PLANE('',#6158);
#6158 = AXIS2_PLACEMENT_3D('',#6159,#6160,#6161);
#6159 = CARTESIAN_POINT('',(109.25,35.55,2.5));
#6160 = DIRECTION('',(0.,1.,0.));
#6161 = DIRECTION('',(-1.,-0.,-0.));
#6162 = ADVANCED_FACE('',(#6163),#6181,.F.);
#6163 = FACE_BOUND('',#6164,.T.);
#6164 = EDGE_LOOP('',(#6165,#6166,#6174,#6180));
#6165 = ORIENTED_EDGE('',*,*,#6127,.T.);
#6166 = ORIENTED_EDGE('',*,*,#6167,.T.);
#6167 = EDGE_CURVE('',#6120,#6168,#6170,.T.);
#6168 = VERTEX_POINT('',#6169);
#6169 = CARTESIAN_POINT('',(109.25,31.75,0.7));
#6170 = LINE('',#6171,#6172);
#6171 = CARTESIAN_POINT('',(116.25,31.75,0.7));
#6172 = VECTOR('',#6173,1.);
#6173 = DIRECTION('',(-1.,-0.,-0.));
#6174 = ORIENTED_EDGE('',*,*,#6175,.F.);
#6175 = EDGE_CURVE('',#3034,#6168,#6176,.T.);
#6176 = LINE('',#6177,#6178);
#6177 = CARTESIAN_POINT('',(109.25,31.75,2.5));
#6178 = VECTOR('',#6179,1.);
#6179 = DIRECTION('',(0.,0.,-1.));
#6180 = ORIENTED_EDGE('',*,*,#3041,.F.);
#6181 = PLANE('',#6182);
#6182 = AXIS2_PLACEMENT_3D('',#6183,#6184,#6185);
#6183 = CARTESIAN_POINT('',(116.25,31.75,2.5));
#6184 = DIRECTION('',(-0.,-1.,-0.));
#6185 = DIRECTION('',(1.,0.,0.));
#6186 = ADVANCED_FACE('',(#6187),#6198,.F.);
#6187 = FACE_BOUND('',#6188,.T.);
#6188 = EDGE_LOOP('',(#6189,#6190,#6196,#6197));
#6189 = ORIENTED_EDGE('',*,*,#6175,.T.);
#6190 = ORIENTED_EDGE('',*,*,#6191,.T.);
#6191 = EDGE_CURVE('',#6168,#6143,#6192,.T.);
#6192 = LINE('',#6193,#6194);
#6193 = CARTESIAN_POINT('',(109.25,31.75,0.7));
#6194 = VECTOR('',#6195,1.);
#6195 = DIRECTION('',(0.,1.,0.));
#6196 = ORIENTED_EDGE('',*,*,#6142,.F.);
#6197 = ORIENTED_EDGE('',*,*,#3033,.F.);
#6198 = PLANE('',#6199);
#6199 = AXIS2_PLACEMENT_3D('',#6200,#6201,#6202);
#6200 = CARTESIAN_POINT('',(109.25,31.75,2.5));
#6201 = DIRECTION('',(-1.,-0.,-0.));
#6202 = DIRECTION('',(-0.,-1.,-0.));
#6203 = ADVANCED_FACE('',(#6204),#6223,.F.);
#6204 = FACE_BOUND('',#6205,.T.);
#6205 = EDGE_LOOP('',(#6206,#6214,#6221,#6222));
#6206 = ORIENTED_EDGE('',*,*,#6207,.T.);
#6207 = EDGE_CURVE('',#3050,#6208,#6210,.T.);
#6208 = VERTEX_POINT('',#6209);
#6209 = CARTESIAN_POINT('',(96.15,3.75,0.7));
#6210 = LINE('',#6211,#6212);
#6211 = CARTESIAN_POINT('',(96.15,3.75,2.5));
#6212 = VECTOR('',#6213,1.);
#6213 = DIRECTION('',(0.,0.,-1.));
#6214 = ORIENTED_EDGE('',*,*,#6215,.T.);
#6215 = EDGE_CURVE('',#6208,#6208,#6216,.T.);
#6216 = CIRCLE('',#6217,1.);
#6217 = AXIS2_PLACEMENT_3D('',#6218,#6219,#6220);
#6218 = CARTESIAN_POINT('',(97.15,3.75,0.7));
#6219 = DIRECTION('',(0.,0.,-1.));
#6220 = DIRECTION('',(-1.,-0.,-0.));
#6221 = ORIENTED_EDGE('',*,*,#6207,.F.);
#6222 = ORIENTED_EDGE('',*,*,#3049,.F.);
#6223 = CYLINDRICAL_SURFACE('',#6224,1.);
#6224 = AXIS2_PLACEMENT_3D('',#6225,#6226,#6227);
#6225 = CARTESIAN_POINT('',(97.15,3.75,2.5));
#6226 = DIRECTION('',(0.,0.,1.));
#6227 = DIRECTION('',(-1.,0.,0.));
#6228 = ADVANCED_FACE('',(#6229),#6248,.F.);
#6229 = FACE_BOUND('',#6230,.T.);
#6230 = EDGE_LOOP('',(#6231,#6239,#6246,#6247));
#6231 = ORIENTED_EDGE('',*,*,#6232,.T.);
#6232 = EDGE_CURVE('',#3061,#6233,#6235,.T.);
#6233 = VERTEX_POINT('',#6234);
#6234 = CARTESIAN_POINT('',(89.15,4.8,0.7));
#6235 = LINE('',#6236,#6237);
#6236 = CARTESIAN_POINT('',(89.15,4.8,2.5));
#6237 = VECTOR('',#6238,1.);
#6238 = DIRECTION('',(0.,0.,-1.));
#6239 = ORIENTED_EDGE('',*,*,#6240,.T.);
#6240 = EDGE_CURVE('',#6233,#6233,#6241,.T.);
#6241 = CIRCLE('',#6242,1.);
#6242 = AXIS2_PLACEMENT_3D('',#6243,#6244,#6245);
#6243 = CARTESIAN_POINT('',(90.15,4.8,0.7));
#6244 = DIRECTION('',(0.,0.,-1.));
#6245 = DIRECTION('',(-1.,-0.,-0.));
#6246 = ORIENTED_EDGE('',*,*,#6232,.F.);
#6247 = ORIENTED_EDGE('',*,*,#3060,.F.);
#6248 = CYLINDRICAL_SURFACE('',#6249,1.);
#6249 = AXIS2_PLACEMENT_3D('',#6250,#6251,#6252);
#6250 = CARTESIAN_POINT('',(90.15,4.8,2.5));
#6251 = DIRECTION('',(0.,0.,1.));
#6252 = DIRECTION('',(-1.,0.,0.));
#6253 = ADVANCED_FACE('',(#6254),#6273,.F.);
#6254 = FACE_BOUND('',#6255,.T.);
#6255 = EDGE_LOOP('',(#6256,#6264,#6271,#6272));
#6256 = ORIENTED_EDGE('',*,*,#6257,.T.);
#6257 = EDGE_CURVE('',#3072,#6258,#6260,.T.);
#6258 = VERTEX_POINT('',#6259);
#6259 = CARTESIAN_POINT('',(77.15,3.75,0.7));
#6260 = LINE('',#6261,#6262);
#6261 = CARTESIAN_POINT('',(77.15,3.75,2.5));
#6262 = VECTOR('',#6263,1.);
#6263 = DIRECTION('',(0.,0.,-1.));
#6264 = ORIENTED_EDGE('',*,*,#6265,.T.);
#6265 = EDGE_CURVE('',#6258,#6258,#6266,.T.);
#6266 = CIRCLE('',#6267,1.);
#6267 = AXIS2_PLACEMENT_3D('',#6268,#6269,#6270);
#6268 = CARTESIAN_POINT('',(78.15,3.75,0.7));
#6269 = DIRECTION('',(0.,0.,-1.));
#6270 = DIRECTION('',(-1.,-0.,-0.));
#6271 = ORIENTED_EDGE('',*,*,#6257,.F.);
#6272 = ORIENTED_EDGE('',*,*,#3071,.F.);
#6273 = CYLINDRICAL_SURFACE('',#6274,1.);
#6274 = AXIS2_PLACEMENT_3D('',#6275,#6276,#6277);
#6275 = CARTESIAN_POINT('',(78.15,3.75,2.5));
#6276 = DIRECTION('',(0.,0.,1.));
#6277 = DIRECTION('',(-1.,0.,0.));
#6278 = ADVANCED_FACE('',(#6279),#6298,.F.);
#6279 = FACE_BOUND('',#6280,.T.);
#6280 = EDGE_LOOP('',(#6281,#6289,#6296,#6297));
#6281 = ORIENTED_EDGE('',*,*,#6282,.T.);
#6282 = EDGE_CURVE('',#3083,#6283,#6285,.T.);
#6283 = VERTEX_POINT('',#6284);
#6284 = CARTESIAN_POINT('',(70.15,4.8,0.7));
#6285 = LINE('',#6286,#6287);
#6286 = CARTESIAN_POINT('',(70.15,4.8,2.5));
#6287 = VECTOR('',#6288,1.);
#6288 = DIRECTION('',(0.,0.,-1.));
#6289 = ORIENTED_EDGE('',*,*,#6290,.T.);
#6290 = EDGE_CURVE('',#6283,#6283,#6291,.T.);
#6291 = CIRCLE('',#6292,1.);
#6292 = AXIS2_PLACEMENT_3D('',#6293,#6294,#6295);
#6293 = CARTESIAN_POINT('',(71.15,4.8,0.7));
#6294 = DIRECTION('',(0.,0.,-1.));
#6295 = DIRECTION('',(-1.,-0.,-0.));
#6296 = ORIENTED_EDGE('',*,*,#6282,.F.);
#6297 = ORIENTED_EDGE('',*,*,#3082,.F.);
#6298 = CYLINDRICAL_SURFACE('',#6299,1.);
#6299 = AXIS2_PLACEMENT_3D('',#6300,#6301,#6302);
#6300 = CARTESIAN_POINT('',(71.15,4.8,2.5));
#6301 = DIRECTION('',(0.,0.,1.));
#6302 = DIRECTION('',(-1.,0.,0.));
#6303 = ADVANCED_FACE('',(#6304),#6323,.F.);
#6304 = FACE_BOUND('',#6305,.T.);
#6305 = EDGE_LOOP('',(#6306,#6314,#6321,#6322));
#6306 = ORIENTED_EDGE('',*,*,#6307,.T.);
#6307 = EDGE_CURVE('',#3094,#6308,#6310,.T.);
#6308 = VERTEX_POINT('',#6309);
#6309 = CARTESIAN_POINT('',(91.85,9.5,0.7));
#6310 = LINE('',#6311,#6312);
#6311 = CARTESIAN_POINT('',(91.85,9.5,2.5));
#6312 = VECTOR('',#6313,1.);
#6313 = DIRECTION('',(0.,0.,-1.));
#6314 = ORIENTED_EDGE('',*,*,#6315,.T.);
#6315 = EDGE_CURVE('',#6308,#6308,#6316,.T.);
#6316 = CIRCLE('',#6317,2.7);
#6317 = AXIS2_PLACEMENT_3D('',#6318,#6319,#6320);
#6318 = CARTESIAN_POINT('',(94.55,9.5,0.7));
#6319 = DIRECTION('',(0.,0.,-1.));
#6320 = DIRECTION('',(-1.,-0.,-0.));
#6321 = ORIENTED_EDGE('',*,*,#6307,.F.);
#6322 = ORIENTED_EDGE('',*,*,#3093,.F.);
#6323 = CYLINDRICAL_SURFACE('',#6324,2.7);
#6324 = AXIS2_PLACEMENT_3D('',#6325,#6326,#6327);
#6325 = CARTESIAN_POINT('',(94.55,9.5,2.5));
#6326 = DIRECTION('',(0.,0.,1.));
#6327 = DIRECTION('',(-1.,0.,0.));
#6328 = ADVANCED_FACE('',(#6329),#6354,.F.);
#6329 = FACE_BOUND('',#6330,.T.);
#6330 = EDGE_LOOP('',(#6331,#6339,#6347,#6353));
#6331 = ORIENTED_EDGE('',*,*,#6332,.T.);
#6332 = EDGE_CURVE('',#3105,#6333,#6335,.T.);
#6333 = VERTEX_POINT('',#6334);
#6334 = CARTESIAN_POINT('',(97.25,16.55,0.7));
#6335 = LINE('',#6336,#6337);
#6336 = CARTESIAN_POINT('',(97.25,16.55,2.5));
#6337 = VECTOR('',#6338,1.);
#6338 = DIRECTION('',(0.,0.,-1.));
#6339 = ORIENTED_EDGE('',*,*,#6340,.T.);
#6340 = EDGE_CURVE('',#6333,#6341,#6343,.T.);
#6341 = VERTEX_POINT('',#6342);
#6342 = CARTESIAN_POINT('',(97.25,12.75,0.7));
#6343 = LINE('',#6344,#6345);
#6344 = CARTESIAN_POINT('',(97.25,16.55,0.7));
#6345 = VECTOR('',#6346,1.);
#6346 = DIRECTION('',(-0.,-1.,-0.));
#6347 = ORIENTED_EDGE('',*,*,#6348,.F.);
#6348 = EDGE_CURVE('',#3107,#6341,#6349,.T.);
#6349 = LINE('',#6350,#6351);
#6350 = CARTESIAN_POINT('',(97.25,12.75,2.5));
#6351 = VECTOR('',#6352,1.);
#6352 = DIRECTION('',(0.,0.,-1.));
#6353 = ORIENTED_EDGE('',*,*,#3104,.F.);
#6354 = PLANE('',#6355);
#6355 = AXIS2_PLACEMENT_3D('',#6356,#6357,#6358);
#6356 = CARTESIAN_POINT('',(97.25,16.55,2.5));
#6357 = DIRECTION('',(1.,0.,0.));
#6358 = DIRECTION('',(0.,1.,0.));
#6359 = ADVANCED_FACE('',(#6360),#6378,.F.);
#6360 = FACE_BOUND('',#6361,.T.);
#6361 = EDGE_LOOP('',(#6362,#6370,#6376,#6377));
#6362 = ORIENTED_EDGE('',*,*,#6363,.T.);
#6363 = EDGE_CURVE('',#3115,#6364,#6366,.T.);
#6364 = VERTEX_POINT('',#6365);
#6365 = CARTESIAN_POINT('',(90.25,16.55,0.7));
#6366 = LINE('',#6367,#6368);
#6367 = CARTESIAN_POINT('',(90.25,16.55,2.5));
#6368 = VECTOR('',#6369,1.);
#6369 = DIRECTION('',(0.,0.,-1.));
#6370 = ORIENTED_EDGE('',*,*,#6371,.T.);
#6371 = EDGE_CURVE('',#6364,#6333,#6372,.T.);
#6372 = LINE('',#6373,#6374);
#6373 = CARTESIAN_POINT('',(90.25,16.55,0.7));
#6374 = VECTOR('',#6375,1.);
#6375 = DIRECTION('',(1.,0.,0.));
#6376 = ORIENTED_EDGE('',*,*,#6332,.F.);
#6377 = ORIENTED_EDGE('',*,*,#3114,.F.);
#6378 = PLANE('',#6379);
#6379 = AXIS2_PLACEMENT_3D('',#6380,#6381,#6382);
#6380 = CARTESIAN_POINT('',(90.25,16.55,2.5));
#6381 = DIRECTION('',(0.,1.,0.));
#6382 = DIRECTION('',(-1.,-0.,-0.));
#6383 = ADVANCED_FACE('',(#6384),#6402,.F.);
#6384 = FACE_BOUND('',#6385,.T.);
#6385 = EDGE_LOOP('',(#6386,#6387,#6395,#6401));
#6386 = ORIENTED_EDGE('',*,*,#6348,.T.);
#6387 = ORIENTED_EDGE('',*,*,#6388,.T.);
#6388 = EDGE_CURVE('',#6341,#6389,#6391,.T.);
#6389 = VERTEX_POINT('',#6390);
#6390 = CARTESIAN_POINT('',(90.25,12.75,0.7));
#6391 = LINE('',#6392,#6393);
#6392 = CARTESIAN_POINT('',(97.25,12.75,0.7));
#6393 = VECTOR('',#6394,1.);
#6394 = DIRECTION('',(-1.,-0.,-0.));
#6395 = ORIENTED_EDGE('',*,*,#6396,.F.);
#6396 = EDGE_CURVE('',#3123,#6389,#6397,.T.);
#6397 = LINE('',#6398,#6399);
#6398 = CARTESIAN_POINT('',(90.25,12.75,2.5));
#6399 = VECTOR('',#6400,1.);
#6400 = DIRECTION('',(0.,0.,-1.));
#6401 = ORIENTED_EDGE('',*,*,#3130,.F.);
#6402 = PLANE('',#6403);
#6403 = AXIS2_PLACEMENT_3D('',#6404,#6405,#6406);
#6404 = CARTESIAN_POINT('',(97.25,12.75,2.5));
#6405 = DIRECTION('',(-0.,-1.,-0.));
#6406 = DIRECTION('',(1.,0.,0.));
#6407 = ADVANCED_FACE('',(#6408),#6419,.F.);
#6408 = FACE_BOUND('',#6409,.T.);
#6409 = EDGE_LOOP('',(#6410,#6411,#6417,#6418));
#6410 = ORIENTED_EDGE('',*,*,#6396,.T.);
#6411 = ORIENTED_EDGE('',*,*,#6412,.T.);
#6412 = EDGE_CURVE('',#6389,#6364,#6413,.T.);
#6413 = LINE('',#6414,#6415);
#6414 = CARTESIAN_POINT('',(90.25,12.75,0.7));
#6415 = VECTOR('',#6416,1.);
#6416 = DIRECTION('',(0.,1.,0.));
#6417 = ORIENTED_EDGE('',*,*,#6363,.F.);
#6418 = ORIENTED_EDGE('',*,*,#3122,.F.);
#6419 = PLANE('',#6420);
#6420 = AXIS2_PLACEMENT_3D('',#6421,#6422,#6423);
#6421 = CARTESIAN_POINT('',(90.25,12.75,2.5));
#6422 = DIRECTION('',(-1.,-0.,-0.));
#6423 = DIRECTION('',(-0.,-1.,-0.));
#6424 = ADVANCED_FACE('',(#6425),#6444,.F.);
#6425 = FACE_BOUND('',#6426,.T.);
#6426 = EDGE_LOOP('',(#6427,#6435,#6442,#6443));
#6427 = ORIENTED_EDGE('',*,*,#6428,.T.);
#6428 = EDGE_CURVE('',#3139,#6429,#6431,.T.);
#6429 = VERTEX_POINT('',#6430);
#6430 = CARTESIAN_POINT('',(72.85,9.5,0.7));
#6431 = LINE('',#6432,#6433);
#6432 = CARTESIAN_POINT('',(72.85,9.5,2.5));
#6433 = VECTOR('',#6434,1.);
#6434 = DIRECTION('',(0.,0.,-1.));
#6435 = ORIENTED_EDGE('',*,*,#6436,.T.);
#6436 = EDGE_CURVE('',#6429,#6429,#6437,.T.);
#6437 = CIRCLE('',#6438,2.7);
#6438 = AXIS2_PLACEMENT_3D('',#6439,#6440,#6441);
#6439 = CARTESIAN_POINT('',(75.55,9.5,0.7));
#6440 = DIRECTION('',(0.,0.,-1.));
#6441 = DIRECTION('',(-1.,-0.,-0.));
#6442 = ORIENTED_EDGE('',*,*,#6428,.F.);
#6443 = ORIENTED_EDGE('',*,*,#3138,.F.);
#6444 = CYLINDRICAL_SURFACE('',#6445,2.7);
#6445 = AXIS2_PLACEMENT_3D('',#6446,#6447,#6448);
#6446 = CARTESIAN_POINT('',(75.55,9.5,2.5));
#6447 = DIRECTION('',(0.,0.,1.));
#6448 = DIRECTION('',(-1.,0.,0.));
#6449 = ADVANCED_FACE('',(#6450),#6475,.F.);
#6450 = FACE_BOUND('',#6451,.T.);
#6451 = EDGE_LOOP('',(#6452,#6460,#6468,#6474));
#6452 = ORIENTED_EDGE('',*,*,#6453,.T.);
#6453 = EDGE_CURVE('',#3150,#6454,#6456,.T.);
#6454 = VERTEX_POINT('',#6455);
#6455 = CARTESIAN_POINT('',(78.25,16.55,0.7));
#6456 = LINE('',#6457,#6458);
#6457 = CARTESIAN_POINT('',(78.25,16.55,2.5));
#6458 = VECTOR('',#6459,1.);
#6459 = DIRECTION('',(0.,0.,-1.));
#6460 = ORIENTED_EDGE('',*,*,#6461,.T.);
#6461 = EDGE_CURVE('',#6454,#6462,#6464,.T.);
#6462 = VERTEX_POINT('',#6463);
#6463 = CARTESIAN_POINT('',(78.25,12.75,0.7));
#6464 = LINE('',#6465,#6466);
#6465 = CARTESIAN_POINT('',(78.25,16.55,0.7));
#6466 = VECTOR('',#6467,1.);
#6467 = DIRECTION('',(-0.,-1.,-0.));
#6468 = ORIENTED_EDGE('',*,*,#6469,.F.);
#6469 = EDGE_CURVE('',#3152,#6462,#6470,.T.);
#6470 = LINE('',#6471,#6472);
#6471 = CARTESIAN_POINT('',(78.25,12.75,2.5));
#6472 = VECTOR('',#6473,1.);
#6473 = DIRECTION('',(0.,0.,-1.));
#6474 = ORIENTED_EDGE('',*,*,#3149,.F.);
#6475 = PLANE('',#6476);
#6476 = AXIS2_PLACEMENT_3D('',#6477,#6478,#6479);
#6477 = CARTESIAN_POINT('',(78.25,16.55,2.5));
#6478 = DIRECTION('',(1.,0.,0.));
#6479 = DIRECTION('',(0.,1.,0.));
#6480 = ADVANCED_FACE('',(#6481),#6499,.F.);
#6481 = FACE_BOUND('',#6482,.T.);
#6482 = EDGE_LOOP('',(#6483,#6491,#6497,#6498));
#6483 = ORIENTED_EDGE('',*,*,#6484,.T.);
#6484 = EDGE_CURVE('',#3160,#6485,#6487,.T.);
#6485 = VERTEX_POINT('',#6486);
#6486 = CARTESIAN_POINT('',(71.25,16.55,0.7));
#6487 = LINE('',#6488,#6489);
#6488 = CARTESIAN_POINT('',(71.25,16.55,2.5));
#6489 = VECTOR('',#6490,1.);
#6490 = DIRECTION('',(0.,0.,-1.));
#6491 = ORIENTED_EDGE('',*,*,#6492,.T.);
#6492 = EDGE_CURVE('',#6485,#6454,#6493,.T.);
#6493 = LINE('',#6494,#6495);
#6494 = CARTESIAN_POINT('',(71.25,16.55,0.7));
#6495 = VECTOR('',#6496,1.);
#6496 = DIRECTION('',(1.,0.,0.));
#6497 = ORIENTED_EDGE('',*,*,#6453,.F.);
#6498 = ORIENTED_EDGE('',*,*,#3159,.F.);
#6499 = PLANE('',#6500);
#6500 = AXIS2_PLACEMENT_3D('',#6501,#6502,#6503);
#6501 = CARTESIAN_POINT('',(71.25,16.55,2.5));
#6502 = DIRECTION('',(0.,1.,0.));
#6503 = DIRECTION('',(-1.,-0.,-0.));
#6504 = ADVANCED_FACE('',(#6505),#6523,.F.);
#6505 = FACE_BOUND('',#6506,.T.);
#6506 = EDGE_LOOP('',(#6507,#6508,#6516,#6522));
#6507 = ORIENTED_EDGE('',*,*,#6469,.T.);
#6508 = ORIENTED_EDGE('',*,*,#6509,.T.);
#6509 = EDGE_CURVE('',#6462,#6510,#6512,.T.);
#6510 = VERTEX_POINT('',#6511);
#6511 = CARTESIAN_POINT('',(71.25,12.75,0.7));
#6512 = LINE('',#6513,#6514);
#6513 = CARTESIAN_POINT('',(78.25,12.75,0.7));
#6514 = VECTOR('',#6515,1.);
#6515 = DIRECTION('',(-1.,-0.,-0.));
#6516 = ORIENTED_EDGE('',*,*,#6517,.F.);
#6517 = EDGE_CURVE('',#3168,#6510,#6518,.T.);
#6518 = LINE('',#6519,#6520);
#6519 = CARTESIAN_POINT('',(71.25,12.75,2.5));
#6520 = VECTOR('',#6521,1.);
#6521 = DIRECTION('',(0.,0.,-1.));
#6522 = ORIENTED_EDGE('',*,*,#3175,.F.);
#6523 = PLANE('',#6524);
#6524 = AXIS2_PLACEMENT_3D('',#6525,#6526,#6527);
#6525 = CARTESIAN_POINT('',(78.25,12.75,2.5));
#6526 = DIRECTION('',(-0.,-1.,-0.));
#6527 = DIRECTION('',(1.,0.,0.));
#6528 = ADVANCED_FACE('',(#6529),#6540,.F.);
#6529 = FACE_BOUND('',#6530,.T.);
#6530 = EDGE_LOOP('',(#6531,#6532,#6538,#6539));
#6531 = ORIENTED_EDGE('',*,*,#6517,.T.);
#6532 = ORIENTED_EDGE('',*,*,#6533,.T.);
#6533 = EDGE_CURVE('',#6510,#6485,#6534,.T.);
#6534 = LINE('',#6535,#6536);
#6535 = CARTESIAN_POINT('',(71.25,12.75,0.7));
#6536 = VECTOR('',#6537,1.);
#6537 = DIRECTION('',(0.,1.,0.));
#6538 = ORIENTED_EDGE('',*,*,#6484,.F.);
#6539 = ORIENTED_EDGE('',*,*,#3167,.F.);
#6540 = PLANE('',#6541);
#6541 = AXIS2_PLACEMENT_3D('',#6542,#6543,#6544);
#6542 = CARTESIAN_POINT('',(71.25,12.75,2.5));
#6543 = DIRECTION('',(-1.,-0.,-0.));
#6544 = DIRECTION('',(-0.,-1.,-0.));
#6545 = ADVANCED_FACE('',(#6546),#6571,.F.);
#6546 = FACE_BOUND('',#6547,.T.);
#6547 = EDGE_LOOP('',(#6548,#6556,#6564,#6570));
#6548 = ORIENTED_EDGE('',*,*,#6549,.T.);
#6549 = EDGE_CURVE('',#3184,#6550,#6552,.T.);
#6550 = VERTEX_POINT('',#6551);
#6551 = CARTESIAN_POINT('',(62.75,36.,0.7));
#6552 = LINE('',#6553,#6554);
#6553 = CARTESIAN_POINT('',(62.75,36.,2.5));
#6554 = VECTOR('',#6555,1.);
#6555 = DIRECTION('',(0.,0.,-1.));
#6556 = ORIENTED_EDGE('',*,*,#6557,.T.);
#6557 = EDGE_CURVE('',#6550,#6558,#6560,.T.);
#6558 = VERTEX_POINT('',#6559);
#6559 = CARTESIAN_POINT('',(62.75,-15.,0.7));
#6560 = LINE('',#6561,#6562);
#6561 = CARTESIAN_POINT('',(62.75,36.,0.7));
#6562 = VECTOR('',#6563,1.);
#6563 = DIRECTION('',(-0.,-1.,-0.));
#6564 = ORIENTED_EDGE('',*,*,#6565,.F.);
#6565 = EDGE_CURVE('',#3186,#6558,#6566,.T.);
#6566 = LINE('',#6567,#6568);
#6567 = CARTESIAN_POINT('',(62.75,-15.,2.5));
#6568 = VECTOR('',#6569,1.);
#6569 = DIRECTION('',(0.,0.,-1.));
#6570 = ORIENTED_EDGE('',*,*,#3183,.F.);
#6571 = PLANE('',#6572);
#6572 = AXIS2_PLACEMENT_3D('',#6573,#6574,#6575);
#6573 = CARTESIAN_POINT('',(62.75,36.,2.5));
#6574 = DIRECTION('',(1.,0.,0.));
#6575 = DIRECTION('',(0.,1.,0.));
#6576 = ADVANCED_FACE('',(#6577),#6595,.F.);
#6577 = FACE_BOUND('',#6578,.T.);
#6578 = EDGE_LOOP('',(#6579,#6587,#6593,#6594));
#6579 = ORIENTED_EDGE('',*,*,#6580,.T.);
#6580 = EDGE_CURVE('',#3194,#6581,#6583,.T.);
#6581 = VERTEX_POINT('',#6582);
#6582 = CARTESIAN_POINT('',(60.15,36.,0.7));
#6583 = LINE('',#6584,#6585);
#6584 = CARTESIAN_POINT('',(60.15,36.,2.5));
#6585 = VECTOR('',#6586,1.);
#6586 = DIRECTION('',(0.,0.,-1.));
#6587 = ORIENTED_EDGE('',*,*,#6588,.T.);
#6588 = EDGE_CURVE('',#6581,#6550,#6589,.T.);
#6589 = LINE('',#6590,#6591);
#6590 = CARTESIAN_POINT('',(60.15,36.,0.7));
#6591 = VECTOR('',#6592,1.);
#6592 = DIRECTION('',(1.,0.,0.));
#6593 = ORIENTED_EDGE('',*,*,#6549,.F.);
#6594 = ORIENTED_EDGE('',*,*,#3193,.F.);
#6595 = PLANE('',#6596);
#6596 = AXIS2_PLACEMENT_3D('',#6597,#6598,#6599);
#6597 = CARTESIAN_POINT('',(60.15,36.,2.5));
#6598 = DIRECTION('',(0.,1.,0.));
#6599 = DIRECTION('',(-1.,-0.,-0.));
#6600 = ADVANCED_FACE('',(#6601),#6619,.F.);
#6601 = FACE_BOUND('',#6602,.T.);
#6602 = EDGE_LOOP('',(#6603,#6604,#6612,#6618));
#6603 = ORIENTED_EDGE('',*,*,#6565,.T.);
#6604 = ORIENTED_EDGE('',*,*,#6605,.T.);
#6605 = EDGE_CURVE('',#6558,#6606,#6608,.T.);
#6606 = VERTEX_POINT('',#6607);
#6607 = CARTESIAN_POINT('',(60.15,-15.,0.7));
#6608 = LINE('',#6609,#6610);
#6609 = CARTESIAN_POINT('',(62.75,-15.,0.7));
#6610 = VECTOR('',#6611,1.);
#6611 = DIRECTION('',(-1.,-0.,-0.));
#6612 = ORIENTED_EDGE('',*,*,#6613,.F.);
#6613 = EDGE_CURVE('',#3202,#6606,#6614,.T.);
#6614 = LINE('',#6615,#6616);
#6615 = CARTESIAN_POINT('',(60.15,-15.,2.5));
#6616 = VECTOR('',#6617,1.);
#6617 = DIRECTION('',(0.,0.,-1.));
#6618 = ORIENTED_EDGE('',*,*,#3209,.F.);
#6619 = PLANE('',#6620);
#6620 = AXIS2_PLACEMENT_3D('',#6621,#6622,#6623);
#6621 = CARTESIAN_POINT('',(62.75,-15.,2.5));
#6622 = DIRECTION('',(-0.,-1.,-0.));
#6623 = DIRECTION('',(1.,0.,0.));
#6624 = ADVANCED_FACE('',(#6625),#6636,.F.);
#6625 = FACE_BOUND('',#6626,.T.);
#6626 = EDGE_LOOP('',(#6627,#6628,#6634,#6635));
#6627 = ORIENTED_EDGE('',*,*,#6613,.T.);
#6628 = ORIENTED_EDGE('',*,*,#6629,.T.);
#6629 = EDGE_CURVE('',#6606,#6581,#6630,.T.);
#6630 = LINE('',#6631,#6632);
#6631 = CARTESIAN_POINT('',(60.15,-15.,0.7));
#6632 = VECTOR('',#6633,1.);
#6633 = DIRECTION('',(0.,1.,0.));
#6634 = ORIENTED_EDGE('',*,*,#6580,.F.);
#6635 = ORIENTED_EDGE('',*,*,#3201,.F.);
#6636 = PLANE('',#6637);
#6637 = AXIS2_PLACEMENT_3D('',#6638,#6639,#6640);
#6638 = CARTESIAN_POINT('',(60.15,-15.,2.5));
#6639 = DIRECTION('',(-1.,-0.,-0.));
#6640 = DIRECTION('',(-0.,-1.,-0.));
#6641 = ADVANCED_FACE('',(#6642),#6667,.F.);
#6642 = FACE_BOUND('',#6643,.T.);
#6643 = EDGE_LOOP('',(#6644,#6652,#6660,#6666));
#6644 = ORIENTED_EDGE('',*,*,#6645,.T.);
#6645 = EDGE_CURVE('',#3218,#6646,#6648,.T.);
#6646 = VERTEX_POINT('',#6647);
#6647 = CARTESIAN_POINT('',(44.9,36.,0.7));
#6648 = LINE('',#6649,#6650);
#6649 = CARTESIAN_POINT('',(44.9,36.,2.5));
#6650 = VECTOR('',#6651,1.);
#6651 = DIRECTION('',(0.,0.,-1.));
#6652 = ORIENTED_EDGE('',*,*,#6653,.T.);
#6653 = EDGE_CURVE('',#6646,#6654,#6656,.T.);
#6654 = VERTEX_POINT('',#6655);
#6655 = CARTESIAN_POINT('',(44.9,-15.,0.7));
#6656 = LINE('',#6657,#6658);
#6657 = CARTESIAN_POINT('',(44.9,36.,0.7));
#6658 = VECTOR('',#6659,1.);
#6659 = DIRECTION('',(-0.,-1.,-0.));
#6660 = ORIENTED_EDGE('',*,*,#6661,.F.);
#6661 = EDGE_CURVE('',#3220,#6654,#6662,.T.);
#6662 = LINE('',#6663,#6664);
#6663 = CARTESIAN_POINT('',(44.9,-15.,2.5));
#6664 = VECTOR('',#6665,1.);
#6665 = DIRECTION('',(0.,0.,-1.));
#6666 = ORIENTED_EDGE('',*,*,#3217,.F.);
#6667 = PLANE('',#6668);
#6668 = AXIS2_PLACEMENT_3D('',#6669,#6670,#6671);
#6669 = CARTESIAN_POINT('',(44.9,36.,2.5));
#6670 = DIRECTION('',(1.,0.,0.));
#6671 = DIRECTION('',(0.,1.,0.));
#6672 = ADVANCED_FACE('',(#6673),#6691,.F.);
#6673 = FACE_BOUND('',#6674,.T.);
#6674 = EDGE_LOOP('',(#6675,#6683,#6689,#6690));
#6675 = ORIENTED_EDGE('',*,*,#6676,.T.);
#6676 = EDGE_CURVE('',#3228,#6677,#6679,.T.);
#6677 = VERTEX_POINT('',#6678);
#6678 = CARTESIAN_POINT('',(42.3,36.,0.7));
#6679 = LINE('',#6680,#6681);
#6680 = CARTESIAN_POINT('',(42.3,36.,2.5));
#6681 = VECTOR('',#6682,1.);
#6682 = DIRECTION('',(0.,0.,-1.));
#6683 = ORIENTED_EDGE('',*,*,#6684,.T.);
#6684 = EDGE_CURVE('',#6677,#6646,#6685,.T.);
#6685 = LINE('',#6686,#6687);
#6686 = CARTESIAN_POINT('',(42.3,36.,0.7));
#6687 = VECTOR('',#6688,1.);
#6688 = DIRECTION('',(1.,0.,0.));
#6689 = ORIENTED_EDGE('',*,*,#6645,.F.);
#6690 = ORIENTED_EDGE('',*,*,#3227,.F.);
#6691 = PLANE('',#6692);
#6692 = AXIS2_PLACEMENT_3D('',#6693,#6694,#6695);
#6693 = CARTESIAN_POINT('',(42.3,36.,2.5));
#6694 = DIRECTION('',(0.,1.,0.));
#6695 = DIRECTION('',(-1.,-0.,-0.));
#6696 = ADVANCED_FACE('',(#6697),#6715,.F.);
#6697 = FACE_BOUND('',#6698,.T.);
#6698 = EDGE_LOOP('',(#6699,#6700,#6708,#6714));
#6699 = ORIENTED_EDGE('',*,*,#6661,.T.);
#6700 = ORIENTED_EDGE('',*,*,#6701,.T.);
#6701 = EDGE_CURVE('',#6654,#6702,#6704,.T.);
#6702 = VERTEX_POINT('',#6703);
#6703 = CARTESIAN_POINT('',(42.3,-15.,0.7));
#6704 = LINE('',#6705,#6706);
#6705 = CARTESIAN_POINT('',(44.9,-15.,0.7));
#6706 = VECTOR('',#6707,1.);
#6707 = DIRECTION('',(-1.,-0.,-0.));
#6708 = ORIENTED_EDGE('',*,*,#6709,.F.);
#6709 = EDGE_CURVE('',#3236,#6702,#6710,.T.);
#6710 = LINE('',#6711,#6712);
#6711 = CARTESIAN_POINT('',(42.3,-15.,2.5));
#6712 = VECTOR('',#6713,1.);
#6713 = DIRECTION('',(0.,0.,-1.));
#6714 = ORIENTED_EDGE('',*,*,#3243,.F.);
#6715 = PLANE('',#6716);
#6716 = AXIS2_PLACEMENT_3D('',#6717,#6718,#6719);
#6717 = CARTESIAN_POINT('',(44.9,-15.,2.5));
#6718 = DIRECTION('',(-0.,-1.,-0.));
#6719 = DIRECTION('',(1.,0.,0.));
#6720 = ADVANCED_FACE('',(#6721),#6732,.F.);
#6721 = FACE_BOUND('',#6722,.T.);
#6722 = EDGE_LOOP('',(#6723,#6724,#6730,#6731));
#6723 = ORIENTED_EDGE('',*,*,#6709,.T.);
#6724 = ORIENTED_EDGE('',*,*,#6725,.T.);
#6725 = EDGE_CURVE('',#6702,#6677,#6726,.T.);
#6726 = LINE('',#6727,#6728);
#6727 = CARTESIAN_POINT('',(42.3,-15.,0.7));
#6728 = VECTOR('',#6729,1.);
#6729 = DIRECTION('',(0.,1.,0.));
#6730 = ORIENTED_EDGE('',*,*,#6676,.F.);
#6731 = ORIENTED_EDGE('',*,*,#3235,.F.);
#6732 = PLANE('',#6733);
#6733 = AXIS2_PLACEMENT_3D('',#6734,#6735,#6736);
#6734 = CARTESIAN_POINT('',(42.3,-15.,2.5));
#6735 = DIRECTION('',(-1.,-0.,-0.));
#6736 = DIRECTION('',(-0.,-1.,-0.));
#6737 = ADVANCED_FACE('',(#6738),#6757,.F.);
#6738 = FACE_BOUND('',#6739,.T.);
#6739 = EDGE_LOOP('',(#6740,#6748,#6755,#6756));
#6740 = ORIENTED_EDGE('',*,*,#6741,.T.);
#6741 = EDGE_CURVE('',#3252,#6742,#6744,.T.);
#6742 = VERTEX_POINT('',#6743);
#6743 = CARTESIAN_POINT('',(96.15,22.75,0.7));
#6744 = LINE('',#6745,#6746);
#6745 = CARTESIAN_POINT('',(96.15,22.75,2.5));
#6746 = VECTOR('',#6747,1.);
#6747 = DIRECTION('',(0.,0.,-1.));
#6748 = ORIENTED_EDGE('',*,*,#6749,.T.);
#6749 = EDGE_CURVE('',#6742,#6742,#6750,.T.);
#6750 = CIRCLE('',#6751,1.);
#6751 = AXIS2_PLACEMENT_3D('',#6752,#6753,#6754);
#6752 = CARTESIAN_POINT('',(97.15,22.75,0.7));
#6753 = DIRECTION('',(0.,0.,-1.));
#6754 = DIRECTION('',(-1.,-0.,-0.));
#6755 = ORIENTED_EDGE('',*,*,#6741,.F.);
#6756 = ORIENTED_EDGE('',*,*,#3251,.F.);
#6757 = CYLINDRICAL_SURFACE('',#6758,1.);
#6758 = AXIS2_PLACEMENT_3D('',#6759,#6760,#6761);
#6759 = CARTESIAN_POINT('',(97.15,22.75,2.5));
#6760 = DIRECTION('',(0.,0.,1.));
#6761 = DIRECTION('',(-1.,0.,0.));
#6762 = ADVANCED_FACE('',(#6763),#6782,.F.);
#6763 = FACE_BOUND('',#6764,.T.);
#6764 = EDGE_LOOP('',(#6765,#6773,#6780,#6781));
#6765 = ORIENTED_EDGE('',*,*,#6766,.T.);
#6766 = EDGE_CURVE('',#3263,#6767,#6769,.T.);
#6767 = VERTEX_POINT('',#6768);
#6768 = CARTESIAN_POINT('',(89.15,23.8,0.7));
#6769 = LINE('',#6770,#6771);
#6770 = CARTESIAN_POINT('',(89.15,23.8,2.5));
#6771 = VECTOR('',#6772,1.);
#6772 = DIRECTION('',(0.,0.,-1.));
#6773 = ORIENTED_EDGE('',*,*,#6774,.T.);
#6774 = EDGE_CURVE('',#6767,#6767,#6775,.T.);
#6775 = CIRCLE('',#6776,1.);
#6776 = AXIS2_PLACEMENT_3D('',#6777,#6778,#6779);
#6777 = CARTESIAN_POINT('',(90.15,23.8,0.7));
#6778 = DIRECTION('',(0.,0.,-1.));
#6779 = DIRECTION('',(-1.,-0.,-0.));
#6780 = ORIENTED_EDGE('',*,*,#6766,.F.);
#6781 = ORIENTED_EDGE('',*,*,#3262,.F.);
#6782 = CYLINDRICAL_SURFACE('',#6783,1.);
#6783 = AXIS2_PLACEMENT_3D('',#6784,#6785,#6786);
#6784 = CARTESIAN_POINT('',(90.15,23.8,2.5));
#6785 = DIRECTION('',(0.,0.,1.));
#6786 = DIRECTION('',(-1.,0.,0.));
#6787 = ADVANCED_FACE('',(#6788),#6807,.F.);
#6788 = FACE_BOUND('',#6789,.T.);
#6789 = EDGE_LOOP('',(#6790,#6798,#6805,#6806));
#6790 = ORIENTED_EDGE('',*,*,#6791,.T.);
#6791 = EDGE_CURVE('',#3274,#6792,#6794,.T.);
#6792 = VERTEX_POINT('',#6793);
#6793 = CARTESIAN_POINT('',(77.15,22.75,0.7));
#6794 = LINE('',#6795,#6796);
#6795 = CARTESIAN_POINT('',(77.15,22.75,2.5));
#6796 = VECTOR('',#6797,1.);
#6797 = DIRECTION('',(0.,0.,-1.));
#6798 = ORIENTED_EDGE('',*,*,#6799,.T.);
#6799 = EDGE_CURVE('',#6792,#6792,#6800,.T.);
#6800 = CIRCLE('',#6801,1.);
#6801 = AXIS2_PLACEMENT_3D('',#6802,#6803,#6804);
#6802 = CARTESIAN_POINT('',(78.15,22.75,0.7));
#6803 = DIRECTION('',(0.,0.,-1.));
#6804 = DIRECTION('',(-1.,-0.,-0.));
#6805 = ORIENTED_EDGE('',*,*,#6791,.F.);
#6806 = ORIENTED_EDGE('',*,*,#3273,.F.);
#6807 = CYLINDRICAL_SURFACE('',#6808,1.);
#6808 = AXIS2_PLACEMENT_3D('',#6809,#6810,#6811);
#6809 = CARTESIAN_POINT('',(78.15,22.75,2.5));
#6810 = DIRECTION('',(0.,0.,1.));
#6811 = DIRECTION('',(-1.,0.,0.));
#6812 = ADVANCED_FACE('',(#6813),#6832,.F.);
#6813 = FACE_BOUND('',#6814,.T.);
#6814 = EDGE_LOOP('',(#6815,#6823,#6830,#6831));
#6815 = ORIENTED_EDGE('',*,*,#6816,.T.);
#6816 = EDGE_CURVE('',#3285,#6817,#6819,.T.);
#6817 = VERTEX_POINT('',#6818);
#6818 = CARTESIAN_POINT('',(70.15,23.8,0.7));
#6819 = LINE('',#6820,#6821);
#6820 = CARTESIAN_POINT('',(70.15,23.8,2.5));
#6821 = VECTOR('',#6822,1.);
#6822 = DIRECTION('',(0.,0.,-1.));
#6823 = ORIENTED_EDGE('',*,*,#6824,.T.);
#6824 = EDGE_CURVE('',#6817,#6817,#6825,.T.);
#6825 = CIRCLE('',#6826,1.);
#6826 = AXIS2_PLACEMENT_3D('',#6827,#6828,#6829);
#6827 = CARTESIAN_POINT('',(71.15,23.8,0.7));
#6828 = DIRECTION('',(0.,0.,-1.));
#6829 = DIRECTION('',(-1.,-0.,-0.));
#6830 = ORIENTED_EDGE('',*,*,#6816,.F.);
#6831 = ORIENTED_EDGE('',*,*,#3284,.F.);
#6832 = CYLINDRICAL_SURFACE('',#6833,1.);
#6833 = AXIS2_PLACEMENT_3D('',#6834,#6835,#6836);
#6834 = CARTESIAN_POINT('',(71.15,23.8,2.5));
#6835 = DIRECTION('',(0.,0.,1.));
#6836 = DIRECTION('',(-1.,0.,0.));
#6837 = ADVANCED_FACE('',(#6838),#6857,.F.);
#6838 = FACE_BOUND('',#6839,.T.);
#6839 = EDGE_LOOP('',(#6840,#6848,#6855,#6856));
#6840 = ORIENTED_EDGE('',*,*,#6841,.T.);
#6841 = EDGE_CURVE('',#3296,#6842,#6844,.T.);
#6842 = VERTEX_POINT('',#6843);
#6843 = CARTESIAN_POINT('',(91.85,28.5,0.7));
#6844 = LINE('',#6845,#6846);
#6845 = CARTESIAN_POINT('',(91.85,28.5,2.5));
#6846 = VECTOR('',#6847,1.);
#6847 = DIRECTION('',(0.,0.,-1.));
#6848 = ORIENTED_EDGE('',*,*,#6849,.T.);
#6849 = EDGE_CURVE('',#6842,#6842,#6850,.T.);
#6850 = CIRCLE('',#6851,2.7);
#6851 = AXIS2_PLACEMENT_3D('',#6852,#6853,#6854);
#6852 = CARTESIAN_POINT('',(94.55,28.5,0.7));
#6853 = DIRECTION('',(0.,0.,-1.));
#6854 = DIRECTION('',(-1.,-0.,-0.));
#6855 = ORIENTED_EDGE('',*,*,#6841,.F.);
#6856 = ORIENTED_EDGE('',*,*,#3295,.F.);
#6857 = CYLINDRICAL_SURFACE('',#6858,2.7);
#6858 = AXIS2_PLACEMENT_3D('',#6859,#6860,#6861);
#6859 = CARTESIAN_POINT('',(94.55,28.5,2.5));
#6860 = DIRECTION('',(0.,0.,1.));
#6861 = DIRECTION('',(-1.,0.,0.));
#6862 = ADVANCED_FACE('',(#6863),#6888,.F.);
#6863 = FACE_BOUND('',#6864,.T.);
#6864 = EDGE_LOOP('',(#6865,#6873,#6881,#6887));
#6865 = ORIENTED_EDGE('',*,*,#6866,.T.);
#6866 = EDGE_CURVE('',#3307,#6867,#6869,.T.);
#6867 = VERTEX_POINT('',#6868);
#6868 = CARTESIAN_POINT('',(97.25,35.55,0.7));
#6869 = LINE('',#6870,#6871);
#6870 = CARTESIAN_POINT('',(97.25,35.55,2.5));
#6871 = VECTOR('',#6872,1.);
#6872 = DIRECTION('',(0.,0.,-1.));
#6873 = ORIENTED_EDGE('',*,*,#6874,.T.);
#6874 = EDGE_CURVE('',#6867,#6875,#6877,.T.);
#6875 = VERTEX_POINT('',#6876);
#6876 = CARTESIAN_POINT('',(97.25,31.75,0.7));
#6877 = LINE('',#6878,#6879);
#6878 = CARTESIAN_POINT('',(97.25,35.55,0.7));
#6879 = VECTOR('',#6880,1.);
#6880 = DIRECTION('',(-0.,-1.,-0.));
#6881 = ORIENTED_EDGE('',*,*,#6882,.F.);
#6882 = EDGE_CURVE('',#3309,#6875,#6883,.T.);
#6883 = LINE('',#6884,#6885);
#6884 = CARTESIAN_POINT('',(97.25,31.75,2.5));
#6885 = VECTOR('',#6886,1.);
#6886 = DIRECTION('',(0.,0.,-1.));
#6887 = ORIENTED_EDGE('',*,*,#3306,.F.);
#6888 = PLANE('',#6889);
#6889 = AXIS2_PLACEMENT_3D('',#6890,#6891,#6892);
#6890 = CARTESIAN_POINT('',(97.25,35.55,2.5));
#6891 = DIRECTION('',(1.,0.,0.));
#6892 = DIRECTION('',(0.,1.,0.));
#6893 = ADVANCED_FACE('',(#6894),#6912,.F.);
#6894 = FACE_BOUND('',#6895,.T.);
#6895 = EDGE_LOOP('',(#6896,#6904,#6910,#6911));
#6896 = ORIENTED_EDGE('',*,*,#6897,.T.);
#6897 = EDGE_CURVE('',#3317,#6898,#6900,.T.);
#6898 = VERTEX_POINT('',#6899);
#6899 = CARTESIAN_POINT('',(90.25,35.55,0.7));
#6900 = LINE('',#6901,#6902);
#6901 = CARTESIAN_POINT('',(90.25,35.55,2.5));
#6902 = VECTOR('',#6903,1.);
#6903 = DIRECTION('',(0.,0.,-1.));
#6904 = ORIENTED_EDGE('',*,*,#6905,.T.);
#6905 = EDGE_CURVE('',#6898,#6867,#6906,.T.);
#6906 = LINE('',#6907,#6908);
#6907 = CARTESIAN_POINT('',(90.25,35.55,0.7));
#6908 = VECTOR('',#6909,1.);
#6909 = DIRECTION('',(1.,0.,0.));
#6910 = ORIENTED_EDGE('',*,*,#6866,.F.);
#6911 = ORIENTED_EDGE('',*,*,#3316,.F.);
#6912 = PLANE('',#6913);
#6913 = AXIS2_PLACEMENT_3D('',#6914,#6915,#6916);
#6914 = CARTESIAN_POINT('',(90.25,35.55,2.5));
#6915 = DIRECTION('',(0.,1.,0.));
#6916 = DIRECTION('',(-1.,-0.,-0.));
#6917 = ADVANCED_FACE('',(#6918),#6936,.F.);
#6918 = FACE_BOUND('',#6919,.T.);
#6919 = EDGE_LOOP('',(#6920,#6921,#6929,#6935));
#6920 = ORIENTED_EDGE('',*,*,#6882,.T.);
#6921 = ORIENTED_EDGE('',*,*,#6922,.T.);
#6922 = EDGE_CURVE('',#6875,#6923,#6925,.T.);
#6923 = VERTEX_POINT('',#6924);
#6924 = CARTESIAN_POINT('',(90.25,31.75,0.7));
#6925 = LINE('',#6926,#6927);
#6926 = CARTESIAN_POINT('',(97.25,31.75,0.7));
#6927 = VECTOR('',#6928,1.);
#6928 = DIRECTION('',(-1.,-0.,-0.));
#6929 = ORIENTED_EDGE('',*,*,#6930,.F.);
#6930 = EDGE_CURVE('',#3325,#6923,#6931,.T.);
#6931 = LINE('',#6932,#6933);
#6932 = CARTESIAN_POINT('',(90.25,31.75,2.5));
#6933 = VECTOR('',#6934,1.);
#6934 = DIRECTION('',(0.,0.,-1.));
#6935 = ORIENTED_EDGE('',*,*,#3332,.F.);
#6936 = PLANE('',#6937);
#6937 = AXIS2_PLACEMENT_3D('',#6938,#6939,#6940);
#6938 = CARTESIAN_POINT('',(97.25,31.75,2.5));
#6939 = DIRECTION('',(-0.,-1.,-0.));
#6940 = DIRECTION('',(1.,0.,0.));
#6941 = ADVANCED_FACE('',(#6942),#6953,.F.);
#6942 = FACE_BOUND('',#6943,.T.);
#6943 = EDGE_LOOP('',(#6944,#6945,#6951,#6952));
#6944 = ORIENTED_EDGE('',*,*,#6930,.T.);
#6945 = ORIENTED_EDGE('',*,*,#6946,.T.);
#6946 = EDGE_CURVE('',#6923,#6898,#6947,.T.);
#6947 = LINE('',#6948,#6949);
#6948 = CARTESIAN_POINT('',(90.25,31.75,0.7));
#6949 = VECTOR('',#6950,1.);
#6950 = DIRECTION('',(0.,1.,0.));
#6951 = ORIENTED_EDGE('',*,*,#6897,.F.);
#6952 = ORIENTED_EDGE('',*,*,#3324,.F.);
#6953 = PLANE('',#6954);
#6954 = AXIS2_PLACEMENT_3D('',#6955,#6956,#6957);
#6955 = CARTESIAN_POINT('',(90.25,31.75,2.5));
#6956 = DIRECTION('',(-1.,-0.,-0.));
#6957 = DIRECTION('',(-0.,-1.,-0.));
#6958 = ADVANCED_FACE('',(#6959),#6978,.F.);
#6959 = FACE_BOUND('',#6960,.T.);
#6960 = EDGE_LOOP('',(#6961,#6969,#6976,#6977));
#6961 = ORIENTED_EDGE('',*,*,#6962,.T.);
#6962 = EDGE_CURVE('',#3341,#6963,#6965,.T.);
#6963 = VERTEX_POINT('',#6964);
#6964 = CARTESIAN_POINT('',(72.85,28.5,0.7));
#6965 = LINE('',#6966,#6967);
#6966 = CARTESIAN_POINT('',(72.85,28.5,2.5));
#6967 = VECTOR('',#6968,1.);
#6968 = DIRECTION('',(0.,0.,-1.));
#6969 = ORIENTED_EDGE('',*,*,#6970,.T.);
#6970 = EDGE_CURVE('',#6963,#6963,#6971,.T.);
#6971 = CIRCLE('',#6972,2.7);
#6972 = AXIS2_PLACEMENT_3D('',#6973,#6974,#6975);
#6973 = CARTESIAN_POINT('',(75.55,28.5,0.7));
#6974 = DIRECTION('',(0.,0.,-1.));
#6975 = DIRECTION('',(-1.,-0.,-0.));
#6976 = ORIENTED_EDGE('',*,*,#6962,.F.);
#6977 = ORIENTED_EDGE('',*,*,#3340,.F.);
#6978 = CYLINDRICAL_SURFACE('',#6979,2.7);
#6979 = AXIS2_PLACEMENT_3D('',#6980,#6981,#6982);
#6980 = CARTESIAN_POINT('',(75.55,28.5,2.5));
#6981 = DIRECTION('',(0.,0.,1.));
#6982 = DIRECTION('',(-1.,0.,0.));
#6983 = ADVANCED_FACE('',(#6984),#7009,.F.);
#6984 = FACE_BOUND('',#6985,.T.);
#6985 = EDGE_LOOP('',(#6986,#6994,#7002,#7008));
#6986 = ORIENTED_EDGE('',*,*,#6987,.T.);
#6987 = EDGE_CURVE('',#3352,#6988,#6990,.T.);
#6988 = VERTEX_POINT('',#6989);
#6989 = CARTESIAN_POINT('',(78.25,35.55,0.7));
#6990 = LINE('',#6991,#6992);
#6991 = CARTESIAN_POINT('',(78.25,35.55,2.5));
#6992 = VECTOR('',#6993,1.);
#6993 = DIRECTION('',(0.,0.,-1.));
#6994 = ORIENTED_EDGE('',*,*,#6995,.T.);
#6995 = EDGE_CURVE('',#6988,#6996,#6998,.T.);
#6996 = VERTEX_POINT('',#6997);
#6997 = CARTESIAN_POINT('',(78.25,31.75,0.7));
#6998 = LINE('',#6999,#7000);
#6999 = CARTESIAN_POINT('',(78.25,35.55,0.7));
#7000 = VECTOR('',#7001,1.);
#7001 = DIRECTION('',(-0.,-1.,-0.));
#7002 = ORIENTED_EDGE('',*,*,#7003,.F.);
#7003 = EDGE_CURVE('',#3354,#6996,#7004,.T.);
#7004 = LINE('',#7005,#7006);
#7005 = CARTESIAN_POINT('',(78.25,31.75,2.5));
#7006 = VECTOR('',#7007,1.);
#7007 = DIRECTION('',(0.,0.,-1.));
#7008 = ORIENTED_EDGE('',*,*,#3351,.F.);
#7009 = PLANE('',#7010);
#7010 = AXIS2_PLACEMENT_3D('',#7011,#7012,#7013);
#7011 = CARTESIAN_POINT('',(78.25,35.55,2.5));
#7012 = DIRECTION('',(1.,0.,0.));
#7013 = DIRECTION('',(0.,1.,0.));
#7014 = ADVANCED_FACE('',(#7015),#7033,.F.);
#7015 = FACE_BOUND('',#7016,.T.);
#7016 = EDGE_LOOP('',(#7017,#7025,#7031,#7032));
#7017 = ORIENTED_EDGE('',*,*,#7018,.T.);
#7018 = EDGE_CURVE('',#3362,#7019,#7021,.T.);
#7019 = VERTEX_POINT('',#7020);
#7020 = CARTESIAN_POINT('',(71.25,35.55,0.7));
#7021 = LINE('',#7022,#7023);
#7022 = CARTESIAN_POINT('',(71.25,35.55,2.5));
#7023 = VECTOR('',#7024,1.);
#7024 = DIRECTION('',(0.,0.,-1.));
#7025 = ORIENTED_EDGE('',*,*,#7026,.T.);
#7026 = EDGE_CURVE('',#7019,#6988,#7027,.T.);
#7027 = LINE('',#7028,#7029);
#7028 = CARTESIAN_POINT('',(71.25,35.55,0.7));
#7029 = VECTOR('',#7030,1.);
#7030 = DIRECTION('',(1.,0.,0.));
#7031 = ORIENTED_EDGE('',*,*,#6987,.F.);
#7032 = ORIENTED_EDGE('',*,*,#3361,.F.);
#7033 = PLANE('',#7034);
#7034 = AXIS2_PLACEMENT_3D('',#7035,#7036,#7037);
#7035 = CARTESIAN_POINT('',(71.25,35.55,2.5));
#7036 = DIRECTION('',(0.,1.,0.));
#7037 = DIRECTION('',(-1.,-0.,-0.));
#7038 = ADVANCED_FACE('',(#7039),#7057,.F.);
#7039 = FACE_BOUND('',#7040,.T.);
#7040 = EDGE_LOOP('',(#7041,#7042,#7050,#7056));
#7041 = ORIENTED_EDGE('',*,*,#7003,.T.);
#7042 = ORIENTED_EDGE('',*,*,#7043,.T.);
#7043 = EDGE_CURVE('',#6996,#7044,#7046,.T.);
#7044 = VERTEX_POINT('',#7045);
#7045 = CARTESIAN_POINT('',(71.25,31.75,0.7));
#7046 = LINE('',#7047,#7048);
#7047 = CARTESIAN_POINT('',(78.25,31.75,0.7));
#7048 = VECTOR('',#7049,1.);
#7049 = DIRECTION('',(-1.,-0.,-0.));
#7050 = ORIENTED_EDGE('',*,*,#7051,.F.);
#7051 = EDGE_CURVE('',#3370,#7044,#7052,.T.);
#7052 = LINE('',#7053,#7054);
#7053 = CARTESIAN_POINT('',(71.25,31.75,2.5));
#7054 = VECTOR('',#7055,1.);
#7055 = DIRECTION('',(0.,0.,-1.));
#7056 = ORIENTED_EDGE('',*,*,#3377,.F.);
#7057 = PLANE('',#7058);
#7058 = AXIS2_PLACEMENT_3D('',#7059,#7060,#7061);
#7059 = CARTESIAN_POINT('',(78.25,31.75,2.5));
#7060 = DIRECTION('',(-0.,-1.,-0.));
#7061 = DIRECTION('',(1.,0.,0.));
#7062 = ADVANCED_FACE('',(#7063),#7074,.F.);
#7063 = FACE_BOUND('',#7064,.T.);
#7064 = EDGE_LOOP('',(#7065,#7066,#7072,#7073));
#7065 = ORIENTED_EDGE('',*,*,#7051,.T.);
#7066 = ORIENTED_EDGE('',*,*,#7067,.T.);
#7067 = EDGE_CURVE('',#7044,#7019,#7068,.T.);
#7068 = LINE('',#7069,#7070);
#7069 = CARTESIAN_POINT('',(71.25,31.75,0.7));
#7070 = VECTOR('',#7071,1.);
#7071 = DIRECTION('',(0.,1.,0.));
#7072 = ORIENTED_EDGE('',*,*,#7018,.F.);
#7073 = ORIENTED_EDGE('',*,*,#3369,.F.);
#7074 = PLANE('',#7075);
#7075 = AXIS2_PLACEMENT_3D('',#7076,#7077,#7078);
#7076 = CARTESIAN_POINT('',(71.25,31.75,2.5));
#7077 = DIRECTION('',(-1.,-0.,-0.));
#7078 = DIRECTION('',(-0.,-1.,-0.));
#7079 = ADVANCED_FACE('',(#7080),#7086,.T.);
#7080 = FACE_BOUND('',#7081,.F.);
#7081 = EDGE_LOOP('',(#7082,#7083,#7084,#7085));
#7082 = ORIENTED_EDGE('',*,*,#3416,.T.);
#7083 = ORIENTED_EDGE('',*,*,#3464,.T.);
#7084 = ORIENTED_EDGE('',*,*,#3488,.T.);
#7085 = ORIENTED_EDGE('',*,*,#3447,.T.);
#7086 = PLANE('',#7087);
#7087 = AXIS2_PLACEMENT_3D('',#7088,#7089,#7090);
#7088 = CARTESIAN_POINT('',(129.65029761904,-26.03630952381,0.7));
#7089 = DIRECTION('',(0.,0.,1.));
#7090 = DIRECTION('',(1.,0.,0.));
#7091 = ADVANCED_FACE('',(#7092),#7098,.T.);
#7092 = FACE_BOUND('',#7093,.F.);
#7093 = EDGE_LOOP('',(#7094,#7095,#7096,#7097));
#7094 = ORIENTED_EDGE('',*,*,#3512,.T.);
#7095 = ORIENTED_EDGE('',*,*,#3560,.T.);
#7096 = ORIENTED_EDGE('',*,*,#3584,.T.);
#7097 = ORIENTED_EDGE('',*,*,#3543,.T.);
#7098 = PLANE('',#7099);
#7099 = AXIS2_PLACEMENT_3D('',#7100,#7101,#7102);
#7100 = CARTESIAN_POINT('',(129.65029761904,-26.03630952381,0.7));
#7101 = DIRECTION('',(0.,0.,1.));
#7102 = DIRECTION('',(1.,0.,0.));
#7103 = ADVANCED_FACE('',(#7104),#7110,.T.);
#7104 = FACE_BOUND('',#7105,.F.);
#7105 = EDGE_LOOP('',(#7106,#7107,#7108,#7109));
#7106 = ORIENTED_EDGE('',*,*,#3608,.T.);
#7107 = ORIENTED_EDGE('',*,*,#3656,.T.);
#7108 = ORIENTED_EDGE('',*,*,#3680,.T.);
#7109 = ORIENTED_EDGE('',*,*,#3639,.T.);
#7110 = PLANE('',#7111);
#7111 = AXIS2_PLACEMENT_3D('',#7112,#7113,#7114);
#7112 = CARTESIAN_POINT('',(129.65029761904,-26.03630952381,0.7));
#7113 = DIRECTION('',(0.,0.,1.));
#7114 = DIRECTION('',(1.,0.,0.));
#7115 = ADVANCED_FACE('',(#7116),#7122,.T.);
#7116 = FACE_BOUND('',#7117,.F.);
#7117 = EDGE_LOOP('',(#7118,#7119,#7120,#7121));
#7118 = ORIENTED_EDGE('',*,*,#3704,.T.);
#7119 = ORIENTED_EDGE('',*,*,#3752,.T.);
#7120 = ORIENTED_EDGE('',*,*,#3776,.T.);
#7121 = ORIENTED_EDGE('',*,*,#3735,.T.);
#7122 = PLANE('',#7123);
#7123 = AXIS2_PLACEMENT_3D('',#7124,#7125,#7126);
#7124 = CARTESIAN_POINT('',(129.65029761904,-26.03630952381,0.7));
#7125 = DIRECTION('',(0.,0.,1.));
#7126 = DIRECTION('',(1.,0.,0.));
#7127 = ADVANCED_FACE('',(#7128),#7131,.T.);
#7128 = FACE_BOUND('',#7129,.F.);
#7129 = EDGE_LOOP('',(#7130));
#7130 = ORIENTED_EDGE('',*,*,#3800,.T.);
#7131 = PLANE('',#7132);
#7132 = AXIS2_PLACEMENT_3D('',#7133,#7134,#7135);
#7133 = CARTESIAN_POINT('',(109.61835466577,6.266652880531,0.7));
#7134 = DIRECTION('',(0.,0.,1.));
#7135 = DIRECTION('',(1.,0.,0.));
#7136 = ADVANCED_FACE('',(#7137),#7140,.T.);
#7137 = FACE_BOUND('',#7138,.F.);
#7138 = EDGE_LOOP('',(#7139));
#7139 = ORIENTED_EDGE('',*,*,#3825,.T.);
#7140 = PLANE('',#7141);
#7141 = AXIS2_PLACEMENT_3D('',#7142,#7143,#7144);
#7142 = CARTESIAN_POINT('',(109.61835466577,6.266652880531,0.7));
#7143 = DIRECTION('',(0.,0.,1.));
#7144 = DIRECTION('',(1.,0.,0.));
#7145 = ADVANCED_FACE('',(#7146),#7149,.T.);
#7146 = FACE_BOUND('',#7147,.F.);
#7147 = EDGE_LOOP('',(#7148));
#7148 = ORIENTED_EDGE('',*,*,#3850,.T.);
#7149 = PLANE('',#7150);
#7150 = AXIS2_PLACEMENT_3D('',#7151,#7152,#7153);
#7151 = CARTESIAN_POINT('',(109.61835466577,6.266652880531,0.7));
#7152 = DIRECTION('',(0.,0.,1.));
#7153 = DIRECTION('',(1.,0.,0.));
#7154 = ADVANCED_FACE('',(#7155),#7158,.T.);
#7155 = FACE_BOUND('',#7156,.F.);
#7156 = EDGE_LOOP('',(#7157));
#7157 = ORIENTED_EDGE('',*,*,#3875,.T.);
#7158 = PLANE('',#7159);
#7159 = AXIS2_PLACEMENT_3D('',#7160,#7161,#7162);
#7160 = CARTESIAN_POINT('',(109.61835466577,6.266652880531,0.7));
#7161 = DIRECTION('',(0.,0.,1.));
#7162 = DIRECTION('',(1.,0.,0.));
#7163 = ADVANCED_FACE('',(#7164),#7170,.T.);
#7164 = FACE_BOUND('',#7165,.F.);
#7165 = EDGE_LOOP('',(#7166,#7167,#7168,#7169));
#7166 = ORIENTED_EDGE('',*,*,#3900,.T.);
#7167 = ORIENTED_EDGE('',*,*,#3948,.T.);
#7168 = ORIENTED_EDGE('',*,*,#3972,.T.);
#7169 = ORIENTED_EDGE('',*,*,#3931,.T.);
#7170 = PLANE('',#7171);
#7171 = AXIS2_PLACEMENT_3D('',#7172,#7173,#7174);
#7172 = CARTESIAN_POINT('',(109.61835466577,6.266652880531,0.7));
#7173 = DIRECTION('',(0.,0.,1.));
#7174 = DIRECTION('',(1.,0.,0.));
#7175 = ADVANCED_FACE('',(#7176),#7179,.T.);
#7176 = FACE_BOUND('',#7177,.F.);
#7177 = EDGE_LOOP('',(#7178));
#7178 = ORIENTED_EDGE('',*,*,#3996,.T.);
#7179 = PLANE('',#7180);
#7180 = AXIS2_PLACEMENT_3D('',#7181,#7182,#7183);
#7181 = CARTESIAN_POINT('',(109.61835466577,6.266652880531,0.7));
#7182 = DIRECTION('',(0.,0.,1.));
#7183 = DIRECTION('',(1.,0.,0.));
#7184 = ADVANCED_FACE('',(#7185),#7191,.T.);
#7185 = FACE_BOUND('',#7186,.F.);
#7186 = EDGE_LOOP('',(#7187,#7188,#7189,#7190));
#7187 = ORIENTED_EDGE('',*,*,#4021,.T.);
#7188 = ORIENTED_EDGE('',*,*,#4069,.T.);
#7189 = ORIENTED_EDGE('',*,*,#4093,.T.);
#7190 = ORIENTED_EDGE('',*,*,#4052,.T.);
#7191 = PLANE('',#7192);
#7192 = AXIS2_PLACEMENT_3D('',#7193,#7194,#7195);
#7193 = CARTESIAN_POINT('',(109.61835466577,6.266652880531,0.7));
#7194 = DIRECTION('',(0.,0.,1.));
#7195 = DIRECTION('',(1.,0.,0.));
#7196 = ADVANCED_FACE('',(#7197),#7200,.T.);
#7197 = FACE_BOUND('',#7198,.F.);
#7198 = EDGE_LOOP('',(#7199));
#7199 = ORIENTED_EDGE('',*,*,#4117,.T.);
#7200 = PLANE('',#7201);
#7201 = AXIS2_PLACEMENT_3D('',#7202,#7203,#7204);
#7202 = CARTESIAN_POINT('',(109.61835466577,6.266652880531,0.7));
#7203 = DIRECTION('',(0.,0.,1.));
#7204 = DIRECTION('',(1.,0.,0.));
#7205 = ADVANCED_FACE('',(#7206),#7209,.T.);
#7206 = FACE_BOUND('',#7207,.F.);
#7207 = EDGE_LOOP('',(#7208));
#7208 = ORIENTED_EDGE('',*,*,#4142,.T.);
#7209 = PLANE('',#7210);
#7210 = AXIS2_PLACEMENT_3D('',#7211,#7212,#7213);
#7211 = CARTESIAN_POINT('',(109.61835466577,6.266652880531,0.7));
#7212 = DIRECTION('',(0.,0.,1.));
#7213 = DIRECTION('',(1.,0.,0.));
#7214 = ADVANCED_FACE('',(#7215),#7218,.T.);
#7215 = FACE_BOUND('',#7216,.F.);
#7216 = EDGE_LOOP('',(#7217));
#7217 = ORIENTED_EDGE('',*,*,#4167,.T.);
#7218 = PLANE('',#7219);
#7219 = AXIS2_PLACEMENT_3D('',#7220,#7221,#7222);
#7220 = CARTESIAN_POINT('',(109.61835466577,6.266652880531,0.7));
#7221 = DIRECTION('',(0.,0.,1.));
#7222 = DIRECTION('',(1.,0.,0.));
#7223 = ADVANCED_FACE('',(#7224),#7227,.T.);
#7224 = FACE_BOUND('',#7225,.F.);
#7225 = EDGE_LOOP('',(#7226));
#7226 = ORIENTED_EDGE('',*,*,#4192,.T.);
#7227 = PLANE('',#7228);
#7228 = AXIS2_PLACEMENT_3D('',#7229,#7230,#7231);
#7229 = CARTESIAN_POINT('',(109.61835466577,6.266652880531,0.7));
#7230 = DIRECTION('',(0.,0.,1.));
#7231 = DIRECTION('',(1.,0.,0.));
#7232 = ADVANCED_FACE('',(#7233),#7239,.T.);
#7233 = FACE_BOUND('',#7234,.F.);
#7234 = EDGE_LOOP('',(#7235,#7236,#7237,#7238));
#7235 = ORIENTED_EDGE('',*,*,#4217,.T.);
#7236 = ORIENTED_EDGE('',*,*,#4265,.T.);
#7237 = ORIENTED_EDGE('',*,*,#4289,.T.);
#7238 = ORIENTED_EDGE('',*,*,#4248,.T.);
#7239 = PLANE('',#7240);
#7240 = AXIS2_PLACEMENT_3D('',#7241,#7242,#7243);
#7241 = CARTESIAN_POINT('',(109.61835466577,6.266652880531,0.7));
#7242 = DIRECTION('',(0.,0.,1.));
#7243 = DIRECTION('',(1.,0.,0.));
#7244 = ADVANCED_FACE('',(#7245),#7248,.T.);
#7245 = FACE_BOUND('',#7246,.F.);
#7246 = EDGE_LOOP('',(#7247));
#7247 = ORIENTED_EDGE('',*,*,#4313,.T.);
#7248 = PLANE('',#7249);
#7249 = AXIS2_PLACEMENT_3D('',#7250,#7251,#7252);
#7250 = CARTESIAN_POINT('',(109.61835466577,6.266652880531,0.7));
#7251 = DIRECTION('',(0.,0.,1.));
#7252 = DIRECTION('',(1.,0.,0.));
#7253 = ADVANCED_FACE('',(#7254),#7257,.T.);
#7254 = FACE_BOUND('',#7255,.F.);
#7255 = EDGE_LOOP('',(#7256));
#7256 = ORIENTED_EDGE('',*,*,#4338,.T.);
#7257 = PLANE('',#7258);
#7258 = AXIS2_PLACEMENT_3D('',#7259,#7260,#7261);
#7259 = CARTESIAN_POINT('',(109.61835466577,6.266652880531,0.7));
#7260 = DIRECTION('',(0.,0.,1.));
#7261 = DIRECTION('',(1.,0.,0.));
#7262 = ADVANCED_FACE('',(#7263),#7266,.T.);
#7263 = FACE_BOUND('',#7264,.F.);
#7264 = EDGE_LOOP('',(#7265));
#7265 = ORIENTED_EDGE('',*,*,#4363,.T.);
#7266 = PLANE('',#7267);
#7267 = AXIS2_PLACEMENT_3D('',#7268,#7269,#7270);
#7268 = CARTESIAN_POINT('',(109.61835466577,6.266652880531,0.7));
#7269 = DIRECTION('',(0.,0.,1.));
#7270 = DIRECTION('',(1.,0.,0.));
#7271 = ADVANCED_FACE('',(#7272),#7275,.T.);
#7272 = FACE_BOUND('',#7273,.F.);
#7273 = EDGE_LOOP('',(#7274));
#7274 = ORIENTED_EDGE('',*,*,#4388,.T.);
#7275 = PLANE('',#7276);
#7276 = AXIS2_PLACEMENT_3D('',#7277,#7278,#7279);
#7277 = CARTESIAN_POINT('',(109.61835466577,6.266652880531,0.7));
#7278 = DIRECTION('',(0.,0.,1.));
#7279 = DIRECTION('',(1.,0.,0.));
#7280 = ADVANCED_FACE('',(#7281),#7284,.T.);
#7281 = FACE_BOUND('',#7282,.F.);
#7282 = EDGE_LOOP('',(#7283));
#7283 = ORIENTED_EDGE('',*,*,#4413,.T.);
#7284 = PLANE('',#7285);
#7285 = AXIS2_PLACEMENT_3D('',#7286,#7287,#7288);
#7286 = CARTESIAN_POINT('',(109.61835466577,6.266652880531,0.7));
#7287 = DIRECTION('',(0.,0.,1.));
#7288 = DIRECTION('',(1.,0.,0.));
#7289 = ADVANCED_FACE('',(#7290),#7293,.T.);
#7290 = FACE_BOUND('',#7291,.F.);
#7291 = EDGE_LOOP('',(#7292));
#7292 = ORIENTED_EDGE('',*,*,#4438,.T.);
#7293 = PLANE('',#7294);
#7294 = AXIS2_PLACEMENT_3D('',#7295,#7296,#7297);
#7295 = CARTESIAN_POINT('',(109.61835466577,6.266652880531,0.7));
#7296 = DIRECTION('',(0.,0.,1.));
#7297 = DIRECTION('',(1.,0.,0.));
#7298 = ADVANCED_FACE('',(#7299),#7305,.T.);
#7299 = FACE_BOUND('',#7300,.F.);
#7300 = EDGE_LOOP('',(#7301,#7302,#7303,#7304));
#7301 = ORIENTED_EDGE('',*,*,#4463,.T.);
#7302 = ORIENTED_EDGE('',*,*,#4511,.T.);
#7303 = ORIENTED_EDGE('',*,*,#4535,.T.);
#7304 = ORIENTED_EDGE('',*,*,#4494,.T.);
#7305 = PLANE('',#7306);
#7306 = AXIS2_PLACEMENT_3D('',#7307,#7308,#7309);
#7307 = CARTESIAN_POINT('',(109.61835466577,6.266652880531,0.7));
#7308 = DIRECTION('',(0.,0.,1.));
#7309 = DIRECTION('',(1.,0.,0.));
#7310 = ADVANCED_FACE('',(#7311),#7317,.T.);
#7311 = FACE_BOUND('',#7312,.F.);
#7312 = EDGE_LOOP('',(#7313,#7314,#7315,#7316));
#7313 = ORIENTED_EDGE('',*,*,#4559,.T.);
#7314 = ORIENTED_EDGE('',*,*,#4607,.T.);
#7315 = ORIENTED_EDGE('',*,*,#4631,.T.);
#7316 = ORIENTED_EDGE('',*,*,#4590,.T.);
#7317 = PLANE('',#7318);
#7318 = AXIS2_PLACEMENT_3D('',#7319,#7320,#7321);
#7319 = CARTESIAN_POINT('',(109.61835466577,6.266652880531,0.7));
#7320 = DIRECTION('',(0.,0.,1.));
#7321 = DIRECTION('',(1.,0.,0.));
#7322 = ADVANCED_FACE('',(#7323),#7329,.T.);
#7323 = FACE_BOUND('',#7324,.F.);
#7324 = EDGE_LOOP('',(#7325,#7326,#7327,#7328));
#7325 = ORIENTED_EDGE('',*,*,#4655,.T.);
#7326 = ORIENTED_EDGE('',*,*,#4679,.T.);
#7327 = ORIENTED_EDGE('',*,*,#4703,.T.);
#7328 = ORIENTED_EDGE('',*,*,#4727,.T.);
#7329 = PLANE('',#7330);
#7330 = AXIS2_PLACEMENT_3D('',#7331,#7332,#7333);
#7331 = CARTESIAN_POINT('',(45.625,-32.375,0.7));
#7332 = DIRECTION('',(0.,0.,1.));
#7333 = DIRECTION('',(1.,0.,0.));
#7334 = ADVANCED_FACE('',(#7335),#7341,.T.);
#7335 = FACE_BOUND('',#7336,.F.);
#7336 = EDGE_LOOP('',(#7337,#7338,#7339,#7340));
#7337 = ORIENTED_EDGE('',*,*,#4751,.T.);
#7338 = ORIENTED_EDGE('',*,*,#4799,.T.);
#7339 = ORIENTED_EDGE('',*,*,#4823,.T.);
#7340 = ORIENTED_EDGE('',*,*,#4782,.T.);
#7341 = PLANE('',#7342);
#7342 = AXIS2_PLACEMENT_3D('',#7343,#7344,#7345);
#7343 = CARTESIAN_POINT('',(52.522370617696,7.365776293823,0.7));
#7344 = DIRECTION('',(0.,0.,1.));
#7345 = DIRECTION('',(1.,0.,0.));
#7346 = ADVANCED_FACE('',(#7347),#7350,.T.);
#7347 = FACE_BOUND('',#7348,.F.);
#7348 = EDGE_LOOP('',(#7349));
#7349 = ORIENTED_EDGE('',*,*,#4847,.T.);
#7350 = PLANE('',#7351);
#7351 = AXIS2_PLACEMENT_3D('',#7352,#7353,#7354);
#7352 = CARTESIAN_POINT('',(109.61835466577,6.266652880531,0.7));
#7353 = DIRECTION('',(0.,0.,1.));
#7354 = DIRECTION('',(1.,0.,0.));
#7355 = ADVANCED_FACE('',(#7356),#7359,.T.);
#7356 = FACE_BOUND('',#7357,.F.);
#7357 = EDGE_LOOP('',(#7358));
#7358 = ORIENTED_EDGE('',*,*,#4872,.T.);
#7359 = PLANE('',#7360);
#7360 = AXIS2_PLACEMENT_3D('',#7361,#7362,#7363);
#7361 = CARTESIAN_POINT('',(109.61835466577,6.266652880531,0.7));
#7362 = DIRECTION('',(0.,0.,1.));
#7363 = DIRECTION('',(1.,0.,0.));
#7364 = ADVANCED_FACE('',(#7365),#7368,.T.);
#7365 = FACE_BOUND('',#7366,.F.);
#7366 = EDGE_LOOP('',(#7367));
#7367 = ORIENTED_EDGE('',*,*,#4897,.T.);
#7368 = PLANE('',#7369);
#7369 = AXIS2_PLACEMENT_3D('',#7370,#7371,#7372);
#7370 = CARTESIAN_POINT('',(109.61835466577,6.266652880531,0.7));
#7371 = DIRECTION('',(0.,0.,1.));
#7372 = DIRECTION('',(1.,0.,0.));
#7373 = ADVANCED_FACE('',(#7374),#7377,.T.);
#7374 = FACE_BOUND('',#7375,.F.);
#7375 = EDGE_LOOP('',(#7376));
#7376 = ORIENTED_EDGE('',*,*,#4922,.T.);
#7377 = PLANE('',#7378);
#7378 = AXIS2_PLACEMENT_3D('',#7379,#7380,#7381);
#7379 = CARTESIAN_POINT('',(109.61835466577,6.266652880531,0.7));
#7380 = DIRECTION('',(0.,0.,1.));
#7381 = DIRECTION('',(1.,0.,0.));
#7382 = ADVANCED_FACE('',(#7383),#7386,.T.);
#7383 = FACE_BOUND('',#7384,.F.);
#7384 = EDGE_LOOP('',(#7385));
#7385 = ORIENTED_EDGE('',*,*,#4947,.T.);
#7386 = PLANE('',#7387);
#7387 = AXIS2_PLACEMENT_3D('',#7388,#7389,#7390);
#7388 = CARTESIAN_POINT('',(109.61835466577,6.266652880531,0.7));
#7389 = DIRECTION('',(0.,0.,1.));
#7390 = DIRECTION('',(1.,0.,0.));
#7391 = ADVANCED_FACE('',(#7392),#7398,.T.);
#7392 = FACE_BOUND('',#7393,.F.);
#7393 = EDGE_LOOP('',(#7394,#7395,#7396,#7397));
#7394 = ORIENTED_EDGE('',*,*,#4972,.T.);
#7395 = ORIENTED_EDGE('',*,*,#5020,.T.);
#7396 = ORIENTED_EDGE('',*,*,#5044,.T.);
#7397 = ORIENTED_EDGE('',*,*,#5003,.T.);
#7398 = PLANE('',#7399);
#7399 = AXIS2_PLACEMENT_3D('',#7400,#7401,#7402);
#7400 = CARTESIAN_POINT('',(109.61835466577,6.266652880531,0.7));
#7401 = DIRECTION('',(0.,0.,1.));
#7402 = DIRECTION('',(1.,0.,0.));
#7403 = ADVANCED_FACE('',(#7404),#7407,.T.);
#7404 = FACE_BOUND('',#7405,.F.);
#7405 = EDGE_LOOP('',(#7406));
#7406 = ORIENTED_EDGE('',*,*,#5068,.T.);
#7407 = PLANE('',#7408);
#7408 = AXIS2_PLACEMENT_3D('',#7409,#7410,#7411);
#7409 = CARTESIAN_POINT('',(109.61835466577,6.266652880531,0.7));
#7410 = DIRECTION('',(0.,0.,1.));
#7411 = DIRECTION('',(1.,0.,0.));
#7412 = ADVANCED_FACE('',(#7413),#7419,.T.);
#7413 = FACE_BOUND('',#7414,.F.);
#7414 = EDGE_LOOP('',(#7415,#7416,#7417,#7418));
#7415 = ORIENTED_EDGE('',*,*,#5093,.T.);
#7416 = ORIENTED_EDGE('',*,*,#5141,.T.);
#7417 = ORIENTED_EDGE('',*,*,#5165,.T.);
#7418 = ORIENTED_EDGE('',*,*,#5124,.T.);
#7419 = PLANE('',#7420);
#7420 = AXIS2_PLACEMENT_3D('',#7421,#7422,#7423);
#7421 = CARTESIAN_POINT('',(109.61835466577,6.266652880531,0.7));
#7422 = DIRECTION('',(0.,0.,1.));
#7423 = DIRECTION('',(1.,0.,0.));
#7424 = ADVANCED_FACE('',(#7425),#7428,.T.);
#7425 = FACE_BOUND('',#7426,.F.);
#7426 = EDGE_LOOP('',(#7427));
#7427 = ORIENTED_EDGE('',*,*,#5189,.T.);
#7428 = PLANE('',#7429);
#7429 = AXIS2_PLACEMENT_3D('',#7430,#7431,#7432);
#7430 = CARTESIAN_POINT('',(109.61835466577,6.266652880531,0.7));
#7431 = DIRECTION('',(0.,0.,1.));
#7432 = DIRECTION('',(1.,0.,0.));
#7433 = ADVANCED_FACE('',(#7434),#7437,.T.);
#7434 = FACE_BOUND('',#7435,.F.);
#7435 = EDGE_LOOP('',(#7436));
#7436 = ORIENTED_EDGE('',*,*,#5214,.T.);
#7437 = PLANE('',#7438);
#7438 = AXIS2_PLACEMENT_3D('',#7439,#7440,#7441);
#7439 = CARTESIAN_POINT('',(109.61835466577,6.266652880531,0.7));
#7440 = DIRECTION('',(0.,0.,1.));
#7441 = DIRECTION('',(1.,0.,0.));
#7442 = ADVANCED_FACE('',(#7443),#7446,.T.);
#7443 = FACE_BOUND('',#7444,.F.);
#7444 = EDGE_LOOP('',(#7445));
#7445 = ORIENTED_EDGE('',*,*,#5239,.T.);
#7446 = PLANE('',#7447);
#7447 = AXIS2_PLACEMENT_3D('',#7448,#7449,#7450);
#7448 = CARTESIAN_POINT('',(109.61835466577,6.266652880531,0.7));
#7449 = DIRECTION('',(0.,0.,1.));
#7450 = DIRECTION('',(1.,0.,0.));
#7451 = ADVANCED_FACE('',(#7452),#7455,.T.);
#7452 = FACE_BOUND('',#7453,.F.);
#7453 = EDGE_LOOP('',(#7454));
#7454 = ORIENTED_EDGE('',*,*,#5264,.T.);
#7455 = PLANE('',#7456);
#7456 = AXIS2_PLACEMENT_3D('',#7457,#7458,#7459);
#7457 = CARTESIAN_POINT('',(109.61835466577,6.266652880531,0.7));
#7458 = DIRECTION('',(0.,0.,1.));
#7459 = DIRECTION('',(1.,0.,0.));
#7460 = ADVANCED_FACE('',(#7461),#7467,.T.);
#7461 = FACE_BOUND('',#7462,.F.);
#7462 = EDGE_LOOP('',(#7463,#7464,#7465,#7466));
#7463 = ORIENTED_EDGE('',*,*,#5289,.T.);
#7464 = ORIENTED_EDGE('',*,*,#5337,.T.);
#7465 = ORIENTED_EDGE('',*,*,#5361,.T.);
#7466 = ORIENTED_EDGE('',*,*,#5320,.T.);
#7467 = PLANE('',#7468);
#7468 = AXIS2_PLACEMENT_3D('',#7469,#7470,#7471);
#7469 = CARTESIAN_POINT('',(109.61835466577,6.266652880531,0.7));
#7470 = DIRECTION('',(0.,0.,1.));
#7471 = DIRECTION('',(1.,0.,0.));
#7472 = ADVANCED_FACE('',(#7473),#7476,.T.);
#7473 = FACE_BOUND('',#7474,.F.);
#7474 = EDGE_LOOP('',(#7475));
#7475 = ORIENTED_EDGE('',*,*,#5385,.T.);
#7476 = PLANE('',#7477);
#7477 = AXIS2_PLACEMENT_3D('',#7478,#7479,#7480);
#7478 = CARTESIAN_POINT('',(109.61835466577,6.266652880531,0.7));
#7479 = DIRECTION('',(0.,0.,1.));
#7480 = DIRECTION('',(1.,0.,0.));
#7481 = ADVANCED_FACE('',(#7482),#7488,.T.);
#7482 = FACE_BOUND('',#7483,.F.);
#7483 = EDGE_LOOP('',(#7484,#7485,#7486,#7487));
#7484 = ORIENTED_EDGE('',*,*,#5410,.T.);
#7485 = ORIENTED_EDGE('',*,*,#5458,.T.);
#7486 = ORIENTED_EDGE('',*,*,#5482,.T.);
#7487 = ORIENTED_EDGE('',*,*,#5441,.T.);
#7488 = PLANE('',#7489);
#7489 = AXIS2_PLACEMENT_3D('',#7490,#7491,#7492);
#7490 = CARTESIAN_POINT('',(109.61835466577,6.266652880531,0.7));
#7491 = DIRECTION('',(0.,0.,1.));
#7492 = DIRECTION('',(1.,0.,0.));
#7493 = ADVANCED_FACE('',(#7494),#7497,.T.);
#7494 = FACE_BOUND('',#7495,.F.);
#7495 = EDGE_LOOP('',(#7496));
#7496 = ORIENTED_EDGE('',*,*,#5506,.T.);
#7497 = PLANE('',#7498);
#7498 = AXIS2_PLACEMENT_3D('',#7499,#7500,#7501);
#7499 = CARTESIAN_POINT('',(109.61835466577,6.266652880531,0.7));
#7500 = DIRECTION('',(0.,0.,1.));
#7501 = DIRECTION('',(1.,0.,0.));
#7502 = ADVANCED_FACE('',(#7503),#7506,.T.);
#7503 = FACE_BOUND('',#7504,.F.);
#7504 = EDGE_LOOP('',(#7505));
#7505 = ORIENTED_EDGE('',*,*,#5531,.T.);
#7506 = PLANE('',#7507);
#7507 = AXIS2_PLACEMENT_3D('',#7508,#7509,#7510);
#7508 = CARTESIAN_POINT('',(109.61835466577,6.266652880531,0.7));
#7509 = DIRECTION('',(0.,0.,1.));
#7510 = DIRECTION('',(1.,0.,0.));
#7511 = ADVANCED_FACE('',(#7512),#7515,.T.);
#7512 = FACE_BOUND('',#7513,.F.);
#7513 = EDGE_LOOP('',(#7514));
#7514 = ORIENTED_EDGE('',*,*,#5556,.T.);
#7515 = PLANE('',#7516);
#7516 = AXIS2_PLACEMENT_3D('',#7517,#7518,#7519);
#7517 = CARTESIAN_POINT('',(109.61835466577,6.266652880531,0.7));
#7518 = DIRECTION('',(0.,0.,1.));
#7519 = DIRECTION('',(1.,0.,0.));
#7520 = ADVANCED_FACE('',(#7521),#7524,.T.);
#7521 = FACE_BOUND('',#7522,.F.);
#7522 = EDGE_LOOP('',(#7523));
#7523 = ORIENTED_EDGE('',*,*,#5581,.T.);
#7524 = PLANE('',#7525);
#7525 = AXIS2_PLACEMENT_3D('',#7526,#7527,#7528);
#7526 = CARTESIAN_POINT('',(109.61835466577,6.266652880531,0.7));
#7527 = DIRECTION('',(0.,0.,1.));
#7528 = DIRECTION('',(1.,0.,0.));
#7529 = ADVANCED_FACE('',(#7530),#7536,.T.);
#7530 = FACE_BOUND('',#7531,.F.);
#7531 = EDGE_LOOP('',(#7532,#7533,#7534,#7535));
#7532 = ORIENTED_EDGE('',*,*,#5606,.T.);
#7533 = ORIENTED_EDGE('',*,*,#5654,.T.);
#7534 = ORIENTED_EDGE('',*,*,#5678,.T.);
#7535 = ORIENTED_EDGE('',*,*,#5637,.T.);
#7536 = PLANE('',#7537);
#7537 = AXIS2_PLACEMENT_3D('',#7538,#7539,#7540);
#7538 = CARTESIAN_POINT('',(109.61835466577,6.266652880531,0.7));
#7539 = DIRECTION('',(0.,0.,1.));
#7540 = DIRECTION('',(1.,0.,0.));
#7541 = ADVANCED_FACE('',(#7542),#7545,.T.);
#7542 = FACE_BOUND('',#7543,.F.);
#7543 = EDGE_LOOP('',(#7544));
#7544 = ORIENTED_EDGE('',*,*,#5702,.T.);
#7545 = PLANE('',#7546);
#7546 = AXIS2_PLACEMENT_3D('',#7547,#7548,#7549);
#7547 = CARTESIAN_POINT('',(109.61835466577,6.266652880531,0.7));
#7548 = DIRECTION('',(0.,0.,1.));
#7549 = DIRECTION('',(1.,0.,0.));
#7550 = ADVANCED_FACE('',(#7551),#7554,.T.);
#7551 = FACE_BOUND('',#7552,.F.);
#7552 = EDGE_LOOP('',(#7553));
#7553 = ORIENTED_EDGE('',*,*,#5727,.T.);
#7554 = PLANE('',#7555);
#7555 = AXIS2_PLACEMENT_3D('',#7556,#7557,#7558);
#7556 = CARTESIAN_POINT('',(109.61835466577,6.266652880531,0.7));
#7557 = DIRECTION('',(0.,0.,1.));
#7558 = DIRECTION('',(1.,0.,0.));
#7559 = ADVANCED_FACE('',(#7560),#7563,.T.);
#7560 = FACE_BOUND('',#7561,.F.);
#7561 = EDGE_LOOP('',(#7562));
#7562 = ORIENTED_EDGE('',*,*,#5752,.T.);
#7563 = PLANE('',#7564);
#7564 = AXIS2_PLACEMENT_3D('',#7565,#7566,#7567);
#7565 = CARTESIAN_POINT('',(109.61835466577,6.266652880531,0.7));
#7566 = DIRECTION('',(0.,0.,1.));
#7567 = DIRECTION('',(1.,0.,0.));
#7568 = ADVANCED_FACE('',(#7569),#7572,.T.);
#7569 = FACE_BOUND('',#7570,.F.);
#7570 = EDGE_LOOP('',(#7571));
#7571 = ORIENTED_EDGE('',*,*,#5777,.T.);
#7572 = PLANE('',#7573);
#7573 = AXIS2_PLACEMENT_3D('',#7574,#7575,#7576);
#7574 = CARTESIAN_POINT('',(109.61835466577,6.266652880531,0.7));
#7575 = DIRECTION('',(0.,0.,1.));
#7576 = DIRECTION('',(1.,0.,0.));
#7577 = ADVANCED_FACE('',(#7578),#7584,.T.);
#7578 = FACE_BOUND('',#7579,.F.);
#7579 = EDGE_LOOP('',(#7580,#7581,#7582,#7583));
#7580 = ORIENTED_EDGE('',*,*,#5802,.T.);
#7581 = ORIENTED_EDGE('',*,*,#5850,.T.);
#7582 = ORIENTED_EDGE('',*,*,#5874,.T.);
#7583 = ORIENTED_EDGE('',*,*,#5833,.T.);
#7584 = PLANE('',#7585);
#7585 = AXIS2_PLACEMENT_3D('',#7586,#7587,#7588);
#7586 = CARTESIAN_POINT('',(109.61835466577,6.266652880531,0.7));
#7587 = DIRECTION('',(0.,0.,1.));
#7588 = DIRECTION('',(1.,0.,0.));
#7589 = ADVANCED_FACE('',(#7590),#7593,.T.);
#7590 = FACE_BOUND('',#7591,.F.);
#7591 = EDGE_LOOP('',(#7592));
#7592 = ORIENTED_EDGE('',*,*,#5898,.T.);
#7593 = PLANE('',#7594);
#7594 = AXIS2_PLACEMENT_3D('',#7595,#7596,#7597);
#7595 = CARTESIAN_POINT('',(109.61835466577,6.266652880531,0.7));
#7596 = DIRECTION('',(0.,0.,1.));
#7597 = DIRECTION('',(1.,0.,0.));
#7598 = ADVANCED_FACE('',(#7599),#7605,.T.);
#7599 = FACE_BOUND('',#7600,.F.);
#7600 = EDGE_LOOP('',(#7601,#7602,#7603,#7604));
#7601 = ORIENTED_EDGE('',*,*,#5923,.T.);
#7602 = ORIENTED_EDGE('',*,*,#5971,.T.);
#7603 = ORIENTED_EDGE('',*,*,#5995,.T.);
#7604 = ORIENTED_EDGE('',*,*,#5954,.T.);
#7605 = PLANE('',#7606);
#7606 = AXIS2_PLACEMENT_3D('',#7607,#7608,#7609);
#7607 = CARTESIAN_POINT('',(109.61835466577,6.266652880531,0.7));
#7608 = DIRECTION('',(0.,0.,1.));
#7609 = DIRECTION('',(1.,0.,0.));
#7610 = ADVANCED_FACE('',(#7611),#7614,.T.);
#7611 = FACE_BOUND('',#7612,.F.);
#7612 = EDGE_LOOP('',(#7613));
#7613 = ORIENTED_EDGE('',*,*,#6019,.T.);
#7614 = PLANE('',#7615);
#7615 = AXIS2_PLACEMENT_3D('',#7616,#7617,#7618);
#7616 = CARTESIAN_POINT('',(109.61835466577,6.266652880531,0.7));
#7617 = DIRECTION('',(0.,0.,1.));
#7618 = DIRECTION('',(1.,0.,0.));
#7619 = ADVANCED_FACE('',(#7620),#7623,.T.);
#7620 = FACE_BOUND('',#7621,.F.);
#7621 = EDGE_LOOP('',(#7622));
#7622 = ORIENTED_EDGE('',*,*,#6044,.T.);
#7623 = PLANE('',#7624);
#7624 = AXIS2_PLACEMENT_3D('',#7625,#7626,#7627);
#7625 = CARTESIAN_POINT('',(109.61835466577,6.266652880531,0.7));
#7626 = DIRECTION('',(0.,0.,1.));
#7627 = DIRECTION('',(1.,0.,0.));
#7628 = ADVANCED_FACE('',(#7629),#7632,.T.);
#7629 = FACE_BOUND('',#7630,.F.);
#7630 = EDGE_LOOP('',(#7631));
#7631 = ORIENTED_EDGE('',*,*,#6069,.T.);
#7632 = PLANE('',#7633);
#7633 = AXIS2_PLACEMENT_3D('',#7634,#7635,#7636);
#7634 = CARTESIAN_POINT('',(109.61835466577,6.266652880531,0.7));
#7635 = DIRECTION('',(0.,0.,1.));
#7636 = DIRECTION('',(1.,0.,0.));
#7637 = ADVANCED_FACE('',(#7638),#7641,.T.);
#7638 = FACE_BOUND('',#7639,.F.);
#7639 = EDGE_LOOP('',(#7640));
#7640 = ORIENTED_EDGE('',*,*,#6094,.T.);
#7641 = PLANE('',#7642);
#7642 = AXIS2_PLACEMENT_3D('',#7643,#7644,#7645);
#7643 = CARTESIAN_POINT('',(109.61835466577,6.266652880531,0.7));
#7644 = DIRECTION('',(0.,0.,1.));
#7645 = DIRECTION('',(1.,0.,0.));
#7646 = ADVANCED_FACE('',(#7647),#7653,.T.);
#7647 = FACE_BOUND('',#7648,.F.);
#7648 = EDGE_LOOP('',(#7649,#7650,#7651,#7652));
#7649 = ORIENTED_EDGE('',*,*,#6119,.T.);
#7650 = ORIENTED_EDGE('',*,*,#6167,.T.);
#7651 = ORIENTED_EDGE('',*,*,#6191,.T.);
#7652 = ORIENTED_EDGE('',*,*,#6150,.T.);
#7653 = PLANE('',#7654);
#7654 = AXIS2_PLACEMENT_3D('',#7655,#7656,#7657);
#7655 = CARTESIAN_POINT('',(109.61835466577,6.266652880531,0.7));
#7656 = DIRECTION('',(0.,0.,1.));
#7657 = DIRECTION('',(1.,0.,0.));
#7658 = ADVANCED_FACE('',(#7659),#7662,.T.);
#7659 = FACE_BOUND('',#7660,.F.);
#7660 = EDGE_LOOP('',(#7661));
#7661 = ORIENTED_EDGE('',*,*,#6215,.T.);
#7662 = PLANE('',#7663);
#7663 = AXIS2_PLACEMENT_3D('',#7664,#7665,#7666);
#7664 = CARTESIAN_POINT('',(109.61835466577,6.266652880531,0.7));
#7665 = DIRECTION('',(0.,0.,1.));
#7666 = DIRECTION('',(1.,0.,0.));
#7667 = ADVANCED_FACE('',(#7668),#7671,.T.);
#7668 = FACE_BOUND('',#7669,.F.);
#7669 = EDGE_LOOP('',(#7670));
#7670 = ORIENTED_EDGE('',*,*,#6240,.T.);
#7671 = PLANE('',#7672);
#7672 = AXIS2_PLACEMENT_3D('',#7673,#7674,#7675);
#7673 = CARTESIAN_POINT('',(109.61835466577,6.266652880531,0.7));
#7674 = DIRECTION('',(0.,0.,1.));
#7675 = DIRECTION('',(1.,0.,0.));
#7676 = ADVANCED_FACE('',(#7677),#7680,.T.);
#7677 = FACE_BOUND('',#7678,.F.);
#7678 = EDGE_LOOP('',(#7679));
#7679 = ORIENTED_EDGE('',*,*,#6265,.T.);
#7680 = PLANE('',#7681);
#7681 = AXIS2_PLACEMENT_3D('',#7682,#7683,#7684);
#7682 = CARTESIAN_POINT('',(109.61835466577,6.266652880531,0.7));
#7683 = DIRECTION('',(0.,0.,1.));
#7684 = DIRECTION('',(1.,0.,0.));
#7685 = ADVANCED_FACE('',(#7686),#7689,.T.);
#7686 = FACE_BOUND('',#7687,.F.);
#7687 = EDGE_LOOP('',(#7688));
#7688 = ORIENTED_EDGE('',*,*,#6290,.T.);
#7689 = PLANE('',#7690);
#7690 = AXIS2_PLACEMENT_3D('',#7691,#7692,#7693);
#7691 = CARTESIAN_POINT('',(109.61835466577,6.266652880531,0.7));
#7692 = DIRECTION('',(0.,0.,1.));
#7693 = DIRECTION('',(1.,0.,0.));
#7694 = ADVANCED_FACE('',(#7695),#7698,.T.);
#7695 = FACE_BOUND('',#7696,.F.);
#7696 = EDGE_LOOP('',(#7697));
#7697 = ORIENTED_EDGE('',*,*,#6315,.T.);
#7698 = PLANE('',#7699);
#7699 = AXIS2_PLACEMENT_3D('',#7700,#7701,#7702);
#7700 = CARTESIAN_POINT('',(109.61835466577,6.266652880531,0.7));
#7701 = DIRECTION('',(0.,0.,1.));
#7702 = DIRECTION('',(1.,0.,0.));
#7703 = ADVANCED_FACE('',(#7704),#7710,.T.);
#7704 = FACE_BOUND('',#7705,.F.);
#7705 = EDGE_LOOP('',(#7706,#7707,#7708,#7709));
#7706 = ORIENTED_EDGE('',*,*,#6340,.T.);
#7707 = ORIENTED_EDGE('',*,*,#6388,.T.);
#7708 = ORIENTED_EDGE('',*,*,#6412,.T.);
#7709 = ORIENTED_EDGE('',*,*,#6371,.T.);
#7710 = PLANE('',#7711);
#7711 = AXIS2_PLACEMENT_3D('',#7712,#7713,#7714);
#7712 = CARTESIAN_POINT('',(109.61835466577,6.266652880531,0.7));
#7713 = DIRECTION('',(0.,0.,1.));
#7714 = DIRECTION('',(1.,0.,0.));
#7715 = ADVANCED_FACE('',(#7716),#7719,.T.);
#7716 = FACE_BOUND('',#7717,.F.);
#7717 = EDGE_LOOP('',(#7718));
#7718 = ORIENTED_EDGE('',*,*,#6436,.T.);
#7719 = PLANE('',#7720);
#7720 = AXIS2_PLACEMENT_3D('',#7721,#7722,#7723);
#7721 = CARTESIAN_POINT('',(109.61835466577,6.266652880531,0.7));
#7722 = DIRECTION('',(0.,0.,1.));
#7723 = DIRECTION('',(1.,0.,0.));
#7724 = ADVANCED_FACE('',(#7725),#7731,.T.);
#7725 = FACE_BOUND('',#7726,.F.);
#7726 = EDGE_LOOP('',(#7727,#7728,#7729,#7730));
#7727 = ORIENTED_EDGE('',*,*,#6461,.T.);
#7728 = ORIENTED_EDGE('',*,*,#6509,.T.);
#7729 = ORIENTED_EDGE('',*,*,#6533,.T.);
#7730 = ORIENTED_EDGE('',*,*,#6492,.T.);
#7731 = PLANE('',#7732);
#7732 = AXIS2_PLACEMENT_3D('',#7733,#7734,#7735);
#7733 = CARTESIAN_POINT('',(109.61835466577,6.266652880531,0.7));
#7734 = DIRECTION('',(0.,0.,1.));
#7735 = DIRECTION('',(1.,0.,0.));
#7736 = ADVANCED_FACE('',(#7737),#7743,.T.);
#7737 = FACE_BOUND('',#7738,.F.);
#7738 = EDGE_LOOP('',(#7739,#7740,#7741,#7742));
#7739 = ORIENTED_EDGE('',*,*,#6557,.T.);
#7740 = ORIENTED_EDGE('',*,*,#6605,.T.);
#7741 = ORIENTED_EDGE('',*,*,#6629,.T.);
#7742 = ORIENTED_EDGE('',*,*,#6588,.T.);
#7743 = PLANE('',#7744);
#7744 = AXIS2_PLACEMENT_3D('',#7745,#7746,#7747);
#7745 = CARTESIAN_POINT('',(52.522370617696,7.365776293823,0.7));
#7746 = DIRECTION('',(0.,0.,1.));
#7747 = DIRECTION('',(1.,0.,0.));
#7748 = ADVANCED_FACE('',(#7749),#7755,.T.);
#7749 = FACE_BOUND('',#7750,.F.);
#7750 = EDGE_LOOP('',(#7751,#7752,#7753,#7754));
#7751 = ORIENTED_EDGE('',*,*,#6653,.T.);
#7752 = ORIENTED_EDGE('',*,*,#6701,.T.);
#7753 = ORIENTED_EDGE('',*,*,#6725,.T.);
#7754 = ORIENTED_EDGE('',*,*,#6684,.T.);
#7755 = PLANE('',#7756);
#7756 = AXIS2_PLACEMENT_3D('',#7757,#7758,#7759);
#7757 = CARTESIAN_POINT('',(52.522370617696,7.365776293823,0.7));
#7758 = DIRECTION('',(0.,0.,1.));
#7759 = DIRECTION('',(1.,0.,0.));
#7760 = ADVANCED_FACE('',(#7761),#7764,.T.);
#7761 = FACE_BOUND('',#7762,.F.);
#7762 = EDGE_LOOP('',(#7763));
#7763 = ORIENTED_EDGE('',*,*,#6749,.T.);
#7764 = PLANE('',#7765);
#7765 = AXIS2_PLACEMENT_3D('',#7766,#7767,#7768);
#7766 = CARTESIAN_POINT('',(109.61835466577,6.266652880531,0.7));
#7767 = DIRECTION('',(0.,0.,1.));
#7768 = DIRECTION('',(1.,0.,0.));
#7769 = ADVANCED_FACE('',(#7770),#7773,.T.);
#7770 = FACE_BOUND('',#7771,.F.);
#7771 = EDGE_LOOP('',(#7772));
#7772 = ORIENTED_EDGE('',*,*,#6774,.T.);
#7773 = PLANE('',#7774);
#7774 = AXIS2_PLACEMENT_3D('',#7775,#7776,#7777);
#7775 = CARTESIAN_POINT('',(109.61835466577,6.266652880531,0.7));
#7776 = DIRECTION('',(0.,0.,1.));
#7777 = DIRECTION('',(1.,0.,0.));
#7778 = ADVANCED_FACE('',(#7779),#7782,.T.);
#7779 = FACE_BOUND('',#7780,.F.);
#7780 = EDGE_LOOP('',(#7781));
#7781 = ORIENTED_EDGE('',*,*,#6799,.T.);
#7782 = PLANE('',#7783);
#7783 = AXIS2_PLACEMENT_3D('',#7784,#7785,#7786);
#7784 = CARTESIAN_POINT('',(109.61835466577,6.266652880531,0.7));
#7785 = DIRECTION('',(0.,0.,1.));
#7786 = DIRECTION('',(1.,0.,0.));
#7787 = ADVANCED_FACE('',(#7788),#7791,.T.);
#7788 = FACE_BOUND('',#7789,.F.);
#7789 = EDGE_LOOP('',(#7790));
#7790 = ORIENTED_EDGE('',*,*,#6824,.T.);
#7791 = PLANE('',#7792);
#7792 = AXIS2_PLACEMENT_3D('',#7793,#7794,#7795);
#7793 = CARTESIAN_POINT('',(109.61835466577,6.266652880531,0.7));
#7794 = DIRECTION('',(0.,0.,1.));
#7795 = DIRECTION('',(1.,0.,0.));
#7796 = ADVANCED_FACE('',(#7797),#7800,.T.);
#7797 = FACE_BOUND('',#7798,.F.);
#7798 = EDGE_LOOP('',(#7799));
#7799 = ORIENTED_EDGE('',*,*,#6849,.T.);
#7800 = PLANE('',#7801);
#7801 = AXIS2_PLACEMENT_3D('',#7802,#7803,#7804);
#7802 = CARTESIAN_POINT('',(109.61835466577,6.266652880531,0.7));
#7803 = DIRECTION('',(0.,0.,1.));
#7804 = DIRECTION('',(1.,0.,0.));
#7805 = ADVANCED_FACE('',(#7806),#7812,.T.);
#7806 = FACE_BOUND('',#7807,.F.);
#7807 = EDGE_LOOP('',(#7808,#7809,#7810,#7811));
#7808 = ORIENTED_EDGE('',*,*,#6874,.T.);
#7809 = ORIENTED_EDGE('',*,*,#6922,.T.);
#7810 = ORIENTED_EDGE('',*,*,#6946,.T.);
#7811 = ORIENTED_EDGE('',*,*,#6905,.T.);
#7812 = PLANE('',#7813);
#7813 = AXIS2_PLACEMENT_3D('',#7814,#7815,#7816);
#7814 = CARTESIAN_POINT('',(109.61835466577,6.266652880531,0.7));
#7815 = DIRECTION('',(0.,0.,1.));
#7816 = DIRECTION('',(1.,0.,0.));
#7817 = ADVANCED_FACE('',(#7818),#7821,.T.);
#7818 = FACE_BOUND('',#7819,.F.);
#7819 = EDGE_LOOP('',(#7820));
#7820 = ORIENTED_EDGE('',*,*,#6970,.T.);
#7821 = PLANE('',#7822);
#7822 = AXIS2_PLACEMENT_3D('',#7823,#7824,#7825);
#7823 = CARTESIAN_POINT('',(109.61835466577,6.266652880531,0.7));
#7824 = DIRECTION('',(0.,0.,1.));
#7825 = DIRECTION('',(1.,0.,0.));
#7826 = ADVANCED_FACE('',(#7827),#7833,.T.);
#7827 = FACE_BOUND('',#7828,.F.);
#7828 = EDGE_LOOP('',(#7829,#7830,#7831,#7832));
#7829 = ORIENTED_EDGE('',*,*,#6995,.T.);
#7830 = ORIENTED_EDGE('',*,*,#7043,.T.);
#7831 = ORIENTED_EDGE('',*,*,#7067,.T.);
#7832 = ORIENTED_EDGE('',*,*,#7026,.T.);
#7833 = PLANE('',#7834);
#7834 = AXIS2_PLACEMENT_3D('',#7835,#7836,#7837);
#7835 = CARTESIAN_POINT('',(109.61835466577,6.266652880531,0.7));
#7836 = DIRECTION('',(0.,0.,1.));
#7837 = DIRECTION('',(1.,0.,0.));
#7838 = ( GEOMETRIC_REPRESENTATION_CONTEXT(3) 
GLOBAL_UNCERTAINTY_ASSIGNED_CONTEXT((#7842)) 
GLOBAL_UNIT_ASSIGNED_CONTEXT((#7839,#7840,#7841)) REPRESENTATION_CONTEXT
('Context #1','3D Context with UNIT and UNCERTAINTY') );
#7839 = ( LENGTH_UNIT() NAMED_UNIT(*) SI_UNIT(.MILLI.,.METRE.) );
#7840 = ( NAMED_UNIT(*) PLANE_ANGLE_UNIT() SI_UNIT($,.RADIAN.) );
#7841 = ( NAMED_UNIT(*) SI_UNIT($,.STERADIAN.) SOLID_ANGLE_UNIT() );
#7842 = UNCERTAINTY_MEASURE_WITH_UNIT(LENGTH_MEASURE(2.E-06),#7839,
  'distance_accuracy_value','confusion accuracy');
#7843 = PRODUCT_RELATED_PRODUCT_CATEGORY('part',$,(#7));
#7844 = MECHANICAL_DESIGN_GEOMETRIC_PRESENTATION_REPRESENTATION('',(
    #7845),#7838);
#7845 = STYLED_ITEM('color',(#7846),#15);
#7846 = PRESENTATION_STYLE_ASSIGNMENT((#7847,#7853));
#7847 = SURFACE_STYLE_USAGE(.BOTH.,#7848);
#7848 = SURFACE_SIDE_STYLE('',(#7849));
#7849 = SURFACE_STYLE_FILL_AREA(#7850);
#7850 = FILL_AREA_STYLE('',(#7851));
#7851 = FILL_AREA_STYLE_COLOUR('',#7852);
#7852 = DRAUGHTING_PRE_DEFINED_COLOUR('white');
#7853 = CURVE_STYLE('',#7854,POSITIVE_LENGTH_MEASURE(0.1),#7855);
#7854 = DRAUGHTING_PRE_DEFINED_CURVE_FONT('continuous');
#7855 = COLOUR_RGB('',0.678431390124,0.709803936702,0.741176476869);
ENDSEC;
END-ISO-10303-21;
