ISO-10303-21;
HEADER;
FILE_DESCRIPTION(('FreeCAD Model'),'2;1');
FILE_NAME('Open CASCADE Shape Model','2025-12-10T21:09:46',(''),(''),
  'Open CASCADE STEP processor 7.8','FreeCAD','Unknown');
FILE_SCHEMA(('AUTOMOTIVE_DESIGN { 1 0 10303 214 1 1 1 1 }'));
ENDSEC;
DATA;
#1 = APPLICATION_PROTOCOL_DEFINITION('international standard',
  'automotive_design',2000,#2);
#2 = APPLICATION_CONTEXT(
  'core data for automotive mechanical design processes');
#3 = SHAPE_DEFINITION_REPRESENTATION(#4,#10);
#4 = PRODUCT_DEFINITION_SHAPE('','',#5);
#5 = PRODUCT_DEFINITION('design','',#6,#9);
#6 = PRODUCT_DEFINITION_FORMATION('','',#7);
#7 = PRODUCT('Top001 (Mirror #2)','Top001 (Mirror #2)','',(#8));
#8 = PRODUCT_CONTEXT('',#2,'mechanical');
#9 = PRODUCT_DEFINITION_CONTEXT('part definition',#2,'design');
#10 = ADVANCED_BREP_SHAPE_REPRESENTATION('',(#11,#15),#2406);
#11 = AXIS2_PLACEMENT_3D('',#12,#13,#14);
#12 = CARTESIAN_POINT('',(0.,0.,0.));
#13 = DIRECTION('',(0.,0.,1.));
#14 = DIRECTION('',(1.,0.,-0.));
#15 = MANIFOLD_SOLID_BREP('',#16);
#16 = CLOSED_SHELL('',(#17,#321,#400,#425,#467,#539,#639,#657,#675,#685,
    #710,#735,#766,#791,#816,#840,#864,#889,#914,#938,#962,#987,#1012,
    #1029,#1054,#1101,#1125,#1149,#1189,#1213,#1237,#1261,#1278,#1303,
    #1327,#1389,#1413,#1446,#1500,#1517,#1627,#1645,#1678,#1702,#1761,
    #1821,#1833,#1863,#1912,#1960,#1977,#2026,#2068,#2079,#2104,#2129,
    #2154,#2175,#2187,#2212,#2239,#2256,#2285,#2312,#2347,#2358,#2370,
    #2382,#2394));
#17 = ADVANCED_FACE('',(#18,#102,#113,#124,#228,#239,#305),#316,.F.);
#18 = FACE_BOUND('',#19,.T.);
#19 = EDGE_LOOP('',(#20,#30,#38,#46,#54,#62,#70,#78,#87,#95));
#20 = ORIENTED_EDGE('',*,*,#21,.T.);
#21 = EDGE_CURVE('',#22,#24,#26,.T.);
#22 = VERTEX_POINT('',#23);
#23 = CARTESIAN_POINT('',(-270.,45.15,16.3));
#24 = VERTEX_POINT('',#25);
#25 = CARTESIAN_POINT('',(-270.,-46.95,16.3));
#26 = LINE('',#27,#28);
#27 = CARTESIAN_POINT('',(-270.,46.95,16.3));
#28 = VECTOR('',#29,1.);
#29 = DIRECTION('',(0.,-1.,0.));
#30 = ORIENTED_EDGE('',*,*,#31,.T.);
#31 = EDGE_CURVE('',#24,#32,#34,.T.);
#32 = VERTEX_POINT('',#33);
#33 = CARTESIAN_POINT('',(-130.,-46.95,16.3));
#34 = LINE('',#35,#36);
#35 = CARTESIAN_POINT('',(-270.,-46.95,16.3));
#36 = VECTOR('',#37,1.);
#37 = DIRECTION('',(1.,0.,1.224646799147E-16));
#38 = ORIENTED_EDGE('',*,*,#39,.T.);
#39 = EDGE_CURVE('',#32,#40,#42,.T.);
#40 = VERTEX_POINT('',#41);
#41 = CARTESIAN_POINT('',(-130.,-36.58957624075,16.3));
#42 = LINE('',#43,#44);
#43 = CARTESIAN_POINT('',(-130.,-46.95,16.3));
#44 = VECTOR('',#45,1.);
#45 = DIRECTION('',(0.,1.,0.));
#46 = ORIENTED_EDGE('',*,*,#47,.F.);
#47 = EDGE_CURVE('',#48,#40,#50,.T.);
#48 = VERTEX_POINT('',#49);
#49 = CARTESIAN_POINT('',(-140.,-36.58957624075,16.3));
#50 = LINE('',#51,#52);
#51 = CARTESIAN_POINT('',(-130.,-36.58957624075,16.3));
#52 = VECTOR('',#53,1.);
#53 = DIRECTION('',(1.,0.,1.224646799147E-16));
#54 = ORIENTED_EDGE('',*,*,#55,.T.);
#55 = EDGE_CURVE('',#48,#56,#58,.T.);
#56 = VERTEX_POINT('',#57);
#57 = CARTESIAN_POINT('',(-140.,-30.69042375924,16.3));
#58 = LINE('',#59,#60);
#59 = CARTESIAN_POINT('',(-140.,-16.82,16.3));
#60 = VECTOR('',#61,1.);
#61 = DIRECTION('',(0.,1.,0.));
#62 = ORIENTED_EDGE('',*,*,#63,.T.);
#63 = EDGE_CURVE('',#56,#64,#66,.T.);
#64 = VERTEX_POINT('',#65);
#65 = CARTESIAN_POINT('',(-130.,-30.69042375924,16.3));
#66 = LINE('',#67,#68);
#67 = CARTESIAN_POINT('',(-130.,-30.69042375924,16.3));
#68 = VECTOR('',#69,1.);
#69 = DIRECTION('',(1.,0.,1.224646799147E-16));
#70 = ORIENTED_EDGE('',*,*,#71,.T.);
#71 = EDGE_CURVE('',#64,#72,#74,.T.);
#72 = VERTEX_POINT('',#73);
#73 = CARTESIAN_POINT('',(-130.,45.15,16.3));
#74 = LINE('',#75,#76);
#75 = CARTESIAN_POINT('',(-130.,-46.95,16.3));
#76 = VECTOR('',#77,1.);
#77 = DIRECTION('',(0.,1.,0.));
#78 = ORIENTED_EDGE('',*,*,#79,.F.);
#79 = EDGE_CURVE('',#80,#72,#82,.T.);
#80 = VERTEX_POINT('',#81);
#81 = CARTESIAN_POINT('',(-131.8,46.95,16.3));
#82 = CIRCLE('',#83,1.8);
#83 = AXIS2_PLACEMENT_3D('',#84,#85,#86);
#84 = CARTESIAN_POINT('',(-131.8,45.15,16.3));
#85 = DIRECTION('',(1.224646799147E-16,0.,-1.));
#86 = DIRECTION('',(0.,-1.,-0.));
#87 = ORIENTED_EDGE('',*,*,#88,.T.);
#88 = EDGE_CURVE('',#80,#89,#91,.T.);
#89 = VERTEX_POINT('',#90);
#90 = CARTESIAN_POINT('',(-268.2,46.95,16.3));
#91 = LINE('',#92,#93);
#92 = CARTESIAN_POINT('',(-130.,46.95,16.3));
#93 = VECTOR('',#94,1.);
#94 = DIRECTION('',(-1.,0.,-1.224646799147E-16));
#95 = ORIENTED_EDGE('',*,*,#96,.F.);
#96 = EDGE_CURVE('',#22,#89,#97,.T.);
#97 = CIRCLE('',#98,1.8);
#98 = AXIS2_PLACEMENT_3D('',#99,#100,#101);
#99 = CARTESIAN_POINT('',(-268.2,45.15,16.3));
#100 = DIRECTION('',(1.224646799147E-16,0.,-1.));
#101 = DIRECTION('',(0.,-1.,-0.));
#102 = FACE_BOUND('',#103,.T.);
#103 = EDGE_LOOP('',(#104));
#104 = ORIENTED_EDGE('',*,*,#105,.F.);
#105 = EDGE_CURVE('',#106,#106,#108,.T.);
#106 = VERTEX_POINT('',#107);
#107 = CARTESIAN_POINT('',(-265.7,-43.70000000006,16.3));
#108 = CIRCLE('',#109,1.05);
#109 = AXIS2_PLACEMENT_3D('',#110,#111,#112);
#110 = CARTESIAN_POINT('',(-266.75,-43.70000000006,16.3));
#111 = DIRECTION('',(-1.224646799147E-16,0.,1.));
#112 = DIRECTION('',(1.,0.,1.224646799147E-16));
#113 = FACE_BOUND('',#114,.T.);
#114 = EDGE_LOOP('',(#115));
#115 = ORIENTED_EDGE('',*,*,#116,.F.);
#116 = EDGE_CURVE('',#117,#117,#119,.T.);
#117 = VERTEX_POINT('',#118);
#118 = CARTESIAN_POINT('',(-132.1999999999,-43.7,16.3));
#119 = CIRCLE('',#120,1.05);
#120 = AXIS2_PLACEMENT_3D('',#121,#122,#123);
#121 = CARTESIAN_POINT('',(-133.2499999999,-43.7,16.3));
#122 = DIRECTION('',(-1.224646799147E-16,0.,1.));
#123 = DIRECTION('',(1.,0.,1.224646799147E-16));
#124 = FACE_BOUND('',#125,.T.);
#125 = EDGE_LOOP('',(#126,#136,#145,#153,#162,#170,#179,#187,#196,#204,
    #213,#221));
#126 = ORIENTED_EDGE('',*,*,#127,.T.);
#127 = EDGE_CURVE('',#128,#130,#132,.T.);
#128 = VERTEX_POINT('',#129);
#129 = CARTESIAN_POINT('',(-205.8,-19.25,16.3));
#130 = VERTEX_POINT('',#131);
#131 = CARTESIAN_POINT('',(-259.8,-19.25,16.3));
#132 = LINE('',#133,#134);
#133 = CARTESIAN_POINT('',(-230.65,-19.25,16.3));
#134 = VECTOR('',#135,1.);
#135 = DIRECTION('',(-1.,0.,-1.224646799147E-16));
#136 = ORIENTED_EDGE('',*,*,#137,.T.);
#137 = EDGE_CURVE('',#130,#138,#140,.T.);
#138 = VERTEX_POINT('',#139);
#139 = CARTESIAN_POINT('',(-261.3,-17.75,16.3));
#140 = CIRCLE('',#141,1.5);
#141 = AXIS2_PLACEMENT_3D('',#142,#143,#144);
#142 = CARTESIAN_POINT('',(-259.8,-17.75,16.3));
#143 = DIRECTION('',(1.224646799147E-16,0.,-1.));
#144 = DIRECTION('',(0.,1.,0.));
#145 = ORIENTED_EDGE('',*,*,#146,.T.);
#146 = EDGE_CURVE('',#138,#147,#149,.T.);
#147 = VERTEX_POINT('',#148);
#148 = CARTESIAN_POINT('',(-261.3,36.75,16.3));
#149 = LINE('',#150,#151);
#150 = CARTESIAN_POINT('',(-261.3,19.125,16.3));
#151 = VECTOR('',#152,1.);
#152 = DIRECTION('',(0.,1.,0.));
#153 = ORIENTED_EDGE('',*,*,#154,.T.);
#154 = EDGE_CURVE('',#147,#155,#157,.T.);
#155 = VERTEX_POINT('',#156);
#156 = CARTESIAN_POINT('',(-259.8,38.25,16.3));
#157 = CIRCLE('',#158,1.5);
#158 = AXIS2_PLACEMENT_3D('',#159,#160,#161);
#159 = CARTESIAN_POINT('',(-259.8,36.75,16.3));
#160 = DIRECTION('',(1.224646799147E-16,0.,-1.));
#161 = DIRECTION('',(0.,1.,0.));
#162 = ORIENTED_EDGE('',*,*,#163,.F.);
#163 = EDGE_CURVE('',#164,#155,#166,.T.);
#164 = VERTEX_POINT('',#165);
#165 = CARTESIAN_POINT('',(-167.3,38.25,16.3));
#166 = LINE('',#167,#168);
#167 = CARTESIAN_POINT('',(-230.65,38.25,16.3));
#168 = VECTOR('',#169,1.);
#169 = DIRECTION('',(-1.,0.,-1.224646799147E-16));
#170 = ORIENTED_EDGE('',*,*,#171,.T.);
#171 = EDGE_CURVE('',#164,#172,#174,.T.);
#172 = VERTEX_POINT('',#173);
#173 = CARTESIAN_POINT('',(-165.8,36.75,16.3));
#174 = CIRCLE('',#175,1.5);
#175 = AXIS2_PLACEMENT_3D('',#176,#177,#178);
#176 = CARTESIAN_POINT('',(-167.3,36.75,16.3));
#177 = DIRECTION('',(1.224646799147E-16,0.,-1.));
#178 = DIRECTION('',(0.,1.,0.));
#179 = ORIENTED_EDGE('',*,*,#180,.F.);
#180 = EDGE_CURVE('',#181,#172,#183,.T.);
#181 = VERTEX_POINT('',#182);
#182 = CARTESIAN_POINT('',(-165.8,-36.75,16.3));
#183 = LINE('',#184,#185);
#184 = CARTESIAN_POINT('',(-165.8,19.125,16.3));
#185 = VECTOR('',#186,1.);
#186 = DIRECTION('',(0.,1.,0.));
#187 = ORIENTED_EDGE('',*,*,#188,.F.);
#188 = EDGE_CURVE('',#189,#181,#191,.T.);
#189 = VERTEX_POINT('',#190);
#190 = CARTESIAN_POINT('',(-167.3,-38.25,16.3));
#191 = CIRCLE('',#192,1.5);
#192 = AXIS2_PLACEMENT_3D('',#193,#194,#195);
#193 = CARTESIAN_POINT('',(-167.3,-36.75,16.3));
#194 = DIRECTION('',(-1.224646799147E-16,0.,1.));
#195 = DIRECTION('',(0.,1.,0.));
#196 = ORIENTED_EDGE('',*,*,#197,.T.);
#197 = EDGE_CURVE('',#189,#198,#200,.T.);
#198 = VERTEX_POINT('',#199);
#199 = CARTESIAN_POINT('',(-202.8,-38.25,16.3));
#200 = LINE('',#201,#202);
#201 = CARTESIAN_POINT('',(-202.15,-38.25,16.3));
#202 = VECTOR('',#203,1.);
#203 = DIRECTION('',(-1.,0.,-1.224646799147E-16));
#204 = ORIENTED_EDGE('',*,*,#205,.F.);
#205 = EDGE_CURVE('',#206,#198,#208,.T.);
#206 = VERTEX_POINT('',#207);
#207 = CARTESIAN_POINT('',(-204.3,-36.75,16.3));
#208 = CIRCLE('',#209,1.5);
#209 = AXIS2_PLACEMENT_3D('',#210,#211,#212);
#210 = CARTESIAN_POINT('',(-202.8,-36.75,16.3));
#211 = DIRECTION('',(-1.224646799147E-16,0.,1.));
#212 = DIRECTION('',(0.,1.,0.));
#213 = ORIENTED_EDGE('',*,*,#214,.T.);
#214 = EDGE_CURVE('',#206,#215,#217,.T.);
#215 = VERTEX_POINT('',#216);
#216 = CARTESIAN_POINT('',(-204.3,-20.75,16.3));
#217 = LINE('',#218,#219);
#218 = CARTESIAN_POINT('',(-204.3,-9.625,16.3));
#219 = VECTOR('',#220,1.);
#220 = DIRECTION('',(0.,1.,0.));
#221 = ORIENTED_EDGE('',*,*,#222,.F.);
#222 = EDGE_CURVE('',#128,#215,#223,.T.);
#223 = CIRCLE('',#224,1.5);
#224 = AXIS2_PLACEMENT_3D('',#225,#226,#227);
#225 = CARTESIAN_POINT('',(-205.8,-20.75,16.3));
#226 = DIRECTION('',(1.224646799147E-16,0.,-1.));
#227 = DIRECTION('',(0.,1.,0.));
#228 = FACE_BOUND('',#229,.T.);
#229 = EDGE_LOOP('',(#230));
#230 = ORIENTED_EDGE('',*,*,#231,.F.);
#231 = EDGE_CURVE('',#232,#232,#234,.T.);
#232 = VERTEX_POINT('',#233);
#233 = CARTESIAN_POINT('',(-265.7,43.7,16.3));
#234 = CIRCLE('',#235,1.05);
#235 = AXIS2_PLACEMENT_3D('',#236,#237,#238);
#236 = CARTESIAN_POINT('',(-266.75,43.7,16.3));
#237 = DIRECTION('',(-1.224646799147E-16,0.,1.));
#238 = DIRECTION('',(1.,0.,1.224646799147E-16));
#239 = FACE_BOUND('',#240,.T.);
#240 = EDGE_LOOP('',(#241,#251,#259,#267,#275,#283,#291,#299));
#241 = ORIENTED_EDGE('',*,*,#242,.T.);
#242 = EDGE_CURVE('',#243,#245,#247,.T.);
#243 = VERTEX_POINT('',#244);
#244 = CARTESIAN_POINT('',(-158.76292,-21.18656,16.3));
#245 = VERTEX_POINT('',#246);
#246 = CARTESIAN_POINT('',(-158.76292,-18.45,16.3));
#247 = LINE('',#248,#249);
#248 = CARTESIAN_POINT('',(-158.76292,8.73032,16.3));
#249 = VECTOR('',#250,1.);
#250 = DIRECTION('',(0.,1.,0.));
#251 = ORIENTED_EDGE('',*,*,#252,.T.);
#252 = EDGE_CURVE('',#245,#253,#255,.T.);
#253 = VERTEX_POINT('',#254);
#254 = CARTESIAN_POINT('',(-164.,-18.45,16.3));
#255 = LINE('',#256,#257);
#256 = CARTESIAN_POINT('',(-140.,-18.45,16.3));
#257 = VECTOR('',#258,1.);
#258 = DIRECTION('',(-1.,0.,-1.224646799147E-16));
#259 = ORIENTED_EDGE('',*,*,#260,.T.);
#260 = EDGE_CURVE('',#253,#261,#263,.T.);
#261 = VERTEX_POINT('',#262);
#262 = CARTESIAN_POINT('',(-164.,41.55,16.3));
#263 = LINE('',#264,#265);
#264 = CARTESIAN_POINT('',(-164.,-18.45,16.3));
#265 = VECTOR('',#266,1.);
#266 = DIRECTION('',(0.,1.,0.));
#267 = ORIENTED_EDGE('',*,*,#268,.T.);
#268 = EDGE_CURVE('',#261,#269,#271,.T.);
#269 = VERTEX_POINT('',#270);
#270 = CARTESIAN_POINT('',(-140.,41.55,16.3));
#271 = LINE('',#272,#273);
#272 = CARTESIAN_POINT('',(-164.,41.55,16.3));
#273 = VECTOR('',#274,1.);
#274 = DIRECTION('',(1.,0.,1.224646799147E-16));
#275 = ORIENTED_EDGE('',*,*,#276,.T.);
#276 = EDGE_CURVE('',#269,#277,#279,.T.);
#277 = VERTEX_POINT('',#278);
#278 = CARTESIAN_POINT('',(-140.,-18.45,16.3));
#279 = LINE('',#280,#281);
#280 = CARTESIAN_POINT('',(-140.,41.55,16.3));
#281 = VECTOR('',#282,1.);
#282 = DIRECTION('',(0.,-1.,0.));
#283 = ORIENTED_EDGE('',*,*,#284,.T.);
#284 = EDGE_CURVE('',#277,#285,#287,.T.);
#285 = VERTEX_POINT('',#286);
#286 = CARTESIAN_POINT('',(-146.26292,-18.45,16.3));
#287 = LINE('',#288,#289);
#288 = CARTESIAN_POINT('',(-140.,-18.45,16.3));
#289 = VECTOR('',#290,1.);
#290 = DIRECTION('',(-1.,0.,-1.224646799147E-16));
#291 = ORIENTED_EDGE('',*,*,#292,.T.);
#292 = EDGE_CURVE('',#285,#293,#295,.T.);
#293 = VERTEX_POINT('',#294);
#294 = CARTESIAN_POINT('',(-146.26292,-21.18656,16.3));
#295 = LINE('',#296,#297);
#296 = CARTESIAN_POINT('',(-146.26292,-10.59328,16.3));
#297 = VECTOR('',#298,1.);
#298 = DIRECTION('',(0.,-1.,0.));
#299 = ORIENTED_EDGE('',*,*,#300,.T.);
#300 = EDGE_CURVE('',#293,#243,#301,.T.);
#301 = LINE('',#302,#303);
#302 = CARTESIAN_POINT('',(-179.38146,-21.18656,16.3));
#303 = VECTOR('',#304,1.);
#304 = DIRECTION('',(-1.,0.,-1.224646799147E-16));
#305 = FACE_BOUND('',#306,.T.);
#306 = EDGE_LOOP('',(#307));
#307 = ORIENTED_EDGE('',*,*,#308,.F.);
#308 = EDGE_CURVE('',#309,#309,#311,.T.);
#309 = VERTEX_POINT('',#310);
#310 = CARTESIAN_POINT('',(-132.1999999999,43.7,16.3));
#311 = CIRCLE('',#312,1.05);
#312 = AXIS2_PLACEMENT_3D('',#313,#314,#315);
#313 = CARTESIAN_POINT('',(-133.2499999999,43.7,16.3));
#314 = DIRECTION('',(-1.224646799147E-16,0.,1.));
#315 = DIRECTION('',(1.,0.,1.224646799147E-16));
#316 = PLANE('',#317);
#317 = AXIS2_PLACEMENT_3D('',#318,#319,#320);
#318 = CARTESIAN_POINT('',(-200.,0.,16.3));
#319 = DIRECTION('',(1.224646799147E-16,0.,-1.));
#320 = DIRECTION('',(-1.,-0.,-1.224646799147E-16));
#321 = ADVANCED_FACE('',(#322),#395,.F.);
#322 = FACE_BOUND('',#323,.T.);
#323 = EDGE_LOOP('',(#324,#332,#333,#341,#349,#365,#373,#389));
#324 = ORIENTED_EDGE('',*,*,#325,.F.);
#325 = EDGE_CURVE('',#24,#326,#328,.T.);
#326 = VERTEX_POINT('',#327);
#327 = CARTESIAN_POINT('',(-270.,-46.95,15.1));
#328 = LINE('',#329,#330);
#329 = CARTESIAN_POINT('',(-270.,-46.95,16.3));
#330 = VECTOR('',#331,1.);
#331 = DIRECTION('',(1.224646799147E-16,0.,-1.));
#332 = ORIENTED_EDGE('',*,*,#21,.F.);
#333 = ORIENTED_EDGE('',*,*,#334,.T.);
#334 = EDGE_CURVE('',#22,#335,#337,.T.);
#335 = VERTEX_POINT('',#336);
#336 = CARTESIAN_POINT('',(-270.,45.15,15.1));
#337 = LINE('',#338,#339);
#338 = CARTESIAN_POINT('',(-270.,45.15,16.3));
#339 = VECTOR('',#340,1.);
#340 = DIRECTION('',(1.224646799147E-16,-0.,-1.));
#341 = ORIENTED_EDGE('',*,*,#342,.T.);
#342 = EDGE_CURVE('',#335,#343,#345,.T.);
#343 = VERTEX_POINT('',#344);
#344 = CARTESIAN_POINT('',(-270.,44.927802915781,15.1));
#345 = LINE('',#346,#347);
#346 = CARTESIAN_POINT('',(-270.,46.95,15.1));
#347 = VECTOR('',#348,1.);
#348 = DIRECTION('',(0.,-1.,-0.));
#349 = ORIENTED_EDGE('',*,*,#350,.T.);
#350 = EDGE_CURVE('',#343,#351,#353,.T.);
#351 = VERTEX_POINT('',#352);
#352 = CARTESIAN_POINT('',(-270.,42.472197084219,15.1));
#353 = ( BOUNDED_CURVE() B_SPLINE_CURVE(10,(#354,#355,#356,#357,#358,
    #359,#360,#361,#362,#363,#364),.UNSPECIFIED.,.F.,.F.) 
B_SPLINE_CURVE_WITH_KNOTS((11,11),(2.022197084219,4.477802915781),
.PIECEWISE_BEZIER_KNOTS.) CURVE() GEOMETRIC_REPRESENTATION_ITEM() 
RATIONAL_B_SPLINE_CURVE((1.,1.,1.,1.,1.,1.,1.,1.,1.,1.,1.)) 
REPRESENTATION_ITEM('') );
#354 = CARTESIAN_POINT('',(-270.,44.927802915781,15.1));
#355 = CARTESIAN_POINT('',(-270.,44.682242332625,15.1));
#356 = CARTESIAN_POINT('',(-270.,44.436681749469,15.073375854225));
#357 = CARTESIAN_POINT('',(-270.,44.191121166312,15.053727851527));
#358 = CARTESIAN_POINT('',(-270.,43.945560583156,15.033550495092));
#359 = CARTESIAN_POINT('',(-270.,43.7,15.032069601845));
#360 = CARTESIAN_POINT('',(-270.,43.454439416844,15.033550495092));
#361 = CARTESIAN_POINT('',(-270.,43.208878833688,15.053727851527));
#362 = CARTESIAN_POINT('',(-270.,42.963318250531,15.073375854225));
#363 = CARTESIAN_POINT('',(-270.,42.717757667375,15.1));
#364 = CARTESIAN_POINT('',(-270.,42.472197084219,15.1));
#365 = ORIENTED_EDGE('',*,*,#366,.T.);
#366 = EDGE_CURVE('',#351,#367,#369,.T.);
#367 = VERTEX_POINT('',#368);
#368 = CARTESIAN_POINT('',(-270.,-42.47219708421,15.1));
#369 = LINE('',#370,#371);
#370 = CARTESIAN_POINT('',(-270.,46.95,15.1));
#371 = VECTOR('',#372,1.);
#372 = DIRECTION('',(0.,-1.,-0.));
#373 = ORIENTED_EDGE('',*,*,#374,.T.);
#374 = EDGE_CURVE('',#367,#375,#377,.T.);
#375 = VERTEX_POINT('',#376);
#376 = CARTESIAN_POINT('',(-270.,-44.92780291578,15.1));
#377 = ( BOUNDED_CURVE() B_SPLINE_CURVE(10,(#378,#379,#380,#381,#382,
    #383,#384,#385,#386,#387,#388),.UNSPECIFIED.,.F.,.F.) 
B_SPLINE_CURVE_WITH_KNOTS((11,11),(89.422197084219,91.877802915781),
.PIECEWISE_BEZIER_KNOTS.) CURVE() GEOMETRIC_REPRESENTATION_ITEM() 
RATIONAL_B_SPLINE_CURVE((1.,1.,1.,1.,1.,1.,1.,1.,1.,1.,1.)) 
REPRESENTATION_ITEM('') );
#378 = CARTESIAN_POINT('',(-270.,-42.47219708421,15.1));
#379 = CARTESIAN_POINT('',(-270.,-42.71775766737,15.1));
#380 = CARTESIAN_POINT('',(-270.,-42.96331825053,15.073375854225));
#381 = CARTESIAN_POINT('',(-270.,-43.20887883368,15.053727851527));
#382 = CARTESIAN_POINT('',(-270.,-43.45443941684,15.033550495092));
#383 = CARTESIAN_POINT('',(-270.,-43.7,15.032069601845));
#384 = CARTESIAN_POINT('',(-270.,-43.94556058315,15.033550495092));
#385 = CARTESIAN_POINT('',(-270.,-44.19112116631,15.053727851527));
#386 = CARTESIAN_POINT('',(-270.,-44.43668174946,15.073375854225));
#387 = CARTESIAN_POINT('',(-270.,-44.68224233262,15.1));
#388 = CARTESIAN_POINT('',(-270.,-44.92780291578,15.1));
#389 = ORIENTED_EDGE('',*,*,#390,.T.);
#390 = EDGE_CURVE('',#375,#326,#391,.T.);
#391 = LINE('',#392,#393);
#392 = CARTESIAN_POINT('',(-270.,46.95,15.1));
#393 = VECTOR('',#394,1.);
#394 = DIRECTION('',(0.,-1.,-0.));
#395 = PLANE('',#396);
#396 = AXIS2_PLACEMENT_3D('',#397,#398,#399);
#397 = CARTESIAN_POINT('',(-270.,46.95,16.3));
#398 = DIRECTION('',(1.,0.,1.224646799147E-16));
#399 = DIRECTION('',(0.,1.,0.));
#400 = ADVANCED_FACE('',(#401),#420,.T.);
#401 = FACE_BOUND('',#402,.T.);
#402 = EDGE_LOOP('',(#403,#404,#412,#419));
#403 = ORIENTED_EDGE('',*,*,#96,.T.);
#404 = ORIENTED_EDGE('',*,*,#405,.T.);
#405 = EDGE_CURVE('',#89,#406,#408,.T.);
#406 = VERTEX_POINT('',#407);
#407 = CARTESIAN_POINT('',(-268.2,46.95,15.1));
#408 = LINE('',#409,#410);
#409 = CARTESIAN_POINT('',(-268.2,46.95,16.3));
#410 = VECTOR('',#411,1.);
#411 = DIRECTION('',(1.224646799147E-16,-0.,-1.));
#412 = ORIENTED_EDGE('',*,*,#413,.F.);
#413 = EDGE_CURVE('',#335,#406,#414,.T.);
#414 = CIRCLE('',#415,1.8);
#415 = AXIS2_PLACEMENT_3D('',#416,#417,#418);
#416 = CARTESIAN_POINT('',(-268.2,45.15,15.1));
#417 = DIRECTION('',(1.224646799147E-16,0.,-1.));
#418 = DIRECTION('',(0.,1.,0.));
#419 = ORIENTED_EDGE('',*,*,#334,.F.);
#420 = CYLINDRICAL_SURFACE('',#421,1.8);
#421 = AXIS2_PLACEMENT_3D('',#422,#423,#424);
#422 = CARTESIAN_POINT('',(-268.2,45.15,16.3));
#423 = DIRECTION('',(1.224646799147E-16,-0.,-1.));
#424 = DIRECTION('',(-1.,0.,-1.224646799147E-16));
#425 = ADVANCED_FACE('',(#426),#462,.F.);
#426 = FACE_BOUND('',#427,.T.);
#427 = EDGE_LOOP('',(#428,#429,#438,#446,#455,#461));
#428 = ORIENTED_EDGE('',*,*,#325,.T.);
#429 = ORIENTED_EDGE('',*,*,#430,.T.);
#430 = EDGE_CURVE('',#326,#431,#433,.T.);
#431 = VERTEX_POINT('',#432);
#432 = CARTESIAN_POINT('',(-268.2,-46.95,13.3));
#433 = CIRCLE('',#434,1.8);
#434 = AXIS2_PLACEMENT_3D('',#435,#436,#437);
#435 = CARTESIAN_POINT('',(-268.2,-46.95,15.1));
#436 = DIRECTION('',(-0.,-1.,0.));
#437 = DIRECTION('',(-1.224646799147E-16,0.,1.));
#438 = ORIENTED_EDGE('',*,*,#439,.T.);
#439 = EDGE_CURVE('',#431,#440,#442,.T.);
#440 = VERTEX_POINT('',#441);
#441 = CARTESIAN_POINT('',(-131.8,-46.95,13.3));
#442 = LINE('',#443,#444);
#443 = CARTESIAN_POINT('',(-270.,-46.95,13.3));
#444 = VECTOR('',#445,1.);
#445 = DIRECTION('',(1.,0.,1.224646799147E-16));
#446 = ORIENTED_EDGE('',*,*,#447,.F.);
#447 = EDGE_CURVE('',#448,#440,#450,.T.);
#448 = VERTEX_POINT('',#449);
#449 = CARTESIAN_POINT('',(-130.,-46.95,15.1));
#450 = CIRCLE('',#451,1.8);
#451 = AXIS2_PLACEMENT_3D('',#452,#453,#454);
#452 = CARTESIAN_POINT('',(-131.8,-46.95,15.1));
#453 = DIRECTION('',(0.,1.,0.));
#454 = DIRECTION('',(1.224646799147E-16,-0.,-1.));
#455 = ORIENTED_EDGE('',*,*,#456,.F.);
#456 = EDGE_CURVE('',#32,#448,#457,.T.);
#457 = LINE('',#458,#459);
#458 = CARTESIAN_POINT('',(-130.,-46.95,16.3));
#459 = VECTOR('',#460,1.);
#460 = DIRECTION('',(1.224646799147E-16,0.,-1.));
#461 = ORIENTED_EDGE('',*,*,#31,.F.);
#462 = PLANE('',#463);
#463 = AXIS2_PLACEMENT_3D('',#464,#465,#466);
#464 = CARTESIAN_POINT('',(-270.,-46.95,16.3));
#465 = DIRECTION('',(0.,1.,0.));
#466 = DIRECTION('',(-1.,-0.,-1.224646799147E-16));
#467 = ADVANCED_FACE('',(#468),#534,.F.);
#468 = FACE_BOUND('',#469,.T.);
#469 = EDGE_LOOP('',(#470,#471,#479,#487,#503,#511,#527,#533));
#470 = ORIENTED_EDGE('',*,*,#88,.F.);
#471 = ORIENTED_EDGE('',*,*,#472,.T.);
#472 = EDGE_CURVE('',#80,#473,#475,.T.);
#473 = VERTEX_POINT('',#474);
#474 = CARTESIAN_POINT('',(-131.8,46.95,15.1));
#475 = LINE('',#476,#477);
#476 = CARTESIAN_POINT('',(-131.8,46.95,16.3));
#477 = VECTOR('',#478,1.);
#478 = DIRECTION('',(1.224646799147E-16,-0.,-1.));
#479 = ORIENTED_EDGE('',*,*,#480,.T.);
#480 = EDGE_CURVE('',#473,#481,#483,.T.);
#481 = VERTEX_POINT('',#482);
#482 = CARTESIAN_POINT('',(-132.0221970842,46.95,15.1));
#483 = LINE('',#484,#485);
#484 = CARTESIAN_POINT('',(-130.,46.95,15.1));
#485 = VECTOR('',#486,1.);
#486 = DIRECTION('',(-1.,0.,-1.224646799147E-16));
#487 = ORIENTED_EDGE('',*,*,#488,.T.);
#488 = EDGE_CURVE('',#481,#489,#491,.T.);
#489 = VERTEX_POINT('',#490);
#490 = CARTESIAN_POINT('',(-134.4778029157,46.95,15.1));
#491 = ( BOUNDED_CURVE() B_SPLINE_CURVE(10,(#492,#493,#494,#495,#496,
    #497,#498,#499,#500,#501,#502),.UNSPECIFIED.,.F.,.F.) 
B_SPLINE_CURVE_WITH_KNOTS((11,11),(2.022197084219,4.477802915781),
.PIECEWISE_BEZIER_KNOTS.) CURVE() GEOMETRIC_REPRESENTATION_ITEM() 
RATIONAL_B_SPLINE_CURVE((1.,1.,1.,1.,1.,1.,1.,1.,1.,1.,1.)) 
REPRESENTATION_ITEM('') );
#492 = CARTESIAN_POINT('',(-132.0221970842,46.95,15.1));
#493 = CARTESIAN_POINT('',(-132.2677576673,46.95,15.1));
#494 = CARTESIAN_POINT('',(-132.5133182505,46.95,15.073375854225));
#495 = CARTESIAN_POINT('',(-132.7588788336,46.95,15.053727851527));
#496 = CARTESIAN_POINT('',(-133.0044394168,46.95,15.033550495092));
#497 = CARTESIAN_POINT('',(-133.25,46.95,15.032069601845));
#498 = CARTESIAN_POINT('',(-133.4955605831,46.95,15.033550495092));
#499 = CARTESIAN_POINT('',(-133.7411211663,46.95,15.053727851527));
#500 = CARTESIAN_POINT('',(-133.9866817494,46.95,15.073375854225));
#501 = CARTESIAN_POINT('',(-134.2322423326,46.95,15.1));
#502 = CARTESIAN_POINT('',(-134.4778029157,46.95,15.1));
#503 = ORIENTED_EDGE('',*,*,#504,.T.);
#504 = EDGE_CURVE('',#489,#505,#507,.T.);
#505 = VERTEX_POINT('',#506);
#506 = CARTESIAN_POINT('',(-265.5221970842,46.95,15.1));
#507 = LINE('',#508,#509);
#508 = CARTESIAN_POINT('',(-130.,46.95,15.1));
#509 = VECTOR('',#510,1.);
#510 = DIRECTION('',(-1.,0.,-1.224646799147E-16));
#511 = ORIENTED_EDGE('',*,*,#512,.T.);
#512 = EDGE_CURVE('',#505,#513,#515,.T.);
#513 = VERTEX_POINT('',#514);
#514 = CARTESIAN_POINT('',(-267.9778029157,46.95,15.1));
#515 = ( BOUNDED_CURVE() B_SPLINE_CURVE(10,(#516,#517,#518,#519,#520,
    #521,#522,#523,#524,#525,#526),.UNSPECIFIED.,.F.,.F.) 
B_SPLINE_CURVE_WITH_KNOTS((11,11),(135.52219708421,137.97780291578),
.PIECEWISE_BEZIER_KNOTS.) CURVE() GEOMETRIC_REPRESENTATION_ITEM() 
RATIONAL_B_SPLINE_CURVE((1.,1.,1.,1.,1.,1.,1.,1.,1.,1.,1.)) 
REPRESENTATION_ITEM('') );
#516 = CARTESIAN_POINT('',(-265.5221970842,46.95,15.1));
#517 = CARTESIAN_POINT('',(-265.7677576673,46.95,15.1));
#518 = CARTESIAN_POINT('',(-266.0133182505,46.95,15.073375854225));
#519 = CARTESIAN_POINT('',(-266.2588788336,46.95,15.053727851527));
#520 = CARTESIAN_POINT('',(-266.5044394168,46.95,15.033550495092));
#521 = CARTESIAN_POINT('',(-266.75,46.95,15.032069601845));
#522 = CARTESIAN_POINT('',(-266.9955605831,46.95,15.033550495092));
#523 = CARTESIAN_POINT('',(-267.2411211663,46.95,15.053727851527));
#524 = CARTESIAN_POINT('',(-267.4866817494,46.95,15.073375854225));
#525 = CARTESIAN_POINT('',(-267.7322423326,46.95,15.1));
#526 = CARTESIAN_POINT('',(-267.9778029157,46.95,15.1));
#527 = ORIENTED_EDGE('',*,*,#528,.T.);
#528 = EDGE_CURVE('',#513,#406,#529,.T.);
#529 = LINE('',#530,#531);
#530 = CARTESIAN_POINT('',(-130.,46.95,15.1));
#531 = VECTOR('',#532,1.);
#532 = DIRECTION('',(-1.,0.,-1.224646799147E-16));
#533 = ORIENTED_EDGE('',*,*,#405,.F.);
#534 = PLANE('',#535);
#535 = AXIS2_PLACEMENT_3D('',#536,#537,#538);
#536 = CARTESIAN_POINT('',(-130.,46.95,16.3));
#537 = DIRECTION('',(0.,-1.,0.));
#538 = DIRECTION('',(1.,0.,1.224646799147E-16));
#539 = ADVANCED_FACE('',(#540),#634,.F.);
#540 = FACE_BOUND('',#541,.T.);
#541 = EDGE_LOOP('',(#542,#543,#550,#551,#552,#560,#573,#586,#594,#607,
    #620,#628));
#542 = ORIENTED_EDGE('',*,*,#71,.F.);
#543 = ORIENTED_EDGE('',*,*,#544,.T.);
#544 = EDGE_CURVE('',#64,#40,#545,.T.);
#545 = CIRCLE('',#546,4.85);
#546 = AXIS2_PLACEMENT_3D('',#547,#548,#549);
#547 = CARTESIAN_POINT('',(-130.,-33.64,20.15));
#548 = DIRECTION('',(-1.,0.,-1.224646799147E-16));
#549 = DIRECTION('',(0.,1.,0.));
#550 = ORIENTED_EDGE('',*,*,#39,.F.);
#551 = ORIENTED_EDGE('',*,*,#456,.T.);
#552 = ORIENTED_EDGE('',*,*,#553,.T.);
#553 = EDGE_CURVE('',#448,#554,#556,.T.);
#554 = VERTEX_POINT('',#555);
#555 = CARTESIAN_POINT('',(-130.,-44.92780291578,15.1));
#556 = LINE('',#557,#558);
#557 = CARTESIAN_POINT('',(-130.,-46.95,15.1));
#558 = VECTOR('',#559,1.);
#559 = DIRECTION('',(0.,1.,0.));
#560 = ORIENTED_EDGE('',*,*,#561,.T.);
#561 = EDGE_CURVE('',#554,#562,#564,.T.);
#562 = VERTEX_POINT('',#563);
#563 = CARTESIAN_POINT('',(-130.,-43.7,15.042842505793));
#564 = ( BOUNDED_CURVE() B_SPLINE_CURVE(7,(#565,#566,#567,#568,#569,#570
,#571,#572),.UNSPECIFIED.,.F.,.F.) B_SPLINE_CURVE_WITH_KNOTS((8,8),(
2.022197084219,3.25),.PIECEWISE_BEZIER_KNOTS.) CURVE() 
GEOMETRIC_REPRESENTATION_ITEM() RATIONAL_B_SPLINE_CURVE((1.,1.,1.,1.,1.,
1.,1.,1.)) REPRESENTATION_ITEM('') );
#565 = CARTESIAN_POINT('',(-130.,-44.92780291578,15.1));
#566 = CARTESIAN_POINT('',(-130.,-44.75240249924,15.1));
#567 = CARTESIAN_POINT('',(-130.,-44.5770020827,15.085786850564));
#568 = CARTESIAN_POINT('',(-130.,-44.40160166616,15.071371504932));
#569 = CARTESIAN_POINT('',(-130.,-44.22620124962,15.057307532372));
#570 = CARTESIAN_POINT('',(-130.,-44.05080083308,15.047762929681));
#571 = CARTESIAN_POINT('',(-130.,-43.87540041654,15.042842505793));
#572 = CARTESIAN_POINT('',(-130.,-43.7,15.042842505793));
#573 = ORIENTED_EDGE('',*,*,#574,.T.);
#574 = EDGE_CURVE('',#562,#575,#577,.T.);
#575 = VERTEX_POINT('',#576);
#576 = CARTESIAN_POINT('',(-130.,-42.47219708421,15.1));
#577 = ( BOUNDED_CURVE() B_SPLINE_CURVE(7,(#578,#579,#580,#581,#582,#583
,#584,#585),.UNSPECIFIED.,.F.,.F.) B_SPLINE_CURVE_WITH_KNOTS((8,8),(3.25
,4.477802915781),.PIECEWISE_BEZIER_KNOTS.) CURVE() 
GEOMETRIC_REPRESENTATION_ITEM() RATIONAL_B_SPLINE_CURVE((1.,1.,1.,1.,1.,
1.,1.,1.)) REPRESENTATION_ITEM('') );
#578 = CARTESIAN_POINT('',(-130.,-43.7,15.042842505793));
#579 = CARTESIAN_POINT('',(-130.,-43.52459958346,15.042842505793));
#580 = CARTESIAN_POINT('',(-130.,-43.34919916692,15.047762929681));
#581 = CARTESIAN_POINT('',(-130.,-43.17379875038,15.057307532372));
#582 = CARTESIAN_POINT('',(-130.,-42.99839833384,15.071371504932));
#583 = CARTESIAN_POINT('',(-130.,-42.82299791729,15.085786850564));
#584 = CARTESIAN_POINT('',(-130.,-42.64759750075,15.1));
#585 = CARTESIAN_POINT('',(-130.,-42.47219708421,15.1));
#586 = ORIENTED_EDGE('',*,*,#587,.T.);
#587 = EDGE_CURVE('',#575,#588,#590,.T.);
#588 = VERTEX_POINT('',#589);
#589 = CARTESIAN_POINT('',(-130.,42.472197084219,15.1));
#590 = LINE('',#591,#592);
#591 = CARTESIAN_POINT('',(-130.,-46.95,15.1));
#592 = VECTOR('',#593,1.);
#593 = DIRECTION('',(0.,1.,0.));
#594 = ORIENTED_EDGE('',*,*,#595,.T.);
#595 = EDGE_CURVE('',#588,#596,#598,.T.);
#596 = VERTEX_POINT('',#597);
#597 = CARTESIAN_POINT('',(-130.,43.7,15.042842505793));
#598 = ( BOUNDED_CURVE() B_SPLINE_CURVE(7,(#599,#600,#601,#602,#603,#604
,#605,#606),.UNSPECIFIED.,.F.,.F.) B_SPLINE_CURVE_WITH_KNOTS((8,8),(
89.422197084219,90.65),.PIECEWISE_BEZIER_KNOTS.) CURVE() 
GEOMETRIC_REPRESENTATION_ITEM() RATIONAL_B_SPLINE_CURVE((1.,1.,1.,1.,1.,
1.,1.,1.)) REPRESENTATION_ITEM('') );
#599 = CARTESIAN_POINT('',(-130.,42.472197084219,15.1));
#600 = CARTESIAN_POINT('',(-130.,42.647597500759,15.1));
#601 = CARTESIAN_POINT('',(-130.,42.822997917299,15.085786850564));
#602 = CARTESIAN_POINT('',(-130.,42.99839833384,15.071371504932));
#603 = CARTESIAN_POINT('',(-130.,43.17379875038,15.057307532372));
#604 = CARTESIAN_POINT('',(-130.,43.34919916692,15.047762929681));
#605 = CARTESIAN_POINT('',(-130.,43.52459958346,15.042842505793));
#606 = CARTESIAN_POINT('',(-130.,43.7,15.042842505793));
#607 = ORIENTED_EDGE('',*,*,#608,.T.);
#608 = EDGE_CURVE('',#596,#609,#611,.T.);
#609 = VERTEX_POINT('',#610);
#610 = CARTESIAN_POINT('',(-130.,44.927802915781,15.1));
#611 = ( BOUNDED_CURVE() B_SPLINE_CURVE(7,(#612,#613,#614,#615,#616,#617
,#618,#619),.UNSPECIFIED.,.F.,.F.) B_SPLINE_CURVE_WITH_KNOTS((8,8),(
90.65,91.877802915781),.PIECEWISE_BEZIER_KNOTS.) CURVE() 
GEOMETRIC_REPRESENTATION_ITEM() RATIONAL_B_SPLINE_CURVE((1.,1.,1.,1.,1.,
1.,1.,1.)) REPRESENTATION_ITEM('') );
#612 = CARTESIAN_POINT('',(-130.,43.7,15.042842505793));
#613 = CARTESIAN_POINT('',(-130.,43.87540041654,15.042842505793));
#614 = CARTESIAN_POINT('',(-130.,44.05080083308,15.047762929681));
#615 = CARTESIAN_POINT('',(-130.,44.22620124962,15.057307532372));
#616 = CARTESIAN_POINT('',(-130.,44.401601666161,15.071371504932));
#617 = CARTESIAN_POINT('',(-130.,44.577002082701,15.085786850564));
#618 = CARTESIAN_POINT('',(-130.,44.752402499241,15.1));
#619 = CARTESIAN_POINT('',(-130.,44.927802915781,15.1));
#620 = ORIENTED_EDGE('',*,*,#621,.T.);
#621 = EDGE_CURVE('',#609,#622,#624,.T.);
#622 = VERTEX_POINT('',#623);
#623 = CARTESIAN_POINT('',(-130.,45.15,15.1));
#624 = LINE('',#625,#626);
#625 = CARTESIAN_POINT('',(-130.,-46.95,15.1));
#626 = VECTOR('',#627,1.);
#627 = DIRECTION('',(0.,1.,0.));
#628 = ORIENTED_EDGE('',*,*,#629,.F.);
#629 = EDGE_CURVE('',#72,#622,#630,.T.);
#630 = LINE('',#631,#632);
#631 = CARTESIAN_POINT('',(-130.,45.15,16.3));
#632 = VECTOR('',#633,1.);
#633 = DIRECTION('',(1.224646799147E-16,-0.,-1.));
#634 = PLANE('',#635);
#635 = AXIS2_PLACEMENT_3D('',#636,#637,#638);
#636 = CARTESIAN_POINT('',(-130.,-46.95,16.3));
#637 = DIRECTION('',(-1.,0.,-1.224646799147E-16));
#638 = DIRECTION('',(-0.,-1.,-0.));
#639 = ADVANCED_FACE('',(#640),#652,.T.);
#640 = FACE_BOUND('',#641,.T.);
#641 = EDGE_LOOP('',(#642,#643,#644,#651));
#642 = ORIENTED_EDGE('',*,*,#79,.T.);
#643 = ORIENTED_EDGE('',*,*,#629,.T.);
#644 = ORIENTED_EDGE('',*,*,#645,.F.);
#645 = EDGE_CURVE('',#473,#622,#646,.T.);
#646 = CIRCLE('',#647,1.8);
#647 = AXIS2_PLACEMENT_3D('',#648,#649,#650);
#648 = CARTESIAN_POINT('',(-131.8,45.15,15.1));
#649 = DIRECTION('',(6.246467991474E-17,0.,-1.));
#650 = DIRECTION('',(1.,0.,6.246467991474E-17));
#651 = ORIENTED_EDGE('',*,*,#472,.F.);
#652 = CYLINDRICAL_SURFACE('',#653,1.8);
#653 = AXIS2_PLACEMENT_3D('',#654,#655,#656);
#654 = CARTESIAN_POINT('',(-131.8,45.15,16.3));
#655 = DIRECTION('',(1.224646799147E-16,-0.,-1.));
#656 = DIRECTION('',(0.,1.,0.));
#657 = ADVANCED_FACE('',(#658),#670,.F.);
#658 = FACE_BOUND('',#659,.T.);
#659 = EDGE_LOOP('',(#660,#661,#662,#669));
#660 = ORIENTED_EDGE('',*,*,#544,.F.);
#661 = ORIENTED_EDGE('',*,*,#63,.F.);
#662 = ORIENTED_EDGE('',*,*,#663,.T.);
#663 = EDGE_CURVE('',#56,#48,#664,.T.);
#664 = CIRCLE('',#665,4.85);
#665 = AXIS2_PLACEMENT_3D('',#666,#667,#668);
#666 = CARTESIAN_POINT('',(-140.,-33.64,20.15));
#667 = DIRECTION('',(-1.,0.,-1.224646799147E-16));
#668 = DIRECTION('',(0.,1.,0.));
#669 = ORIENTED_EDGE('',*,*,#47,.T.);
#670 = CYLINDRICAL_SURFACE('',#671,4.85);
#671 = AXIS2_PLACEMENT_3D('',#672,#673,#674);
#672 = CARTESIAN_POINT('',(-130.,-33.64,20.15));
#673 = DIRECTION('',(1.,0.,1.224646799147E-16));
#674 = DIRECTION('',(0.,1.,0.));
#675 = ADVANCED_FACE('',(#676),#680,.T.);
#676 = FACE_BOUND('',#677,.F.);
#677 = EDGE_LOOP('',(#678,#679));
#678 = ORIENTED_EDGE('',*,*,#55,.T.);
#679 = ORIENTED_EDGE('',*,*,#663,.T.);
#680 = PLANE('',#681);
#681 = AXIS2_PLACEMENT_3D('',#682,#683,#684);
#682 = CARTESIAN_POINT('',(-140.,-33.64,20.15));
#683 = DIRECTION('',(1.,0.,1.224646799147E-16));
#684 = DIRECTION('',(-1.224646799147E-16,0.,1.));
#685 = ADVANCED_FACE('',(#686),#705,.F.);
#686 = FACE_BOUND('',#687,.T.);
#687 = EDGE_LOOP('',(#688,#696,#703,#704));
#688 = ORIENTED_EDGE('',*,*,#689,.F.);
#689 = EDGE_CURVE('',#690,#106,#692,.T.);
#690 = VERTEX_POINT('',#691);
#691 = CARTESIAN_POINT('',(-265.7,-43.70000000006,15.543));
#692 = LINE('',#693,#694);
#693 = CARTESIAN_POINT('',(-265.7,-43.70000000006,13.3));
#694 = VECTOR('',#695,1.);
#695 = DIRECTION('',(-1.224646799147E-16,0.,1.));
#696 = ORIENTED_EDGE('',*,*,#697,.F.);
#697 = EDGE_CURVE('',#690,#690,#698,.T.);
#698 = CIRCLE('',#699,1.05);
#699 = AXIS2_PLACEMENT_3D('',#700,#701,#702);
#700 = CARTESIAN_POINT('',(-266.75,-43.70000000006,15.543));
#701 = DIRECTION('',(-1.224646799147E-16,0.,1.));
#702 = DIRECTION('',(1.,0.,1.224646799147E-16));
#703 = ORIENTED_EDGE('',*,*,#689,.T.);
#704 = ORIENTED_EDGE('',*,*,#105,.T.);
#705 = CYLINDRICAL_SURFACE('',#706,1.05);
#706 = AXIS2_PLACEMENT_3D('',#707,#708,#709);
#707 = CARTESIAN_POINT('',(-266.75,-43.70000000006,13.3));
#708 = DIRECTION('',(1.224646799147E-16,0.,-1.));
#709 = DIRECTION('',(1.,0.,1.224646799147E-16));
#710 = ADVANCED_FACE('',(#711),#730,.F.);
#711 = FACE_BOUND('',#712,.T.);
#712 = EDGE_LOOP('',(#713,#721,#728,#729));
#713 = ORIENTED_EDGE('',*,*,#714,.F.);
#714 = EDGE_CURVE('',#715,#117,#717,.T.);
#715 = VERTEX_POINT('',#716);
#716 = CARTESIAN_POINT('',(-132.1999999999,-43.7,15.543));
#717 = LINE('',#718,#719);
#718 = CARTESIAN_POINT('',(-132.1999999999,-43.7,13.3));
#719 = VECTOR('',#720,1.);
#720 = DIRECTION('',(-1.224646799147E-16,0.,1.));
#721 = ORIENTED_EDGE('',*,*,#722,.F.);
#722 = EDGE_CURVE('',#715,#715,#723,.T.);
#723 = CIRCLE('',#724,1.05);
#724 = AXIS2_PLACEMENT_3D('',#725,#726,#727);
#725 = CARTESIAN_POINT('',(-133.2499999999,-43.7,15.543));
#726 = DIRECTION('',(-1.224646799147E-16,0.,1.));
#727 = DIRECTION('',(1.,0.,1.224646799147E-16));
#728 = ORIENTED_EDGE('',*,*,#714,.T.);
#729 = ORIENTED_EDGE('',*,*,#116,.T.);
#730 = CYLINDRICAL_SURFACE('',#731,1.05);
#731 = AXIS2_PLACEMENT_3D('',#732,#733,#734);
#732 = CARTESIAN_POINT('',(-133.2499999999,-43.7,13.3));
#733 = DIRECTION('',(1.224646799147E-16,0.,-1.));
#734 = DIRECTION('',(1.,0.,1.224646799147E-16));
#735 = ADVANCED_FACE('',(#736),#761,.F.);
#736 = FACE_BOUND('',#737,.T.);
#737 = EDGE_LOOP('',(#738,#748,#754,#755));
#738 = ORIENTED_EDGE('',*,*,#739,.F.);
#739 = EDGE_CURVE('',#740,#742,#744,.T.);
#740 = VERTEX_POINT('',#741);
#741 = CARTESIAN_POINT('',(-259.8,-19.25,13.3));
#742 = VERTEX_POINT('',#743);
#743 = CARTESIAN_POINT('',(-205.8,-19.25,13.3));
#744 = LINE('',#745,#746);
#745 = CARTESIAN_POINT('',(-261.3,-19.25,13.3));
#746 = VECTOR('',#747,1.);
#747 = DIRECTION('',(1.,0.,1.224646799147E-16));
#748 = ORIENTED_EDGE('',*,*,#749,.T.);
#749 = EDGE_CURVE('',#740,#130,#750,.T.);
#750 = LINE('',#751,#752);
#751 = CARTESIAN_POINT('',(-259.8,-19.25,13.3));
#752 = VECTOR('',#753,1.);
#753 = DIRECTION('',(-1.224646799147E-16,0.,1.));
#754 = ORIENTED_EDGE('',*,*,#127,.F.);
#755 = ORIENTED_EDGE('',*,*,#756,.F.);
#756 = EDGE_CURVE('',#742,#128,#757,.T.);
#757 = LINE('',#758,#759);
#758 = CARTESIAN_POINT('',(-205.8,-19.25,13.3));
#759 = VECTOR('',#760,1.);
#760 = DIRECTION('',(-1.224646799147E-16,0.,1.));
#761 = PLANE('',#762);
#762 = AXIS2_PLACEMENT_3D('',#763,#764,#765);
#763 = CARTESIAN_POINT('',(-261.3,-19.25,13.3));
#764 = DIRECTION('',(0.,-1.,0.));
#765 = DIRECTION('',(-1.,-0.,-1.224646799147E-16));
#766 = ADVANCED_FACE('',(#767),#786,.T.);
#767 = FACE_BOUND('',#768,.F.);
#768 = EDGE_LOOP('',(#769,#778,#784,#785));
#769 = ORIENTED_EDGE('',*,*,#770,.T.);
#770 = EDGE_CURVE('',#742,#771,#773,.T.);
#771 = VERTEX_POINT('',#772);
#772 = CARTESIAN_POINT('',(-204.3,-20.75,13.3));
#773 = CIRCLE('',#774,1.5);
#774 = AXIS2_PLACEMENT_3D('',#775,#776,#777);
#775 = CARTESIAN_POINT('',(-205.8,-20.75,13.3));
#776 = DIRECTION('',(1.224646799147E-16,0.,-1.));
#777 = DIRECTION('',(0.,1.,0.));
#778 = ORIENTED_EDGE('',*,*,#779,.T.);
#779 = EDGE_CURVE('',#771,#215,#780,.T.);
#780 = LINE('',#781,#782);
#781 = CARTESIAN_POINT('',(-204.3,-20.75,13.3));
#782 = VECTOR('',#783,1.);
#783 = DIRECTION('',(-1.224646799147E-16,0.,1.));
#784 = ORIENTED_EDGE('',*,*,#222,.F.);
#785 = ORIENTED_EDGE('',*,*,#756,.F.);
#786 = CYLINDRICAL_SURFACE('',#787,1.5);
#787 = AXIS2_PLACEMENT_3D('',#788,#789,#790);
#788 = CARTESIAN_POINT('',(-205.8,-20.75,13.3));
#789 = DIRECTION('',(-1.224646799147E-16,0.,1.));
#790 = DIRECTION('',(0.,1.,0.));
#791 = ADVANCED_FACE('',(#792),#811,.F.);
#792 = FACE_BOUND('',#793,.T.);
#793 = EDGE_LOOP('',(#794,#803,#809,#810));
#794 = ORIENTED_EDGE('',*,*,#795,.T.);
#795 = EDGE_CURVE('',#740,#796,#798,.T.);
#796 = VERTEX_POINT('',#797);
#797 = CARTESIAN_POINT('',(-261.3,-17.75,13.3));
#798 = CIRCLE('',#799,1.5);
#799 = AXIS2_PLACEMENT_3D('',#800,#801,#802);
#800 = CARTESIAN_POINT('',(-259.8,-17.75,13.3));
#801 = DIRECTION('',(1.224646799147E-16,0.,-1.));
#802 = DIRECTION('',(0.,1.,0.));
#803 = ORIENTED_EDGE('',*,*,#804,.T.);
#804 = EDGE_CURVE('',#796,#138,#805,.T.);
#805 = LINE('',#806,#807);
#806 = CARTESIAN_POINT('',(-261.3,-17.75,13.3));
#807 = VECTOR('',#808,1.);
#808 = DIRECTION('',(-1.224646799147E-16,0.,1.));
#809 = ORIENTED_EDGE('',*,*,#137,.F.);
#810 = ORIENTED_EDGE('',*,*,#749,.F.);
#811 = CYLINDRICAL_SURFACE('',#812,1.5);
#812 = AXIS2_PLACEMENT_3D('',#813,#814,#815);
#813 = CARTESIAN_POINT('',(-259.8,-17.75,13.3));
#814 = DIRECTION('',(-1.224646799147E-16,0.,1.));
#815 = DIRECTION('',(0.,-1.,0.));
#816 = ADVANCED_FACE('',(#817),#835,.F.);
#817 = FACE_BOUND('',#818,.T.);
#818 = EDGE_LOOP('',(#819,#827,#828,#829));
#819 = ORIENTED_EDGE('',*,*,#820,.F.);
#820 = EDGE_CURVE('',#771,#821,#823,.T.);
#821 = VERTEX_POINT('',#822);
#822 = CARTESIAN_POINT('',(-204.3,-36.75,13.3));
#823 = LINE('',#824,#825);
#824 = CARTESIAN_POINT('',(-204.3,-19.25,13.3));
#825 = VECTOR('',#826,1.);
#826 = DIRECTION('',(0.,-1.,0.));
#827 = ORIENTED_EDGE('',*,*,#779,.T.);
#828 = ORIENTED_EDGE('',*,*,#214,.F.);
#829 = ORIENTED_EDGE('',*,*,#830,.F.);
#830 = EDGE_CURVE('',#821,#206,#831,.T.);
#831 = LINE('',#832,#833);
#832 = CARTESIAN_POINT('',(-204.3,-36.75,13.3));
#833 = VECTOR('',#834,1.);
#834 = DIRECTION('',(-1.224646799147E-16,0.,1.));
#835 = PLANE('',#836);
#836 = AXIS2_PLACEMENT_3D('',#837,#838,#839);
#837 = CARTESIAN_POINT('',(-204.3,-19.25,13.3));
#838 = DIRECTION('',(-1.,0.,-1.224646799147E-16));
#839 = DIRECTION('',(0.,1.,0.));
#840 = ADVANCED_FACE('',(#841),#859,.F.);
#841 = FACE_BOUND('',#842,.T.);
#842 = EDGE_LOOP('',(#843,#851,#857,#858));
#843 = ORIENTED_EDGE('',*,*,#844,.F.);
#844 = EDGE_CURVE('',#845,#796,#847,.T.);
#845 = VERTEX_POINT('',#846);
#846 = CARTESIAN_POINT('',(-261.3,36.75,13.3));
#847 = LINE('',#848,#849);
#848 = CARTESIAN_POINT('',(-261.3,38.25,13.3));
#849 = VECTOR('',#850,1.);
#850 = DIRECTION('',(0.,-1.,0.));
#851 = ORIENTED_EDGE('',*,*,#852,.T.);
#852 = EDGE_CURVE('',#845,#147,#853,.T.);
#853 = LINE('',#854,#855);
#854 = CARTESIAN_POINT('',(-261.3,36.75,13.3));
#855 = VECTOR('',#856,1.);
#856 = DIRECTION('',(-1.224646799147E-16,0.,1.));
#857 = ORIENTED_EDGE('',*,*,#146,.F.);
#858 = ORIENTED_EDGE('',*,*,#804,.F.);
#859 = PLANE('',#860);
#860 = AXIS2_PLACEMENT_3D('',#861,#862,#863);
#861 = CARTESIAN_POINT('',(-261.3,38.25,13.3));
#862 = DIRECTION('',(-1.,0.,-1.224646799147E-16));
#863 = DIRECTION('',(0.,1.,0.));
#864 = ADVANCED_FACE('',(#865),#884,.F.);
#865 = FACE_BOUND('',#866,.F.);
#866 = EDGE_LOOP('',(#867,#876,#882,#883));
#867 = ORIENTED_EDGE('',*,*,#868,.T.);
#868 = EDGE_CURVE('',#821,#869,#871,.T.);
#869 = VERTEX_POINT('',#870);
#870 = CARTESIAN_POINT('',(-202.8,-38.25,13.3));
#871 = CIRCLE('',#872,1.5);
#872 = AXIS2_PLACEMENT_3D('',#873,#874,#875);
#873 = CARTESIAN_POINT('',(-202.8,-36.75,13.3));
#874 = DIRECTION('',(-1.224646799147E-16,0.,1.));
#875 = DIRECTION('',(0.,1.,0.));
#876 = ORIENTED_EDGE('',*,*,#877,.T.);
#877 = EDGE_CURVE('',#869,#198,#878,.T.);
#878 = LINE('',#879,#880);
#879 = CARTESIAN_POINT('',(-202.8,-38.25,13.3));
#880 = VECTOR('',#881,1.);
#881 = DIRECTION('',(-1.224646799147E-16,0.,1.));
#882 = ORIENTED_EDGE('',*,*,#205,.F.);
#883 = ORIENTED_EDGE('',*,*,#830,.F.);
#884 = CYLINDRICAL_SURFACE('',#885,1.5);
#885 = AXIS2_PLACEMENT_3D('',#886,#887,#888);
#886 = CARTESIAN_POINT('',(-202.8,-36.75,13.3));
#887 = DIRECTION('',(-1.224646799147E-16,0.,1.));
#888 = DIRECTION('',(-1.,0.,-1.224646799147E-16));
#889 = ADVANCED_FACE('',(#890),#909,.F.);
#890 = FACE_BOUND('',#891,.T.);
#891 = EDGE_LOOP('',(#892,#901,#907,#908));
#892 = ORIENTED_EDGE('',*,*,#893,.T.);
#893 = EDGE_CURVE('',#845,#894,#896,.T.);
#894 = VERTEX_POINT('',#895);
#895 = CARTESIAN_POINT('',(-259.8,38.25,13.3));
#896 = CIRCLE('',#897,1.5);
#897 = AXIS2_PLACEMENT_3D('',#898,#899,#900);
#898 = CARTESIAN_POINT('',(-259.8,36.75,13.3));
#899 = DIRECTION('',(1.224646799147E-16,0.,-1.));
#900 = DIRECTION('',(0.,1.,0.));
#901 = ORIENTED_EDGE('',*,*,#902,.T.);
#902 = EDGE_CURVE('',#894,#155,#903,.T.);
#903 = LINE('',#904,#905);
#904 = CARTESIAN_POINT('',(-259.8,38.25,13.3));
#905 = VECTOR('',#906,1.);
#906 = DIRECTION('',(-1.224646799147E-16,0.,1.));
#907 = ORIENTED_EDGE('',*,*,#154,.F.);
#908 = ORIENTED_EDGE('',*,*,#852,.F.);
#909 = CYLINDRICAL_SURFACE('',#910,1.5);
#910 = AXIS2_PLACEMENT_3D('',#911,#912,#913);
#911 = CARTESIAN_POINT('',(-259.8,36.75,13.3));
#912 = DIRECTION('',(-1.224646799147E-16,0.,1.));
#913 = DIRECTION('',(-1.,0.,-1.224646799147E-16));
#914 = ADVANCED_FACE('',(#915),#933,.F.);
#915 = FACE_BOUND('',#916,.T.);
#916 = EDGE_LOOP('',(#917,#925,#926,#927));
#917 = ORIENTED_EDGE('',*,*,#918,.F.);
#918 = EDGE_CURVE('',#869,#919,#921,.T.);
#919 = VERTEX_POINT('',#920);
#920 = CARTESIAN_POINT('',(-167.3,-38.25,13.3));
#921 = LINE('',#922,#923);
#922 = CARTESIAN_POINT('',(-204.3,-38.25,13.3));
#923 = VECTOR('',#924,1.);
#924 = DIRECTION('',(1.,0.,1.224646799147E-16));
#925 = ORIENTED_EDGE('',*,*,#877,.T.);
#926 = ORIENTED_EDGE('',*,*,#197,.F.);
#927 = ORIENTED_EDGE('',*,*,#928,.F.);
#928 = EDGE_CURVE('',#919,#189,#929,.T.);
#929 = LINE('',#930,#931);
#930 = CARTESIAN_POINT('',(-167.3,-38.25,13.3));
#931 = VECTOR('',#932,1.);
#932 = DIRECTION('',(-1.224646799147E-16,0.,1.));
#933 = PLANE('',#934);
#934 = AXIS2_PLACEMENT_3D('',#935,#936,#937);
#935 = CARTESIAN_POINT('',(-204.3,-38.25,13.3));
#936 = DIRECTION('',(0.,-1.,0.));
#937 = DIRECTION('',(-1.,-0.,-1.224646799147E-16));
#938 = ADVANCED_FACE('',(#939),#957,.T.);
#939 = FACE_BOUND('',#940,.F.);
#940 = EDGE_LOOP('',(#941,#949,#950,#951));
#941 = ORIENTED_EDGE('',*,*,#942,.F.);
#942 = EDGE_CURVE('',#894,#943,#945,.T.);
#943 = VERTEX_POINT('',#944);
#944 = CARTESIAN_POINT('',(-167.3,38.25,13.3));
#945 = LINE('',#946,#947);
#946 = CARTESIAN_POINT('',(-261.3,38.25,13.3));
#947 = VECTOR('',#948,1.);
#948 = DIRECTION('',(1.,0.,1.224646799147E-16));
#949 = ORIENTED_EDGE('',*,*,#902,.T.);
#950 = ORIENTED_EDGE('',*,*,#163,.F.);
#951 = ORIENTED_EDGE('',*,*,#952,.F.);
#952 = EDGE_CURVE('',#943,#164,#953,.T.);
#953 = LINE('',#954,#955);
#954 = CARTESIAN_POINT('',(-167.3,38.25,13.3));
#955 = VECTOR('',#956,1.);
#956 = DIRECTION('',(-1.224646799147E-16,0.,1.));
#957 = PLANE('',#958);
#958 = AXIS2_PLACEMENT_3D('',#959,#960,#961);
#959 = CARTESIAN_POINT('',(-261.3,38.25,13.3));
#960 = DIRECTION('',(0.,-1.,0.));
#961 = DIRECTION('',(-1.,-0.,-1.224646799147E-16));
#962 = ADVANCED_FACE('',(#963),#982,.F.);
#963 = FACE_BOUND('',#964,.F.);
#964 = EDGE_LOOP('',(#965,#974,#980,#981));
#965 = ORIENTED_EDGE('',*,*,#966,.T.);
#966 = EDGE_CURVE('',#919,#967,#969,.T.);
#967 = VERTEX_POINT('',#968);
#968 = CARTESIAN_POINT('',(-165.8,-36.75,13.3));
#969 = CIRCLE('',#970,1.5);
#970 = AXIS2_PLACEMENT_3D('',#971,#972,#973);
#971 = CARTESIAN_POINT('',(-167.3,-36.75,13.3));
#972 = DIRECTION('',(-1.224646799147E-16,0.,1.));
#973 = DIRECTION('',(0.,1.,0.));
#974 = ORIENTED_EDGE('',*,*,#975,.T.);
#975 = EDGE_CURVE('',#967,#181,#976,.T.);
#976 = LINE('',#977,#978);
#977 = CARTESIAN_POINT('',(-165.8,-36.75,13.3));
#978 = VECTOR('',#979,1.);
#979 = DIRECTION('',(-1.224646799147E-16,0.,1.));
#980 = ORIENTED_EDGE('',*,*,#188,.F.);
#981 = ORIENTED_EDGE('',*,*,#928,.F.);
#982 = CYLINDRICAL_SURFACE('',#983,1.5);
#983 = AXIS2_PLACEMENT_3D('',#984,#985,#986);
#984 = CARTESIAN_POINT('',(-167.3,-36.75,13.3));
#985 = DIRECTION('',(-1.224646799147E-16,0.,1.));
#986 = DIRECTION('',(0.,-1.,0.));
#987 = ADVANCED_FACE('',(#988),#1007,.F.);
#988 = FACE_BOUND('',#989,.T.);
#989 = EDGE_LOOP('',(#990,#999,#1005,#1006));
#990 = ORIENTED_EDGE('',*,*,#991,.T.);
#991 = EDGE_CURVE('',#943,#992,#994,.T.);
#992 = VERTEX_POINT('',#993);
#993 = CARTESIAN_POINT('',(-165.8,36.75,13.3));
#994 = CIRCLE('',#995,1.5);
#995 = AXIS2_PLACEMENT_3D('',#996,#997,#998);
#996 = CARTESIAN_POINT('',(-167.3,36.75,13.3));
#997 = DIRECTION('',(1.224646799147E-16,0.,-1.));
#998 = DIRECTION('',(0.,1.,0.));
#999 = ORIENTED_EDGE('',*,*,#1000,.T.);
#1000 = EDGE_CURVE('',#992,#172,#1001,.T.);
#1001 = LINE('',#1002,#1003);
#1002 = CARTESIAN_POINT('',(-165.8,36.75,13.3));
#1003 = VECTOR('',#1004,1.);
#1004 = DIRECTION('',(-1.224646799147E-16,0.,1.));
#1005 = ORIENTED_EDGE('',*,*,#171,.F.);
#1006 = ORIENTED_EDGE('',*,*,#952,.F.);
#1007 = CYLINDRICAL_SURFACE('',#1008,1.5);
#1008 = AXIS2_PLACEMENT_3D('',#1009,#1010,#1011);
#1009 = CARTESIAN_POINT('',(-167.3,36.75,13.3));
#1010 = DIRECTION('',(-1.224646799147E-16,0.,1.));
#1011 = DIRECTION('',(0.,1.,0.));
#1012 = ADVANCED_FACE('',(#1013),#1024,.T.);
#1013 = FACE_BOUND('',#1014,.F.);
#1014 = EDGE_LOOP('',(#1015,#1021,#1022,#1023));
#1015 = ORIENTED_EDGE('',*,*,#1016,.F.);
#1016 = EDGE_CURVE('',#992,#967,#1017,.T.);
#1017 = LINE('',#1018,#1019);
#1018 = CARTESIAN_POINT('',(-165.8,38.25,13.3));
#1019 = VECTOR('',#1020,1.);
#1020 = DIRECTION('',(0.,-1.,0.));
#1021 = ORIENTED_EDGE('',*,*,#1000,.T.);
#1022 = ORIENTED_EDGE('',*,*,#180,.F.);
#1023 = ORIENTED_EDGE('',*,*,#975,.F.);
#1024 = PLANE('',#1025);
#1025 = AXIS2_PLACEMENT_3D('',#1026,#1027,#1028);
#1026 = CARTESIAN_POINT('',(-165.8,38.25,13.3));
#1027 = DIRECTION('',(-1.,0.,-1.224646799147E-16));
#1028 = DIRECTION('',(0.,1.,0.));
#1029 = ADVANCED_FACE('',(#1030),#1049,.F.);
#1030 = FACE_BOUND('',#1031,.T.);
#1031 = EDGE_LOOP('',(#1032,#1040,#1047,#1048));
#1032 = ORIENTED_EDGE('',*,*,#1033,.F.);
#1033 = EDGE_CURVE('',#1034,#232,#1036,.T.);
#1034 = VERTEX_POINT('',#1035);
#1035 = CARTESIAN_POINT('',(-265.7,43.7,15.543));
#1036 = LINE('',#1037,#1038);
#1037 = CARTESIAN_POINT('',(-265.7,43.7,13.3));
#1038 = VECTOR('',#1039,1.);
#1039 = DIRECTION('',(-1.224646799147E-16,0.,1.));
#1040 = ORIENTED_EDGE('',*,*,#1041,.F.);
#1041 = EDGE_CURVE('',#1034,#1034,#1042,.T.);
#1042 = CIRCLE('',#1043,1.05);
#1043 = AXIS2_PLACEMENT_3D('',#1044,#1045,#1046);
#1044 = CARTESIAN_POINT('',(-266.75,43.7,15.543));
#1045 = DIRECTION('',(-1.224646799147E-16,0.,1.));
#1046 = DIRECTION('',(1.,0.,1.224646799147E-16));
#1047 = ORIENTED_EDGE('',*,*,#1033,.T.);
#1048 = ORIENTED_EDGE('',*,*,#231,.T.);
#1049 = CYLINDRICAL_SURFACE('',#1050,1.05);
#1050 = AXIS2_PLACEMENT_3D('',#1051,#1052,#1053);
#1051 = CARTESIAN_POINT('',(-266.75,43.7,13.3));
#1052 = DIRECTION('',(1.224646799147E-16,0.,-1.));
#1053 = DIRECTION('',(1.,0.,1.224646799147E-16));
#1054 = ADVANCED_FACE('',(#1055),#1096,.F.);
#1055 = FACE_BOUND('',#1056,.T.);
#1056 = EDGE_LOOP('',(#1057,#1067,#1075,#1083,#1089,#1090));
#1057 = ORIENTED_EDGE('',*,*,#1058,.F.);
#1058 = EDGE_CURVE('',#1059,#1061,#1063,.T.);
#1059 = VERTEX_POINT('',#1060);
#1060 = CARTESIAN_POINT('',(-158.76292,17.46064,13.3));
#1061 = VERTEX_POINT('',#1062);
#1062 = CARTESIAN_POINT('',(-158.76292,-21.18656,13.3));
#1063 = LINE('',#1064,#1065);
#1064 = CARTESIAN_POINT('',(-158.76292,17.46064,13.3));
#1065 = VECTOR('',#1066,1.);
#1066 = DIRECTION('',(0.,-1.,0.));
#1067 = ORIENTED_EDGE('',*,*,#1068,.T.);
#1068 = EDGE_CURVE('',#1059,#1069,#1071,.T.);
#1069 = VERTEX_POINT('',#1070);
#1070 = CARTESIAN_POINT('',(-158.76292,17.46064,14.8));
#1071 = LINE('',#1072,#1073);
#1072 = CARTESIAN_POINT('',(-158.76292,17.46064,13.3));
#1073 = VECTOR('',#1074,1.);
#1074 = DIRECTION('',(-1.224646799147E-16,0.,1.));
#1075 = ORIENTED_EDGE('',*,*,#1076,.F.);
#1076 = EDGE_CURVE('',#1077,#1069,#1079,.T.);
#1077 = VERTEX_POINT('',#1078);
#1078 = CARTESIAN_POINT('',(-158.76292,-18.45,14.8));
#1079 = LINE('',#1080,#1081);
#1080 = CARTESIAN_POINT('',(-158.76292,14.50532,14.8));
#1081 = VECTOR('',#1082,1.);
#1082 = DIRECTION('',(0.,1.,0.));
#1083 = ORIENTED_EDGE('',*,*,#1084,.F.);
#1084 = EDGE_CURVE('',#245,#1077,#1085,.T.);
#1085 = LINE('',#1086,#1087);
#1086 = CARTESIAN_POINT('',(-158.76292,-18.45,14.8));
#1087 = VECTOR('',#1088,1.);
#1088 = DIRECTION('',(1.224646799147E-16,0.,-1.));
#1089 = ORIENTED_EDGE('',*,*,#242,.F.);
#1090 = ORIENTED_EDGE('',*,*,#1091,.F.);
#1091 = EDGE_CURVE('',#1061,#243,#1092,.T.);
#1092 = LINE('',#1093,#1094);
#1093 = CARTESIAN_POINT('',(-158.76292,-21.18656,13.3));
#1094 = VECTOR('',#1095,1.);
#1095 = DIRECTION('',(-1.224646799147E-16,0.,1.));
#1096 = PLANE('',#1097);
#1097 = AXIS2_PLACEMENT_3D('',#1098,#1099,#1100);
#1098 = CARTESIAN_POINT('',(-158.76292,17.46064,13.3));
#1099 = DIRECTION('',(-1.,0.,-1.224646799147E-16));
#1100 = DIRECTION('',(0.,1.,0.));
#1101 = ADVANCED_FACE('',(#1102),#1120,.F.);
#1102 = FACE_BOUND('',#1103,.T.);
#1103 = EDGE_LOOP('',(#1104,#1112,#1113,#1114));
#1104 = ORIENTED_EDGE('',*,*,#1105,.F.);
#1105 = EDGE_CURVE('',#1061,#1106,#1108,.T.);
#1106 = VERTEX_POINT('',#1107);
#1107 = CARTESIAN_POINT('',(-146.26292,-21.18656,13.3));
#1108 = LINE('',#1109,#1110);
#1109 = CARTESIAN_POINT('',(-158.76292,-21.18656,13.3));
#1110 = VECTOR('',#1111,1.);
#1111 = DIRECTION('',(1.,0.,1.224646799147E-16));
#1112 = ORIENTED_EDGE('',*,*,#1091,.T.);
#1113 = ORIENTED_EDGE('',*,*,#300,.F.);
#1114 = ORIENTED_EDGE('',*,*,#1115,.F.);
#1115 = EDGE_CURVE('',#1106,#293,#1116,.T.);
#1116 = LINE('',#1117,#1118);
#1117 = CARTESIAN_POINT('',(-146.26292,-21.18656,13.3));
#1118 = VECTOR('',#1119,1.);
#1119 = DIRECTION('',(-1.224646799147E-16,0.,1.));
#1120 = PLANE('',#1121);
#1121 = AXIS2_PLACEMENT_3D('',#1122,#1123,#1124);
#1122 = CARTESIAN_POINT('',(-158.76292,-21.18656,13.3));
#1123 = DIRECTION('',(0.,-1.,0.));
#1124 = DIRECTION('',(-1.,-0.,-1.224646799147E-16));
#1125 = ADVANCED_FACE('',(#1126),#1144,.F.);
#1126 = FACE_BOUND('',#1127,.T.);
#1127 = EDGE_LOOP('',(#1128,#1129,#1130,#1138));
#1128 = ORIENTED_EDGE('',*,*,#252,.F.);
#1129 = ORIENTED_EDGE('',*,*,#1084,.T.);
#1130 = ORIENTED_EDGE('',*,*,#1131,.T.);
#1131 = EDGE_CURVE('',#1077,#1132,#1134,.T.);
#1132 = VERTEX_POINT('',#1133);
#1133 = CARTESIAN_POINT('',(-164.,-18.45,14.8));
#1134 = LINE('',#1135,#1136);
#1135 = CARTESIAN_POINT('',(-140.,-18.45,14.8));
#1136 = VECTOR('',#1137,1.);
#1137 = DIRECTION('',(-1.,0.,-1.224646799147E-16));
#1138 = ORIENTED_EDGE('',*,*,#1139,.F.);
#1139 = EDGE_CURVE('',#253,#1132,#1140,.T.);
#1140 = LINE('',#1141,#1142);
#1141 = CARTESIAN_POINT('',(-164.,-18.45,16.3));
#1142 = VECTOR('',#1143,1.);
#1143 = DIRECTION('',(1.224646799147E-16,0.,-1.));
#1144 = PLANE('',#1145);
#1145 = AXIS2_PLACEMENT_3D('',#1146,#1147,#1148);
#1146 = CARTESIAN_POINT('',(-140.,-18.45,16.3));
#1147 = DIRECTION('',(0.,-1.,0.));
#1148 = DIRECTION('',(1.,0.,1.224646799147E-16));
#1149 = ADVANCED_FACE('',(#1150),#1184,.F.);
#1150 = FACE_BOUND('',#1151,.T.);
#1151 = EDGE_LOOP('',(#1152,#1160,#1161,#1162,#1170,#1178));
#1152 = ORIENTED_EDGE('',*,*,#1153,.F.);
#1153 = EDGE_CURVE('',#1106,#1154,#1156,.T.);
#1154 = VERTEX_POINT('',#1155);
#1155 = CARTESIAN_POINT('',(-146.26292,17.46064,13.3));
#1156 = LINE('',#1157,#1158);
#1157 = CARTESIAN_POINT('',(-146.26292,-21.18656,13.3));
#1158 = VECTOR('',#1159,1.);
#1159 = DIRECTION('',(0.,1.,0.));
#1160 = ORIENTED_EDGE('',*,*,#1115,.T.);
#1161 = ORIENTED_EDGE('',*,*,#292,.F.);
#1162 = ORIENTED_EDGE('',*,*,#1163,.F.);
#1163 = EDGE_CURVE('',#1164,#285,#1166,.T.);
#1164 = VERTEX_POINT('',#1165);
#1165 = CARTESIAN_POINT('',(-146.26292,-18.45,14.8));
#1166 = LINE('',#1167,#1168);
#1167 = CARTESIAN_POINT('',(-146.26292,-18.45,14.8));
#1168 = VECTOR('',#1169,1.);
#1169 = DIRECTION('',(-1.224646799147E-16,0.,1.));
#1170 = ORIENTED_EDGE('',*,*,#1171,.F.);
#1171 = EDGE_CURVE('',#1172,#1164,#1174,.T.);
#1172 = VERTEX_POINT('',#1173);
#1173 = CARTESIAN_POINT('',(-146.26292,17.46064,14.8));
#1174 = LINE('',#1175,#1176);
#1175 = CARTESIAN_POINT('',(-146.26292,-4.81828,14.8));
#1176 = VECTOR('',#1177,1.);
#1177 = DIRECTION('',(0.,-1.,0.));
#1178 = ORIENTED_EDGE('',*,*,#1179,.F.);
#1179 = EDGE_CURVE('',#1154,#1172,#1180,.T.);
#1180 = LINE('',#1181,#1182);
#1181 = CARTESIAN_POINT('',(-146.26292,17.46064,13.3));
#1182 = VECTOR('',#1183,1.);
#1183 = DIRECTION('',(-1.224646799147E-16,0.,1.));
#1184 = PLANE('',#1185);
#1185 = AXIS2_PLACEMENT_3D('',#1186,#1187,#1188);
#1186 = CARTESIAN_POINT('',(-146.26292,-21.18656,13.3));
#1187 = DIRECTION('',(1.,0.,1.224646799147E-16));
#1188 = DIRECTION('',(-0.,-1.,-0.));
#1189 = ADVANCED_FACE('',(#1190),#1208,.F.);
#1190 = FACE_BOUND('',#1191,.T.);
#1191 = EDGE_LOOP('',(#1192,#1193,#1201,#1207));
#1192 = ORIENTED_EDGE('',*,*,#1139,.T.);
#1193 = ORIENTED_EDGE('',*,*,#1194,.T.);
#1194 = EDGE_CURVE('',#1132,#1195,#1197,.T.);
#1195 = VERTEX_POINT('',#1196);
#1196 = CARTESIAN_POINT('',(-164.,41.55,14.8));
#1197 = LINE('',#1198,#1199);
#1198 = CARTESIAN_POINT('',(-164.,-18.45,14.8));
#1199 = VECTOR('',#1200,1.);
#1200 = DIRECTION('',(0.,1.,0.));
#1201 = ORIENTED_EDGE('',*,*,#1202,.F.);
#1202 = EDGE_CURVE('',#261,#1195,#1203,.T.);
#1203 = LINE('',#1204,#1205);
#1204 = CARTESIAN_POINT('',(-164.,41.55,16.3));
#1205 = VECTOR('',#1206,1.);
#1206 = DIRECTION('',(1.224646799147E-16,0.,-1.));
#1207 = ORIENTED_EDGE('',*,*,#260,.F.);
#1208 = PLANE('',#1209);
#1209 = AXIS2_PLACEMENT_3D('',#1210,#1211,#1212);
#1210 = CARTESIAN_POINT('',(-164.,-18.45,16.3));
#1211 = DIRECTION('',(-1.,0.,-1.224646799147E-16));
#1212 = DIRECTION('',(-0.,-1.,-0.));
#1213 = ADVANCED_FACE('',(#1214),#1232,.F.);
#1214 = FACE_BOUND('',#1215,.T.);
#1215 = EDGE_LOOP('',(#1216,#1217,#1225,#1231));
#1216 = ORIENTED_EDGE('',*,*,#284,.F.);
#1217 = ORIENTED_EDGE('',*,*,#1218,.T.);
#1218 = EDGE_CURVE('',#277,#1219,#1221,.T.);
#1219 = VERTEX_POINT('',#1220);
#1220 = CARTESIAN_POINT('',(-140.,-18.45,14.8));
#1221 = LINE('',#1222,#1223);
#1222 = CARTESIAN_POINT('',(-140.,-18.45,16.3));
#1223 = VECTOR('',#1224,1.);
#1224 = DIRECTION('',(1.224646799147E-16,0.,-1.));
#1225 = ORIENTED_EDGE('',*,*,#1226,.T.);
#1226 = EDGE_CURVE('',#1219,#1164,#1227,.T.);
#1227 = LINE('',#1228,#1229);
#1228 = CARTESIAN_POINT('',(-140.,-18.45,14.8));
#1229 = VECTOR('',#1230,1.);
#1230 = DIRECTION('',(-1.,0.,-1.224646799147E-16));
#1231 = ORIENTED_EDGE('',*,*,#1163,.T.);
#1232 = PLANE('',#1233);
#1233 = AXIS2_PLACEMENT_3D('',#1234,#1235,#1236);
#1234 = CARTESIAN_POINT('',(-140.,-18.45,16.3));
#1235 = DIRECTION('',(0.,-1.,0.));
#1236 = DIRECTION('',(1.,0.,1.224646799147E-16));
#1237 = ADVANCED_FACE('',(#1238),#1256,.F.);
#1238 = FACE_BOUND('',#1239,.T.);
#1239 = EDGE_LOOP('',(#1240,#1241,#1249,#1255));
#1240 = ORIENTED_EDGE('',*,*,#1202,.T.);
#1241 = ORIENTED_EDGE('',*,*,#1242,.T.);
#1242 = EDGE_CURVE('',#1195,#1243,#1245,.T.);
#1243 = VERTEX_POINT('',#1244);
#1244 = CARTESIAN_POINT('',(-140.,41.55,14.8));
#1245 = LINE('',#1246,#1247);
#1246 = CARTESIAN_POINT('',(-164.,41.55,14.8));
#1247 = VECTOR('',#1248,1.);
#1248 = DIRECTION('',(1.,0.,1.224646799147E-16));
#1249 = ORIENTED_EDGE('',*,*,#1250,.F.);
#1250 = EDGE_CURVE('',#269,#1243,#1251,.T.);
#1251 = LINE('',#1252,#1253);
#1252 = CARTESIAN_POINT('',(-140.,41.55,16.3));
#1253 = VECTOR('',#1254,1.);
#1254 = DIRECTION('',(1.224646799147E-16,0.,-1.));
#1255 = ORIENTED_EDGE('',*,*,#268,.F.);
#1256 = PLANE('',#1257);
#1257 = AXIS2_PLACEMENT_3D('',#1258,#1259,#1260);
#1258 = CARTESIAN_POINT('',(-164.,41.55,16.3));
#1259 = DIRECTION('',(0.,1.,0.));
#1260 = DIRECTION('',(-1.,-0.,-1.224646799147E-16));
#1261 = ADVANCED_FACE('',(#1262),#1273,.F.);
#1262 = FACE_BOUND('',#1263,.T.);
#1263 = EDGE_LOOP('',(#1264,#1265,#1271,#1272));
#1264 = ORIENTED_EDGE('',*,*,#1250,.T.);
#1265 = ORIENTED_EDGE('',*,*,#1266,.T.);
#1266 = EDGE_CURVE('',#1243,#1219,#1267,.T.);
#1267 = LINE('',#1268,#1269);
#1268 = CARTESIAN_POINT('',(-140.,41.55,14.8));
#1269 = VECTOR('',#1270,1.);
#1270 = DIRECTION('',(0.,-1.,0.));
#1271 = ORIENTED_EDGE('',*,*,#1218,.F.);
#1272 = ORIENTED_EDGE('',*,*,#276,.F.);
#1273 = PLANE('',#1274);
#1274 = AXIS2_PLACEMENT_3D('',#1275,#1276,#1277);
#1275 = CARTESIAN_POINT('',(-140.,41.55,16.3));
#1276 = DIRECTION('',(1.,0.,1.224646799147E-16));
#1277 = DIRECTION('',(0.,1.,0.));
#1278 = ADVANCED_FACE('',(#1279),#1298,.F.);
#1279 = FACE_BOUND('',#1280,.T.);
#1280 = EDGE_LOOP('',(#1281,#1289,#1296,#1297));
#1281 = ORIENTED_EDGE('',*,*,#1282,.F.);
#1282 = EDGE_CURVE('',#1283,#309,#1285,.T.);
#1283 = VERTEX_POINT('',#1284);
#1284 = CARTESIAN_POINT('',(-132.1999999999,43.7,15.543));
#1285 = LINE('',#1286,#1287);
#1286 = CARTESIAN_POINT('',(-132.1999999999,43.7,13.3));
#1287 = VECTOR('',#1288,1.);
#1288 = DIRECTION('',(-1.224646799147E-16,0.,1.));
#1289 = ORIENTED_EDGE('',*,*,#1290,.F.);
#1290 = EDGE_CURVE('',#1283,#1283,#1291,.T.);
#1291 = CIRCLE('',#1292,1.05);
#1292 = AXIS2_PLACEMENT_3D('',#1293,#1294,#1295);
#1293 = CARTESIAN_POINT('',(-133.2499999999,43.7,15.543));
#1294 = DIRECTION('',(-1.224646799147E-16,0.,1.));
#1295 = DIRECTION('',(1.,0.,1.224646799147E-16));
#1296 = ORIENTED_EDGE('',*,*,#1282,.T.);
#1297 = ORIENTED_EDGE('',*,*,#308,.T.);
#1298 = CYLINDRICAL_SURFACE('',#1299,1.05);
#1299 = AXIS2_PLACEMENT_3D('',#1300,#1301,#1302);
#1300 = CARTESIAN_POINT('',(-133.2499999999,43.7,13.3));
#1301 = DIRECTION('',(1.224646799147E-16,0.,-1.));
#1302 = DIRECTION('',(1.,0.,1.224646799147E-16));
#1303 = ADVANCED_FACE('',(#1304),#1322,.T.);
#1304 = FACE_BOUND('',#1305,.T.);
#1305 = EDGE_LOOP('',(#1306,#1314,#1320,#1321));
#1306 = ORIENTED_EDGE('',*,*,#1307,.T.);
#1307 = EDGE_CURVE('',#375,#1308,#1310,.T.);
#1308 = VERTEX_POINT('',#1309);
#1309 = CARTESIAN_POINT('',(-268.2,-44.92780291578,13.3));
#1310 = ( BOUNDED_CURVE() B_SPLINE_CURVE(2,(#1311,#1312,#1313),
.UNSPECIFIED.,.F.,.F.) B_SPLINE_CURVE_WITH_KNOTS((3,3),(0.,
2.455605831562),.PIECEWISE_BEZIER_KNOTS.) CURVE() 
GEOMETRIC_REPRESENTATION_ITEM() RATIONAL_B_SPLINE_CURVE((1.,
0.707106781187,1.)) REPRESENTATION_ITEM('') );
#1311 = CARTESIAN_POINT('',(-270.,-44.92780291578,15.1));
#1312 = CARTESIAN_POINT('',(-270.,-44.92780291578,13.3));
#1313 = CARTESIAN_POINT('',(-268.2,-44.92780291578,13.3));
#1314 = ORIENTED_EDGE('',*,*,#1315,.T.);
#1315 = EDGE_CURVE('',#1308,#431,#1316,.T.);
#1316 = LINE('',#1317,#1318);
#1317 = CARTESIAN_POINT('',(-268.2,46.95,13.3));
#1318 = VECTOR('',#1319,1.);
#1319 = DIRECTION('',(0.,-1.,-0.));
#1320 = ORIENTED_EDGE('',*,*,#430,.F.);
#1321 = ORIENTED_EDGE('',*,*,#390,.F.);
#1322 = CYLINDRICAL_SURFACE('',#1323,1.8);
#1323 = AXIS2_PLACEMENT_3D('',#1324,#1325,#1326);
#1324 = CARTESIAN_POINT('',(-268.2,46.95,15.1));
#1325 = DIRECTION('',(0.,-1.,-0.));
#1326 = DIRECTION('',(-1.,0.,-1.224646799147E-16));
#1327 = ADVANCED_FACE('',(#1328),#1355,.T.);
#1328 = FACE_BOUND('',#1329,.T.);
#1329 = EDGE_LOOP('',(#1330,#1339,#1353,#1354));
#1330 = ORIENTED_EDGE('',*,*,#1331,.T.);
#1331 = EDGE_CURVE('',#367,#1332,#1334,.T.);
#1332 = VERTEX_POINT('',#1333);
#1333 = CARTESIAN_POINT('',(-268.2,-42.47219708421,13.3));
#1334 = CIRCLE('',#1335,1.8);
#1335 = AXIS2_PLACEMENT_3D('',#1336,#1337,#1338);
#1336 = CARTESIAN_POINT('',(-268.2,-42.47219708421,15.1));
#1337 = DIRECTION('',(-0.,-1.,0.));
#1338 = DIRECTION('',(-1.,0.,-1.224646799147E-16));
#1339 = ORIENTED_EDGE('',*,*,#1340,.T.);
#1340 = EDGE_CURVE('',#1332,#1308,#1341,.T.);
#1341 = ( BOUNDED_CURVE() B_SPLINE_CURVE(10,(#1342,#1343,#1344,#1345,
    #1346,#1347,#1348,#1349,#1350,#1351,#1352),.UNSPECIFIED.,.F.,.F.) 
B_SPLINE_CURVE_WITH_KNOTS((11,11),(89.422197084219,91.877802915781),
.PIECEWISE_BEZIER_KNOTS.) CURVE() GEOMETRIC_REPRESENTATION_ITEM() 
RATIONAL_B_SPLINE_CURVE((1.,1.,1.,1.,1.,1.,1.,1.,1.,1.,1.)) 
REPRESENTATION_ITEM('') );
#1342 = CARTESIAN_POINT('',(-268.2,-42.47219708421,13.3));
#1343 = CARTESIAN_POINT('',(-268.4079310344,-42.71775766737,13.3));
#1344 = CARTESIAN_POINT('',(-268.5365917098,-42.96331825053,13.3));
#1345 = CARTESIAN_POINT('',(-268.6278477824,-43.20887883368,13.3));
#1346 = CARTESIAN_POINT('',(-268.6737036678,-43.45443941684,13.3));
#1347 = CARTESIAN_POINT('',(-268.6948796736,-43.7,13.3));
#1348 = CARTESIAN_POINT('',(-268.6737036678,-43.94556058315,13.3));
#1349 = CARTESIAN_POINT('',(-268.6278477824,-44.19112116631,13.3));
#1350 = CARTESIAN_POINT('',(-268.5365917098,-44.43668174946,13.3));
#1351 = CARTESIAN_POINT('',(-268.4079310344,-44.68224233262,13.3));
#1352 = CARTESIAN_POINT('',(-268.2,-44.92780291578,13.3));
#1353 = ORIENTED_EDGE('',*,*,#1307,.F.);
#1354 = ORIENTED_EDGE('',*,*,#374,.F.);
#1355 = ( BOUNDED_SURFACE() B_SPLINE_SURFACE(2,10,(
    (#1356,#1357,#1358,#1359,#1360,#1361,#1362,#1363,#1364,#1365,#1366)
    ,(#1367,#1368,#1369,#1370,#1371,#1372,#1373,#1374,#1375,#1376,#1377)
    ,(#1378,#1379,#1380,#1381,#1382,#1383,#1384,#1385,#1386,#1387,#1388
)),.UNSPECIFIED.,.F.,.F.,.F.) B_SPLINE_SURFACE_WITH_KNOTS((3,3),(11,11),
  (0.,2.455605831562),(89.422197084219,91.877802915781),
.PIECEWISE_BEZIER_KNOTS.) GEOMETRIC_REPRESENTATION_ITEM() 
RATIONAL_B_SPLINE_SURFACE((
    (1.,1.,1.,1.,1.,1.,1.,1.,1.,1.,1.)
    ,(0.707106781187,0.747948293548,0.770608224511,0.787137374093
      ,0.794344352614,0.798721241341,0.794344352614,0.787137374093
      ,0.770608224511,0.747948293548,0.707106781187)
,(1.,1.,1.,1.,1.,1.,1.,1.,1.,1.,1.
  ))) REPRESENTATION_ITEM('') SURFACE() );
#1356 = CARTESIAN_POINT('',(-270.,-42.47219708421,15.1));
#1357 = CARTESIAN_POINT('',(-270.,-42.71775766737,15.1));
#1358 = CARTESIAN_POINT('',(-270.,-42.96331825053,15.073375854225));
#1359 = CARTESIAN_POINT('',(-270.,-43.20887883368,15.053727851527));
#1360 = CARTESIAN_POINT('',(-270.,-43.45443941684,15.033550495092));
#1361 = CARTESIAN_POINT('',(-270.,-43.7,15.032069601845));
#1362 = CARTESIAN_POINT('',(-270.,-43.94556058315,15.033550495092));
#1363 = CARTESIAN_POINT('',(-270.,-44.19112116631,15.053727851527));
#1364 = CARTESIAN_POINT('',(-270.,-44.43668174946,15.073375854225));
#1365 = CARTESIAN_POINT('',(-270.,-44.68224233262,15.1));
#1366 = CARTESIAN_POINT('',(-270.,-44.92780291578,15.1));
#1367 = CARTESIAN_POINT('',(-270.,-42.47219708421,13.3));
#1368 = CARTESIAN_POINT('',(-270.,-42.70434889877,13.496577017115));
#1369 = CARTESIAN_POINT('',(-270.,-42.95166521122,13.584406204821));
#1370 = CARTESIAN_POINT('',(-269.9999999999,-43.1982730756,
    13.640348428134));
#1371 = CARTESIAN_POINT('',(-270.,-43.44987474174,13.65975082276));
#1372 = CARTESIAN_POINT('',(-269.9999999999,-43.7,13.673605130119));
#1373 = CARTESIAN_POINT('',(-270.,-43.95012525825,13.65975082276));
#1374 = CARTESIAN_POINT('',(-269.9999999999,-44.20172692439,
    13.640348428134));
#1375 = CARTESIAN_POINT('',(-270.,-44.44833478877,13.584406204821));
#1376 = CARTESIAN_POINT('',(-270.,-44.69565110122,13.496577017115));
#1377 = CARTESIAN_POINT('',(-270.,-44.92780291578,13.3));
#1378 = CARTESIAN_POINT('',(-268.2,-42.47219708421,13.3));
#1379 = CARTESIAN_POINT('',(-268.4079310344,-42.71775766737,13.3));
#1380 = CARTESIAN_POINT('',(-268.5365917098,-42.96331825053,13.3));
#1381 = CARTESIAN_POINT('',(-268.6278477824,-43.20887883368,13.3));
#1382 = CARTESIAN_POINT('',(-268.6737036678,-43.45443941684,13.3));
#1383 = CARTESIAN_POINT('',(-268.6948796736,-43.7,13.3));
#1384 = CARTESIAN_POINT('',(-268.6737036678,-43.94556058315,13.3));
#1385 = CARTESIAN_POINT('',(-268.6278477824,-44.19112116631,13.3));
#1386 = CARTESIAN_POINT('',(-268.5365917098,-44.43668174946,13.3));
#1387 = CARTESIAN_POINT('',(-268.4079310344,-44.68224233262,13.3));
#1388 = CARTESIAN_POINT('',(-268.2,-44.92780291578,13.3));
#1389 = ADVANCED_FACE('',(#1390),#1408,.T.);
#1390 = FACE_BOUND('',#1391,.T.);
#1391 = EDGE_LOOP('',(#1392,#1400,#1406,#1407));
#1392 = ORIENTED_EDGE('',*,*,#1393,.T.);
#1393 = EDGE_CURVE('',#351,#1394,#1396,.T.);
#1394 = VERTEX_POINT('',#1395);
#1395 = CARTESIAN_POINT('',(-268.2,42.472197084219,13.3));
#1396 = ( BOUNDED_CURVE() B_SPLINE_CURVE(2,(#1397,#1398,#1399),
.UNSPECIFIED.,.F.,.F.) B_SPLINE_CURVE_WITH_KNOTS((3,3),(0.,
2.455605831562),.PIECEWISE_BEZIER_KNOTS.) CURVE() 
GEOMETRIC_REPRESENTATION_ITEM() RATIONAL_B_SPLINE_CURVE((1.,
0.707106781187,1.)) REPRESENTATION_ITEM('') );
#1397 = CARTESIAN_POINT('',(-270.,42.472197084219,15.1));
#1398 = CARTESIAN_POINT('',(-270.,42.472197084219,13.3));
#1399 = CARTESIAN_POINT('',(-268.2,42.472197084219,13.3));
#1400 = ORIENTED_EDGE('',*,*,#1401,.T.);
#1401 = EDGE_CURVE('',#1394,#1332,#1402,.T.);
#1402 = LINE('',#1403,#1404);
#1403 = CARTESIAN_POINT('',(-268.2,46.95,13.3));
#1404 = VECTOR('',#1405,1.);
#1405 = DIRECTION('',(0.,-1.,-0.));
#1406 = ORIENTED_EDGE('',*,*,#1331,.F.);
#1407 = ORIENTED_EDGE('',*,*,#366,.F.);
#1408 = CYLINDRICAL_SURFACE('',#1409,1.8);
#1409 = AXIS2_PLACEMENT_3D('',#1410,#1411,#1412);
#1410 = CARTESIAN_POINT('',(-268.2,46.95,15.1));
#1411 = DIRECTION('',(0.,-1.,-0.));
#1412 = DIRECTION('',(-1.,0.,-1.224646799147E-16));
#1413 = ADVANCED_FACE('',(#1414),#1441,.T.);
#1414 = FACE_BOUND('',#1415,.T.);
#1415 = EDGE_LOOP('',(#1416,#1425,#1433,#1440));
#1416 = ORIENTED_EDGE('',*,*,#1417,.T.);
#1417 = EDGE_CURVE('',#335,#1418,#1420,.T.);
#1418 = VERTEX_POINT('',#1419);
#1419 = CARTESIAN_POINT('',(-268.2,45.15,13.3));
#1420 = CIRCLE('',#1421,1.8);
#1421 = AXIS2_PLACEMENT_3D('',#1422,#1423,#1424);
#1422 = CARTESIAN_POINT('',(-268.2,45.15,15.1));
#1423 = DIRECTION('',(7.347880794884E-33,-1.,-6.E-17));
#1424 = DIRECTION('',(1.224646799147E-16,6.E-17,-1.));
#1425 = ORIENTED_EDGE('',*,*,#1426,.T.);
#1426 = EDGE_CURVE('',#1418,#1427,#1429,.T.);
#1427 = VERTEX_POINT('',#1428);
#1428 = CARTESIAN_POINT('',(-268.2,44.927802915781,13.3));
#1429 = LINE('',#1430,#1431);
#1430 = CARTESIAN_POINT('',(-268.2,46.95,13.3));
#1431 = VECTOR('',#1432,1.);
#1432 = DIRECTION('',(0.,-1.,-0.));
#1433 = ORIENTED_EDGE('',*,*,#1434,.F.);
#1434 = EDGE_CURVE('',#343,#1427,#1435,.T.);
#1435 = CIRCLE('',#1436,1.8);
#1436 = AXIS2_PLACEMENT_3D('',#1437,#1438,#1439);
#1437 = CARTESIAN_POINT('',(-268.2,44.927802915781,15.1));
#1438 = DIRECTION('',(-0.,-1.,0.));
#1439 = DIRECTION('',(-1.,0.,-1.224646799147E-16));
#1440 = ORIENTED_EDGE('',*,*,#342,.F.);
#1441 = CYLINDRICAL_SURFACE('',#1442,1.8);
#1442 = AXIS2_PLACEMENT_3D('',#1443,#1444,#1445);
#1443 = CARTESIAN_POINT('',(-268.2,46.95,15.1));
#1444 = DIRECTION('',(0.,-1.,-0.));
#1445 = DIRECTION('',(-1.,0.,-1.224646799147E-16));
#1446 = ADVANCED_FACE('',(#1447),#1466,.T.);
#1447 = FACE_BOUND('',#1448,.T.);
#1448 = EDGE_LOOP('',(#1449,#1450,#1464,#1465));
#1449 = ORIENTED_EDGE('',*,*,#1434,.T.);
#1450 = ORIENTED_EDGE('',*,*,#1451,.T.);
#1451 = EDGE_CURVE('',#1427,#1394,#1452,.T.);
#1452 = ( BOUNDED_CURVE() B_SPLINE_CURVE(10,(#1453,#1454,#1455,#1456,
    #1457,#1458,#1459,#1460,#1461,#1462,#1463),.UNSPECIFIED.,.F.,.F.) 
B_SPLINE_CURVE_WITH_KNOTS((11,11),(2.022197084219,4.477802915781),
.PIECEWISE_BEZIER_KNOTS.) CURVE() GEOMETRIC_REPRESENTATION_ITEM() 
RATIONAL_B_SPLINE_CURVE((1.,1.,1.,1.,1.,1.,1.,1.,1.,1.,1.)) 
REPRESENTATION_ITEM('') );
#1453 = CARTESIAN_POINT('',(-268.2,44.927802915781,13.3));
#1454 = CARTESIAN_POINT('',(-268.4079310344,44.682242332625,13.3));
#1455 = CARTESIAN_POINT('',(-268.5365917098,44.436681749468,13.3));
#1456 = CARTESIAN_POINT('',(-268.6278477824,44.191121166312,13.3));
#1457 = CARTESIAN_POINT('',(-268.6737036678,43.945560583156,13.3));
#1458 = CARTESIAN_POINT('',(-268.6948796736,43.7,13.3));
#1459 = CARTESIAN_POINT('',(-268.6737036678,43.454439416844,13.3));
#1460 = CARTESIAN_POINT('',(-268.6278477824,43.208878833688,13.3));
#1461 = CARTESIAN_POINT('',(-268.5365917098,42.963318250531,13.3));
#1462 = CARTESIAN_POINT('',(-268.4079310344,42.717757667375,13.3));
#1463 = CARTESIAN_POINT('',(-268.2,42.472197084219,13.3));
#1464 = ORIENTED_EDGE('',*,*,#1393,.F.);
#1465 = ORIENTED_EDGE('',*,*,#350,.F.);
#1466 = ( BOUNDED_SURFACE() B_SPLINE_SURFACE(2,10,(
    (#1467,#1468,#1469,#1470,#1471,#1472,#1473,#1474,#1475,#1476,#1477)
    ,(#1478,#1479,#1480,#1481,#1482,#1483,#1484,#1485,#1486,#1487,#1488)
    ,(#1489,#1490,#1491,#1492,#1493,#1494,#1495,#1496,#1497,#1498,#1499
)),.UNSPECIFIED.,.F.,.F.,.F.) B_SPLINE_SURFACE_WITH_KNOTS((3,3),(11,11),
  (0.,2.455605831562),(2.022197084219,4.477802915781),
.PIECEWISE_BEZIER_KNOTS.) GEOMETRIC_REPRESENTATION_ITEM() 
RATIONAL_B_SPLINE_SURFACE((
    (1.,1.,1.,1.,1.,1.,1.,1.,1.,1.,1.)
    ,(0.707106781187,0.747948293548,0.770608224511,0.787137374092
      ,0.794344352614,0.79872124134,0.794344352614,0.787137374092
      ,0.770608224511,0.747948293548,0.707106781187)
,(1.,1.,1.,1.,1.,1.,1.,1.,1.,1.,1.
  ))) REPRESENTATION_ITEM('') SURFACE() );
#1467 = CARTESIAN_POINT('',(-270.,44.927802915781,15.1));
#1468 = CARTESIAN_POINT('',(-270.,44.682242332625,15.1));
#1469 = CARTESIAN_POINT('',(-270.,44.436681749469,15.073375854225));
#1470 = CARTESIAN_POINT('',(-270.,44.191121166312,15.053727851527));
#1471 = CARTESIAN_POINT('',(-270.,43.945560583156,15.033550495092));
#1472 = CARTESIAN_POINT('',(-270.,43.7,15.032069601845));
#1473 = CARTESIAN_POINT('',(-270.,43.454439416844,15.033550495092));
#1474 = CARTESIAN_POINT('',(-270.,43.208878833688,15.053727851527));
#1475 = CARTESIAN_POINT('',(-270.,42.963318250531,15.073375854225));
#1476 = CARTESIAN_POINT('',(-270.,42.717757667375,15.1));
#1477 = CARTESIAN_POINT('',(-270.,42.472197084219,15.1));
#1478 = CARTESIAN_POINT('',(-270.,44.927802915781,13.3));
#1479 = CARTESIAN_POINT('',(-270.,44.695651101224,13.496577017115));
#1480 = CARTESIAN_POINT('',(-270.,44.448334788778,13.584406204821));
#1481 = CARTESIAN_POINT('',(-269.9999999999,44.201726924399,
    13.640348428133));
#1482 = CARTESIAN_POINT('',(-270.,43.950125258255,13.65975082276));
#1483 = CARTESIAN_POINT('',(-269.9999999999,43.7,13.673605130118));
#1484 = CARTESIAN_POINT('',(-270.,43.449874741744,13.65975082276));
#1485 = CARTESIAN_POINT('',(-269.9999999999,43.198273075602,
    13.640348428133));
#1486 = CARTESIAN_POINT('',(-270.,42.951665211222,13.584406204821));
#1487 = CARTESIAN_POINT('',(-270.,42.704348898776,13.496577017115));
#1488 = CARTESIAN_POINT('',(-270.,42.472197084219,13.3));
#1489 = CARTESIAN_POINT('',(-268.2,44.927802915781,13.3));
#1490 = CARTESIAN_POINT('',(-268.4079310344,44.682242332625,13.3));
#1491 = CARTESIAN_POINT('',(-268.5365917098,44.436681749468,13.3));
#1492 = CARTESIAN_POINT('',(-268.6278477824,44.191121166312,13.3));
#1493 = CARTESIAN_POINT('',(-268.6737036678,43.945560583156,13.3));
#1494 = CARTESIAN_POINT('',(-268.6948796736,43.7,13.3));
#1495 = CARTESIAN_POINT('',(-268.6737036678,43.454439416844,13.3));
#1496 = CARTESIAN_POINT('',(-268.6278477824,43.208878833688,13.3));
#1497 = CARTESIAN_POINT('',(-268.5365917098,42.963318250531,13.3));
#1498 = CARTESIAN_POINT('',(-268.4079310344,42.717757667375,13.3));
#1499 = CARTESIAN_POINT('',(-268.2,42.472197084219,13.3));
#1500 = ADVANCED_FACE('',(#1501),#1512,.T.);
#1501 = FACE_BOUND('',#1502,.F.);
#1502 = EDGE_LOOP('',(#1503,#1504,#1505));
#1503 = ORIENTED_EDGE('',*,*,#413,.F.);
#1504 = ORIENTED_EDGE('',*,*,#1417,.T.);
#1505 = ORIENTED_EDGE('',*,*,#1506,.F.);
#1506 = EDGE_CURVE('',#406,#1418,#1507,.T.);
#1507 = CIRCLE('',#1508,1.8);
#1508 = AXIS2_PLACEMENT_3D('',#1509,#1510,#1511);
#1509 = CARTESIAN_POINT('',(-268.2,45.15,15.1));
#1510 = DIRECTION('',(-1.,0.,-1.224646799147E-16));
#1511 = DIRECTION('',(0.,1.,0.));
#1512 = SPHERICAL_SURFACE('',#1513,1.8);
#1513 = AXIS2_PLACEMENT_3D('',#1514,#1515,#1516);
#1514 = CARTESIAN_POINT('',(-268.2,45.15,15.1));
#1515 = DIRECTION('',(1.,0.,1.224646799147E-16));
#1516 = DIRECTION('',(0.,1.,0.));
#1517 = ADVANCED_FACE('',(#1518,#1597,#1611),#1622,.T.);
#1518 = FACE_BOUND('',#1519,.F.);
#1519 = EDGE_LOOP('',(#1520,#1521,#1529,#1538,#1546,#1555,#1563,#1572,
    #1579,#1580,#1589,#1596));
#1520 = ORIENTED_EDGE('',*,*,#439,.T.);
#1521 = ORIENTED_EDGE('',*,*,#1522,.T.);
#1522 = EDGE_CURVE('',#440,#1523,#1525,.T.);
#1523 = VERTEX_POINT('',#1524);
#1524 = CARTESIAN_POINT('',(-131.8,-44.92780291578,13.3));
#1525 = LINE('',#1526,#1527);
#1526 = CARTESIAN_POINT('',(-131.8,-46.95,13.3));
#1527 = VECTOR('',#1528,1.);
#1528 = DIRECTION('',(0.,1.,0.));
#1529 = ORIENTED_EDGE('',*,*,#1530,.F.);
#1530 = EDGE_CURVE('',#1531,#1523,#1533,.T.);
#1531 = VERTEX_POINT('',#1532);
#1532 = CARTESIAN_POINT('',(-131.8,-42.47219708421,13.3));
#1533 = CIRCLE('',#1534,1.9);
#1534 = AXIS2_PLACEMENT_3D('',#1535,#1536,#1537);
#1535 = CARTESIAN_POINT('',(-133.25,-43.7,13.3));
#1536 = DIRECTION('',(-1.224646799147E-16,0.,1.));
#1537 = DIRECTION('',(1.,0.,1.224646799147E-16));
#1538 = ORIENTED_EDGE('',*,*,#1539,.T.);
#1539 = EDGE_CURVE('',#1531,#1540,#1542,.T.);
#1540 = VERTEX_POINT('',#1541);
#1541 = CARTESIAN_POINT('',(-131.8,42.472197084219,13.3));
#1542 = LINE('',#1543,#1544);
#1543 = CARTESIAN_POINT('',(-131.8,-46.95,13.3));
#1544 = VECTOR('',#1545,1.);
#1545 = DIRECTION('',(0.,1.,0.));
#1546 = ORIENTED_EDGE('',*,*,#1547,.F.);
#1547 = EDGE_CURVE('',#1548,#1540,#1550,.T.);
#1548 = VERTEX_POINT('',#1549);
#1549 = CARTESIAN_POINT('',(-134.4778029157,45.15,13.3));
#1550 = CIRCLE('',#1551,1.9);
#1551 = AXIS2_PLACEMENT_3D('',#1552,#1553,#1554);
#1552 = CARTESIAN_POINT('',(-133.25,43.7,13.3));
#1553 = DIRECTION('',(-1.224646799147E-16,0.,1.));
#1554 = DIRECTION('',(1.,0.,1.224646799147E-16));
#1555 = ORIENTED_EDGE('',*,*,#1556,.T.);
#1556 = EDGE_CURVE('',#1548,#1557,#1559,.T.);
#1557 = VERTEX_POINT('',#1558);
#1558 = CARTESIAN_POINT('',(-265.5221970842,45.15,13.3));
#1559 = LINE('',#1560,#1561);
#1560 = CARTESIAN_POINT('',(-130.,45.15,13.3));
#1561 = VECTOR('',#1562,1.);
#1562 = DIRECTION('',(-1.,0.,-1.224646799147E-16));
#1563 = ORIENTED_EDGE('',*,*,#1564,.F.);
#1564 = EDGE_CURVE('',#1565,#1557,#1567,.T.);
#1565 = VERTEX_POINT('',#1566);
#1566 = CARTESIAN_POINT('',(-264.85,43.7,13.3));
#1567 = CIRCLE('',#1568,1.9);
#1568 = AXIS2_PLACEMENT_3D('',#1569,#1570,#1571);
#1569 = CARTESIAN_POINT('',(-266.75,43.7,13.3));
#1570 = DIRECTION('',(-1.224646799147E-16,0.,1.));
#1571 = DIRECTION('',(1.,0.,1.224646799147E-16));
#1572 = ORIENTED_EDGE('',*,*,#1573,.F.);
#1573 = EDGE_CURVE('',#1394,#1565,#1574,.T.);
#1574 = CIRCLE('',#1575,1.9);
#1575 = AXIS2_PLACEMENT_3D('',#1576,#1577,#1578);
#1576 = CARTESIAN_POINT('',(-266.75,43.7,13.3));
#1577 = DIRECTION('',(-1.224646799147E-16,0.,1.));
#1578 = DIRECTION('',(1.,0.,1.224646799147E-16));
#1579 = ORIENTED_EDGE('',*,*,#1401,.T.);
#1580 = ORIENTED_EDGE('',*,*,#1581,.F.);
#1581 = EDGE_CURVE('',#1582,#1332,#1584,.T.);
#1582 = VERTEX_POINT('',#1583);
#1583 = CARTESIAN_POINT('',(-264.85,-43.7,13.3));
#1584 = CIRCLE('',#1585,1.9);
#1585 = AXIS2_PLACEMENT_3D('',#1586,#1587,#1588);
#1586 = CARTESIAN_POINT('',(-266.75,-43.7,13.3));
#1587 = DIRECTION('',(-1.224646799147E-16,0.,1.));
#1588 = DIRECTION('',(1.,0.,1.224646799147E-16));
#1589 = ORIENTED_EDGE('',*,*,#1590,.F.);
#1590 = EDGE_CURVE('',#1308,#1582,#1591,.T.);
#1591 = CIRCLE('',#1592,1.9);
#1592 = AXIS2_PLACEMENT_3D('',#1593,#1594,#1595);
#1593 = CARTESIAN_POINT('',(-266.75,-43.7,13.3));
#1594 = DIRECTION('',(-1.224646799147E-16,0.,1.));
#1595 = DIRECTION('',(1.,0.,1.224646799147E-16));
#1596 = ORIENTED_EDGE('',*,*,#1315,.T.);
#1597 = FACE_BOUND('',#1598,.F.);
#1598 = EDGE_LOOP('',(#1599,#1600,#1601,#1602,#1603,#1604,#1605,#1606,
    #1607,#1608,#1609,#1610));
#1599 = ORIENTED_EDGE('',*,*,#844,.F.);
#1600 = ORIENTED_EDGE('',*,*,#893,.T.);
#1601 = ORIENTED_EDGE('',*,*,#942,.T.);
#1602 = ORIENTED_EDGE('',*,*,#991,.T.);
#1603 = ORIENTED_EDGE('',*,*,#1016,.T.);
#1604 = ORIENTED_EDGE('',*,*,#966,.F.);
#1605 = ORIENTED_EDGE('',*,*,#918,.F.);
#1606 = ORIENTED_EDGE('',*,*,#868,.F.);
#1607 = ORIENTED_EDGE('',*,*,#820,.F.);
#1608 = ORIENTED_EDGE('',*,*,#770,.F.);
#1609 = ORIENTED_EDGE('',*,*,#739,.F.);
#1610 = ORIENTED_EDGE('',*,*,#795,.T.);
#1611 = FACE_BOUND('',#1612,.F.);
#1612 = EDGE_LOOP('',(#1613,#1614,#1615,#1616));
#1613 = ORIENTED_EDGE('',*,*,#1153,.F.);
#1614 = ORIENTED_EDGE('',*,*,#1105,.F.);
#1615 = ORIENTED_EDGE('',*,*,#1058,.F.);
#1616 = ORIENTED_EDGE('',*,*,#1617,.F.);
#1617 = EDGE_CURVE('',#1154,#1059,#1618,.T.);
#1618 = LINE('',#1619,#1620);
#1619 = CARTESIAN_POINT('',(-146.26292,17.46064,13.3));
#1620 = VECTOR('',#1621,1.);
#1621 = DIRECTION('',(-1.,0.,-1.224646799147E-16));
#1622 = PLANE('',#1623);
#1623 = AXIS2_PLACEMENT_3D('',#1624,#1625,#1626);
#1624 = CARTESIAN_POINT('',(-200.,0.,13.3));
#1625 = DIRECTION('',(1.224646799147E-16,0.,-1.));
#1626 = DIRECTION('',(-1.,-0.,-1.224646799147E-16));
#1627 = ADVANCED_FACE('',(#1628),#1640,.T.);
#1628 = FACE_BOUND('',#1629,.T.);
#1629 = EDGE_LOOP('',(#1630,#1631,#1632,#1639));
#1630 = ORIENTED_EDGE('',*,*,#447,.T.);
#1631 = ORIENTED_EDGE('',*,*,#1522,.T.);
#1632 = ORIENTED_EDGE('',*,*,#1633,.F.);
#1633 = EDGE_CURVE('',#554,#1523,#1634,.T.);
#1634 = CIRCLE('',#1635,1.8);
#1635 = AXIS2_PLACEMENT_3D('',#1636,#1637,#1638);
#1636 = CARTESIAN_POINT('',(-131.8,-44.92780291578,15.1));
#1637 = DIRECTION('',(0.,1.,-0.));
#1638 = DIRECTION('',(1.,0.,1.224646799147E-16));
#1639 = ORIENTED_EDGE('',*,*,#553,.F.);
#1640 = CYLINDRICAL_SURFACE('',#1641,1.8);
#1641 = AXIS2_PLACEMENT_3D('',#1642,#1643,#1644);
#1642 = CARTESIAN_POINT('',(-131.8,-46.95,15.1));
#1643 = DIRECTION('',(0.,1.,0.));
#1644 = DIRECTION('',(1.,0.,1.224646799147E-16));
#1645 = ADVANCED_FACE('',(#1646),#1673,.T.);
#1646 = FACE_BOUND('',#1647,.T.);
#1647 = EDGE_LOOP('',(#1648,#1657,#1665,#1672));
#1648 = ORIENTED_EDGE('',*,*,#1649,.T.);
#1649 = EDGE_CURVE('',#473,#1650,#1652,.T.);
#1650 = VERTEX_POINT('',#1651);
#1651 = CARTESIAN_POINT('',(-131.8,45.15,13.3));
#1652 = CIRCLE('',#1653,1.8);
#1653 = AXIS2_PLACEMENT_3D('',#1654,#1655,#1656);
#1654 = CARTESIAN_POINT('',(-131.8,45.15,15.1));
#1655 = DIRECTION('',(-1.,0.,-1.224646799147E-16));
#1656 = DIRECTION('',(1.224646799147E-16,-0.,-1.));
#1657 = ORIENTED_EDGE('',*,*,#1658,.T.);
#1658 = EDGE_CURVE('',#1650,#1659,#1661,.T.);
#1659 = VERTEX_POINT('',#1660);
#1660 = CARTESIAN_POINT('',(-132.0221970842,45.15,13.3));
#1661 = LINE('',#1662,#1663);
#1662 = CARTESIAN_POINT('',(-130.,45.15,13.3));
#1663 = VECTOR('',#1664,1.);
#1664 = DIRECTION('',(-1.,0.,-1.224646799147E-16));
#1665 = ORIENTED_EDGE('',*,*,#1666,.F.);
#1666 = EDGE_CURVE('',#481,#1659,#1667,.T.);
#1667 = CIRCLE('',#1668,1.8);
#1668 = AXIS2_PLACEMENT_3D('',#1669,#1670,#1671);
#1669 = CARTESIAN_POINT('',(-132.0221970842,45.15,15.1));
#1670 = DIRECTION('',(-1.,0.,-1.224646799147E-16));
#1671 = DIRECTION('',(0.,1.,0.));
#1672 = ORIENTED_EDGE('',*,*,#480,.F.);
#1673 = CYLINDRICAL_SURFACE('',#1674,1.8);
#1674 = AXIS2_PLACEMENT_3D('',#1675,#1676,#1677);
#1675 = CARTESIAN_POINT('',(-130.,45.15,15.1));
#1676 = DIRECTION('',(-1.,0.,-1.224646799147E-16));
#1677 = DIRECTION('',(0.,1.,0.));
#1678 = ADVANCED_FACE('',(#1679),#1697,.T.);
#1679 = FACE_BOUND('',#1680,.T.);
#1680 = EDGE_LOOP('',(#1681,#1689,#1695,#1696));
#1681 = ORIENTED_EDGE('',*,*,#1682,.T.);
#1682 = EDGE_CURVE('',#513,#1683,#1685,.T.);
#1683 = VERTEX_POINT('',#1684);
#1684 = CARTESIAN_POINT('',(-267.9778029157,45.15,13.3));
#1685 = ( BOUNDED_CURVE() B_SPLINE_CURVE(2,(#1686,#1687,#1688),
.UNSPECIFIED.,.F.,.F.) B_SPLINE_CURVE_WITH_KNOTS((3,3),(0.,
2.455605831562),.PIECEWISE_BEZIER_KNOTS.) CURVE() 
GEOMETRIC_REPRESENTATION_ITEM() RATIONAL_B_SPLINE_CURVE((1.,
0.707106781187,1.)) REPRESENTATION_ITEM('') );
#1686 = CARTESIAN_POINT('',(-267.9778029157,46.95,15.1));
#1687 = CARTESIAN_POINT('',(-267.9778029157,46.95,13.3));
#1688 = CARTESIAN_POINT('',(-267.9778029157,45.15,13.3));
#1689 = ORIENTED_EDGE('',*,*,#1690,.T.);
#1690 = EDGE_CURVE('',#1683,#1418,#1691,.T.);
#1691 = LINE('',#1692,#1693);
#1692 = CARTESIAN_POINT('',(-130.,45.15,13.3));
#1693 = VECTOR('',#1694,1.);
#1694 = DIRECTION('',(-1.,0.,-1.224646799147E-16));
#1695 = ORIENTED_EDGE('',*,*,#1506,.F.);
#1696 = ORIENTED_EDGE('',*,*,#528,.F.);
#1697 = CYLINDRICAL_SURFACE('',#1698,1.8);
#1698 = AXIS2_PLACEMENT_3D('',#1699,#1700,#1701);
#1699 = CARTESIAN_POINT('',(-130.,45.15,15.1));
#1700 = DIRECTION('',(-1.,0.,-1.224646799147E-16));
#1701 = DIRECTION('',(0.,1.,0.));
#1702 = ADVANCED_FACE('',(#1703),#1727,.T.);
#1703 = FACE_BOUND('',#1704,.T.);
#1704 = EDGE_LOOP('',(#1705,#1706,#1720,#1726));
#1705 = ORIENTED_EDGE('',*,*,#1666,.T.);
#1706 = ORIENTED_EDGE('',*,*,#1707,.T.);
#1707 = EDGE_CURVE('',#1659,#1548,#1708,.T.);
#1708 = ( BOUNDED_CURVE() B_SPLINE_CURVE(10,(#1709,#1710,#1711,#1712,
    #1713,#1714,#1715,#1716,#1717,#1718,#1719),.UNSPECIFIED.,.F.,.F.) 
B_SPLINE_CURVE_WITH_KNOTS((11,11),(2.022197084219,4.477802915781),
.PIECEWISE_BEZIER_KNOTS.) CURVE() GEOMETRIC_REPRESENTATION_ITEM() 
RATIONAL_B_SPLINE_CURVE((1.,1.,1.,1.,1.,1.,1.,1.,1.,1.,1.)) 
REPRESENTATION_ITEM('') );
#1709 = CARTESIAN_POINT('',(-132.0221970842,45.15,13.3));
#1710 = CARTESIAN_POINT('',(-132.2677576673,45.357931034483,13.3));
#1711 = CARTESIAN_POINT('',(-132.5133182505,45.486591709899,13.3));
#1712 = CARTESIAN_POINT('',(-132.7588788336,45.577847782461,13.3));
#1713 = CARTESIAN_POINT('',(-133.0044394168,45.623703667801,13.3));
#1714 = CARTESIAN_POINT('',(-133.25,45.644879673611,13.3));
#1715 = CARTESIAN_POINT('',(-133.4955605831,45.623703667801,13.3));
#1716 = CARTESIAN_POINT('',(-133.7411211663,45.577847782461,13.3));
#1717 = CARTESIAN_POINT('',(-133.9866817494,45.486591709899,13.3));
#1718 = CARTESIAN_POINT('',(-134.2322423326,45.357931034483,13.3));
#1719 = CARTESIAN_POINT('',(-134.4778029157,45.15,13.3));
#1720 = ORIENTED_EDGE('',*,*,#1721,.F.);
#1721 = EDGE_CURVE('',#489,#1548,#1722,.T.);
#1722 = ( BOUNDED_CURVE() B_SPLINE_CURVE(2,(#1723,#1724,#1725),
.UNSPECIFIED.,.F.,.F.) B_SPLINE_CURVE_WITH_KNOTS((3,3),(0.,
2.455605831562),.PIECEWISE_BEZIER_KNOTS.) CURVE() 
GEOMETRIC_REPRESENTATION_ITEM() RATIONAL_B_SPLINE_CURVE((1.,
0.707106781187,1.)) REPRESENTATION_ITEM('') );
#1723 = CARTESIAN_POINT('',(-134.4778029157,46.95,15.1));
#1724 = CARTESIAN_POINT('',(-134.4778029157,46.95,13.3));
#1725 = CARTESIAN_POINT('',(-134.4778029157,45.15,13.3));
#1726 = ORIENTED_EDGE('',*,*,#488,.F.);
#1727 = ( BOUNDED_SURFACE() B_SPLINE_SURFACE(2,10,(
    (#1728,#1729,#1730,#1731,#1732,#1733,#1734,#1735,#1736,#1737,#1738)
    ,(#1739,#1740,#1741,#1742,#1743,#1744,#1745,#1746,#1747,#1748,#1749)
    ,(#1750,#1751,#1752,#1753,#1754,#1755,#1756,#1757,#1758,#1759,#1760
)),.UNSPECIFIED.,.F.,.F.,.F.) B_SPLINE_SURFACE_WITH_KNOTS((3,3),(11,11),
  (0.,2.455605831562),(2.022197084219,4.477802915781),
.PIECEWISE_BEZIER_KNOTS.) GEOMETRIC_REPRESENTATION_ITEM() 
RATIONAL_B_SPLINE_SURFACE((
    (1.,1.,1.,1.,1.,1.,1.,1.,1.,1.,1.)
    ,(0.707106781187,0.747948293548,0.770608224511,0.787137374093
      ,0.794344352614,0.798721241341,0.794344352614,0.787137374092
      ,0.770608224511,0.747948293548,0.707106781187)
,(1.,1.,1.,1.,1.,1.,1.,1.,1.,1.,1.
  ))) REPRESENTATION_ITEM('') SURFACE() );
#1728 = CARTESIAN_POINT('',(-132.0221970842,46.95,15.1));
#1729 = CARTESIAN_POINT('',(-132.2677576673,46.95,15.1));
#1730 = CARTESIAN_POINT('',(-132.5133182505,46.95,15.073375854225));
#1731 = CARTESIAN_POINT('',(-132.7588788336,46.95,15.053727851527));
#1732 = CARTESIAN_POINT('',(-133.0044394168,46.95,15.033550495092));
#1733 = CARTESIAN_POINT('',(-133.25,46.95,15.032069601845));
#1734 = CARTESIAN_POINT('',(-133.4955605831,46.95,15.033550495092));
#1735 = CARTESIAN_POINT('',(-133.7411211663,46.95,15.053727851527));
#1736 = CARTESIAN_POINT('',(-133.9866817494,46.95,15.073375854225));
#1737 = CARTESIAN_POINT('',(-134.2322423326,46.95,15.1));
#1738 = CARTESIAN_POINT('',(-134.4778029157,46.95,15.1));
#1739 = CARTESIAN_POINT('',(-132.0221970842,46.95,13.3));
#1740 = CARTESIAN_POINT('',(-132.2543488987,46.95,13.496577017115));
#1741 = CARTESIAN_POINT('',(-132.5016652112,46.95,13.584406204821));
#1742 = CARTESIAN_POINT('',(-132.7482730756,46.95,13.640348428134));
#1743 = CARTESIAN_POINT('',(-132.9998747417,46.950000000001,
    13.65975082276));
#1744 = CARTESIAN_POINT('',(-133.25,46.949999999999,13.673605130118));
#1745 = CARTESIAN_POINT('',(-133.5001252582,46.950000000001,
    13.65975082276));
#1746 = CARTESIAN_POINT('',(-133.7517269243,46.95,13.640348428134));
#1747 = CARTESIAN_POINT('',(-133.9983347887,46.95,13.584406204821));
#1748 = CARTESIAN_POINT('',(-134.2456511012,46.95,13.496577017115));
#1749 = CARTESIAN_POINT('',(-134.4778029157,46.95,13.3));
#1750 = CARTESIAN_POINT('',(-132.0221970842,45.15,13.3));
#1751 = CARTESIAN_POINT('',(-132.2677576673,45.357931034483,13.3));
#1752 = CARTESIAN_POINT('',(-132.5133182505,45.486591709899,13.3));
#1753 = CARTESIAN_POINT('',(-132.7588788336,45.577847782461,13.3));
#1754 = CARTESIAN_POINT('',(-133.0044394168,45.623703667801,13.3));
#1755 = CARTESIAN_POINT('',(-133.25,45.644879673611,13.3));
#1756 = CARTESIAN_POINT('',(-133.4955605831,45.623703667801,13.3));
#1757 = CARTESIAN_POINT('',(-133.7411211663,45.577847782461,13.3));
#1758 = CARTESIAN_POINT('',(-133.9866817494,45.486591709899,13.3));
#1759 = CARTESIAN_POINT('',(-134.2322423326,45.357931034483,13.3));
#1760 = CARTESIAN_POINT('',(-134.4778029157,45.15,13.3));
#1761 = ADVANCED_FACE('',(#1762),#1787,.T.);
#1762 = FACE_BOUND('',#1763,.T.);
#1763 = EDGE_LOOP('',(#1764,#1771,#1785,#1786));
#1764 = ORIENTED_EDGE('',*,*,#1765,.T.);
#1765 = EDGE_CURVE('',#505,#1557,#1766,.T.);
#1766 = CIRCLE('',#1767,1.8);
#1767 = AXIS2_PLACEMENT_3D('',#1768,#1769,#1770);
#1768 = CARTESIAN_POINT('',(-265.5221970842,45.15,15.1));
#1769 = DIRECTION('',(-1.,0.,-1.224646799147E-16));
#1770 = DIRECTION('',(0.,1.,0.));
#1771 = ORIENTED_EDGE('',*,*,#1772,.T.);
#1772 = EDGE_CURVE('',#1557,#1683,#1773,.T.);
#1773 = ( BOUNDED_CURVE() B_SPLINE_CURVE(10,(#1774,#1775,#1776,#1777,
    #1778,#1779,#1780,#1781,#1782,#1783,#1784),.UNSPECIFIED.,.F.,.F.) 
B_SPLINE_CURVE_WITH_KNOTS((11,11),(135.52219708421,137.97780291578),
.PIECEWISE_BEZIER_KNOTS.) CURVE() GEOMETRIC_REPRESENTATION_ITEM() 
RATIONAL_B_SPLINE_CURVE((1.,1.,1.,1.,1.,1.,1.,1.,1.,1.,1.)) 
REPRESENTATION_ITEM('') );
#1774 = CARTESIAN_POINT('',(-265.5221970842,45.15,13.3));
#1775 = CARTESIAN_POINT('',(-265.7677576673,45.357931034483,13.3));
#1776 = CARTESIAN_POINT('',(-266.0133182505,45.486591709899,13.3));
#1777 = CARTESIAN_POINT('',(-266.2588788336,45.577847782461,13.3));
#1778 = CARTESIAN_POINT('',(-266.5044394168,45.623703667801,13.3));
#1779 = CARTESIAN_POINT('',(-266.75,45.644879673611,13.3));
#1780 = CARTESIAN_POINT('',(-266.9955605831,45.623703667801,13.3));
#1781 = CARTESIAN_POINT('',(-267.2411211663,45.577847782461,13.3));
#1782 = CARTESIAN_POINT('',(-267.4866817494,45.486591709899,13.3));
#1783 = CARTESIAN_POINT('',(-267.7322423326,45.357931034483,13.3));
#1784 = CARTESIAN_POINT('',(-267.9778029157,45.15,13.3));
#1785 = ORIENTED_EDGE('',*,*,#1682,.F.);
#1786 = ORIENTED_EDGE('',*,*,#512,.F.);
#1787 = ( BOUNDED_SURFACE() B_SPLINE_SURFACE(2,10,(
    (#1788,#1789,#1790,#1791,#1792,#1793,#1794,#1795,#1796,#1797,#1798)
    ,(#1799,#1800,#1801,#1802,#1803,#1804,#1805,#1806,#1807,#1808,#1809)
    ,(#1810,#1811,#1812,#1813,#1814,#1815,#1816,#1817,#1818,#1819,#1820
)),.UNSPECIFIED.,.F.,.F.,.F.) B_SPLINE_SURFACE_WITH_KNOTS((3,3),(11,11),
  (0.,2.455605831562),(135.52219708421,137.97780291578),
.PIECEWISE_BEZIER_KNOTS.) GEOMETRIC_REPRESENTATION_ITEM() 
RATIONAL_B_SPLINE_SURFACE((
    (1.,1.,1.,1.,1.,1.,1.,1.,1.,1.,1.)
    ,(0.707106781187,0.747948293548,0.770608224511,0.787137374093
      ,0.794344352614,0.798721241341,0.794344352614,0.787137374093
      ,0.770608224511,0.747948293548,0.707106781187)
,(1.,1.,1.,1.,1.,1.,1.,1.,1.,1.,1.
  ))) REPRESENTATION_ITEM('') SURFACE() );
#1788 = CARTESIAN_POINT('',(-265.5221970842,46.95,15.1));
#1789 = CARTESIAN_POINT('',(-265.7677576673,46.95,15.1));
#1790 = CARTESIAN_POINT('',(-266.0133182505,46.95,15.073375854225));
#1791 = CARTESIAN_POINT('',(-266.2588788336,46.95,15.053727851527));
#1792 = CARTESIAN_POINT('',(-266.5044394168,46.95,15.033550495092));
#1793 = CARTESIAN_POINT('',(-266.75,46.95,15.032069601845));
#1794 = CARTESIAN_POINT('',(-266.9955605831,46.95,15.033550495092));
#1795 = CARTESIAN_POINT('',(-267.2411211663,46.95,15.053727851527));
#1796 = CARTESIAN_POINT('',(-267.4866817494,46.95,15.073375854225));
#1797 = CARTESIAN_POINT('',(-267.7322423326,46.95,15.1));
#1798 = CARTESIAN_POINT('',(-267.9778029157,46.95,15.1));
#1799 = CARTESIAN_POINT('',(-265.5221970842,46.95,13.3));
#1800 = CARTESIAN_POINT('',(-265.7543488987,46.95,13.496577017115));
#1801 = CARTESIAN_POINT('',(-266.0016652112,46.95,13.584406204821));
#1802 = CARTESIAN_POINT('',(-266.2482730756,46.95,13.640348428133));
#1803 = CARTESIAN_POINT('',(-266.4998747417,46.95,13.65975082276));
#1804 = CARTESIAN_POINT('',(-266.75,46.95,13.673605130118));
#1805 = CARTESIAN_POINT('',(-267.0001252582,46.95,13.65975082276));
#1806 = CARTESIAN_POINT('',(-267.2517269243,46.95,13.640348428134));
#1807 = CARTESIAN_POINT('',(-267.4983347887,46.95,13.584406204821));
#1808 = CARTESIAN_POINT('',(-267.7456511012,46.95,13.496577017115));
#1809 = CARTESIAN_POINT('',(-267.9778029157,46.95,13.3));
#1810 = CARTESIAN_POINT('',(-265.5221970842,45.15,13.3));
#1811 = CARTESIAN_POINT('',(-265.7677576673,45.357931034483,13.3));
#1812 = CARTESIAN_POINT('',(-266.0133182505,45.486591709899,13.3));
#1813 = CARTESIAN_POINT('',(-266.2588788336,45.577847782461,13.3));
#1814 = CARTESIAN_POINT('',(-266.5044394168,45.623703667801,13.3));
#1815 = CARTESIAN_POINT('',(-266.75,45.644879673611,13.3));
#1816 = CARTESIAN_POINT('',(-266.9955605831,45.623703667801,13.3));
#1817 = CARTESIAN_POINT('',(-267.2411211663,45.577847782461,13.3));
#1818 = CARTESIAN_POINT('',(-267.4866817494,45.486591709899,13.3));
#1819 = CARTESIAN_POINT('',(-267.7322423326,45.357931034483,13.3));
#1820 = CARTESIAN_POINT('',(-267.9778029157,45.15,13.3));
#1821 = ADVANCED_FACE('',(#1822),#1828,.T.);
#1822 = FACE_BOUND('',#1823,.T.);
#1823 = EDGE_LOOP('',(#1824,#1825,#1826,#1827));
#1824 = ORIENTED_EDGE('',*,*,#1721,.T.);
#1825 = ORIENTED_EDGE('',*,*,#1556,.T.);
#1826 = ORIENTED_EDGE('',*,*,#1765,.F.);
#1827 = ORIENTED_EDGE('',*,*,#504,.F.);
#1828 = CYLINDRICAL_SURFACE('',#1829,1.8);
#1829 = AXIS2_PLACEMENT_3D('',#1830,#1831,#1832);
#1830 = CARTESIAN_POINT('',(-130.,45.15,15.1));
#1831 = DIRECTION('',(-1.,0.,-1.224646799147E-16));
#1832 = DIRECTION('',(0.,1.,0.));
#1833 = ADVANCED_FACE('',(#1834),#1858,.T.);
#1834 = FACE_BOUND('',#1835,.T.);
#1835 = EDGE_LOOP('',(#1836,#1844,#1850,#1857));
#1836 = ORIENTED_EDGE('',*,*,#1837,.T.);
#1837 = EDGE_CURVE('',#609,#1838,#1840,.T.);
#1838 = VERTEX_POINT('',#1839);
#1839 = CARTESIAN_POINT('',(-131.8,44.927802915781,13.3));
#1840 = ( BOUNDED_CURVE() B_SPLINE_CURVE(2,(#1841,#1842,#1843),
.UNSPECIFIED.,.F.,.F.) B_SPLINE_CURVE_WITH_KNOTS((3,3),(0.,
1.227802915781),.PIECEWISE_BEZIER_KNOTS.) CURVE() 
GEOMETRIC_REPRESENTATION_ITEM() RATIONAL_B_SPLINE_CURVE((1.,
0.707106781187,1.)) REPRESENTATION_ITEM('') );
#1841 = CARTESIAN_POINT('',(-130.,44.927802915781,15.1));
#1842 = CARTESIAN_POINT('',(-130.,44.927802915781,13.3));
#1843 = CARTESIAN_POINT('',(-131.8,44.927802915781,13.3));
#1844 = ORIENTED_EDGE('',*,*,#1845,.T.);
#1845 = EDGE_CURVE('',#1838,#1650,#1846,.T.);
#1846 = LINE('',#1847,#1848);
#1847 = CARTESIAN_POINT('',(-131.8,-46.95,13.3));
#1848 = VECTOR('',#1849,1.);
#1849 = DIRECTION('',(0.,1.,0.));
#1850 = ORIENTED_EDGE('',*,*,#1851,.T.);
#1851 = EDGE_CURVE('',#1650,#622,#1852,.T.);
#1852 = CIRCLE('',#1853,1.8);
#1853 = AXIS2_PLACEMENT_3D('',#1854,#1855,#1856);
#1854 = CARTESIAN_POINT('',(-131.8,45.15,15.1));
#1855 = DIRECTION('',(0.,-1.,0.));
#1856 = DIRECTION('',(1.224646799147E-16,-0.,-1.));
#1857 = ORIENTED_EDGE('',*,*,#621,.F.);
#1858 = CYLINDRICAL_SURFACE('',#1859,1.8);
#1859 = AXIS2_PLACEMENT_3D('',#1860,#1861,#1862);
#1860 = CARTESIAN_POINT('',(-131.8,-46.95,15.1));
#1861 = DIRECTION('',(0.,1.,0.));
#1862 = DIRECTION('',(1.,0.,1.224646799147E-16));
#1863 = ADVANCED_FACE('',(#1864),#1887,.T.);
#1864 = FACE_BOUND('',#1865,.T.);
#1865 = EDGE_LOOP('',(#1866,#1874,#1885,#1886));
#1866 = ORIENTED_EDGE('',*,*,#1867,.T.);
#1867 = EDGE_CURVE('',#596,#1868,#1870,.T.);
#1868 = VERTEX_POINT('',#1869);
#1869 = CARTESIAN_POINT('',(-131.35,43.7,13.3));
#1870 = ( BOUNDED_CURVE() B_SPLINE_CURVE(2,(#1871,#1872,#1873),
.UNSPECIFIED.,.F.,.F.) B_SPLINE_CURVE_WITH_KNOTS((3,3),(0.,
1.227802915781),.PIECEWISE_BEZIER_KNOTS.) CURVE() 
GEOMETRIC_REPRESENTATION_ITEM() RATIONAL_B_SPLINE_CURVE((1.,
0.790569415042,1.)) REPRESENTATION_ITEM('') );
#1871 = CARTESIAN_POINT('',(-130.,43.7,15.042842505793));
#1872 = CARTESIAN_POINT('',(-130.,43.7,13.648568501159));
#1873 = CARTESIAN_POINT('',(-131.35,43.7,13.3));
#1874 = ORIENTED_EDGE('',*,*,#1875,.T.);
#1875 = EDGE_CURVE('',#1868,#1838,#1876,.T.);
#1876 = ( BOUNDED_CURVE() B_SPLINE_CURVE(7,(#1877,#1878,#1879,#1880,
    #1881,#1882,#1883,#1884),.UNSPECIFIED.,.F.,.F.) 
B_SPLINE_CURVE_WITH_KNOTS((8,8),(90.65,91.877802915781),
.PIECEWISE_BEZIER_KNOTS.) CURVE() GEOMETRIC_REPRESENTATION_ITEM() 
RATIONAL_B_SPLINE_CURVE((1.,1.,1.,1.,1.,1.,1.,1.)) REPRESENTATION_ITEM(
  '') );
#1877 = CARTESIAN_POINT('',(-131.35,43.7,13.3));
#1878 = CARTESIAN_POINT('',(-131.35,43.87540041654,13.3));
#1879 = CARTESIAN_POINT('',(-131.368843616,44.05080083308,13.3));
#1880 = CARTESIAN_POINT('',(-131.4068592261,44.22620124962,13.3));
#1881 = CARTESIAN_POINT('',(-131.4641569206,44.40160166616,13.3));
#1882 = CARTESIAN_POINT('',(-131.5453664373,44.577002082701,13.3));
#1883 = CARTESIAN_POINT('',(-131.6514778325,44.752402499241,13.3));
#1884 = CARTESIAN_POINT('',(-131.8,44.927802915781,13.3));
#1885 = ORIENTED_EDGE('',*,*,#1837,.F.);
#1886 = ORIENTED_EDGE('',*,*,#608,.F.);
#1887 = ( BOUNDED_SURFACE() B_SPLINE_SURFACE(2,7,(
    (#1888,#1889,#1890,#1891,#1892,#1893,#1894,#1895)
    ,(#1896,#1897,#1898,#1899,#1900,#1901,#1902,#1903)
    ,(#1904,#1905,#1906,#1907,#1908,#1909,#1910,#1911
)),.UNSPECIFIED.,.F.,.F.,.F.) B_SPLINE_SURFACE_WITH_KNOTS((3,3),(8,8),(
    0.,1.227802915781),(90.65,91.877802915781),
.PIECEWISE_BEZIER_KNOTS.) GEOMETRIC_REPRESENTATION_ITEM() 
RATIONAL_B_SPLINE_SURFACE((
    (1.,1.,1.,1.,1.,1.,1.,1.)
    ,(0.790569415042,0.790569415042,0.787266065369,0.780552339111
      ,0.770481565016,0.755729720693,0.736279290016,0.707106781187)
,(1.,1.,1.,1.,1.,1.,1.,1.))) REPRESENTATION_ITEM('') SURFACE() );
#1888 = CARTESIAN_POINT('',(-130.,43.7,15.042842505793));
#1889 = CARTESIAN_POINT('',(-130.,43.87540041654,15.042842505793));
#1890 = CARTESIAN_POINT('',(-130.,44.05080083308,15.047762929681));
#1891 = CARTESIAN_POINT('',(-130.,44.22620124962,15.057307532372));
#1892 = CARTESIAN_POINT('',(-130.,44.401601666161,15.071371504932));
#1893 = CARTESIAN_POINT('',(-130.,44.577002082701,15.085786850564));
#1894 = CARTESIAN_POINT('',(-130.,44.752402499241,15.1));
#1895 = CARTESIAN_POINT('',(-130.,44.927802915781,15.1));
#1896 = CARTESIAN_POINT('',(-130.,43.7,13.648568501159));
#1897 = CARTESIAN_POINT('',(-130.,43.87540041654,13.648568501159));
#1898 = CARTESIAN_POINT('',(-130.,44.052314299562,13.637856385123));
#1899 = CARTESIAN_POINT('',(-130.,44.229657840878,13.61571014576));
#1900 = CARTESIAN_POINT('',(-130.,44.407529598767,13.580933900766));
#1901 = CARTESIAN_POINT('',(-130.,44.583809235542,13.524929273305));
#1902 = CARTESIAN_POINT('',(-130.,44.759352131357,13.442637492608));
#1903 = CARTESIAN_POINT('',(-130.,44.927802915781,13.3));
#1904 = CARTESIAN_POINT('',(-131.35,43.7,13.3));
#1905 = CARTESIAN_POINT('',(-131.35,43.87540041654,13.3));
#1906 = CARTESIAN_POINT('',(-131.368843616,44.05080083308,13.3));
#1907 = CARTESIAN_POINT('',(-131.4068592261,44.22620124962,13.3));
#1908 = CARTESIAN_POINT('',(-131.4641569206,44.40160166616,13.3));
#1909 = CARTESIAN_POINT('',(-131.5453664373,44.577002082701,13.3));
#1910 = CARTESIAN_POINT('',(-131.6514778325,44.752402499241,13.3));
#1911 = CARTESIAN_POINT('',(-131.8,44.927802915781,13.3));
#1912 = ADVANCED_FACE('',(#1913),#1935,.T.);
#1913 = FACE_BOUND('',#1914,.T.);
#1914 = EDGE_LOOP('',(#1915,#1922,#1933,#1934));
#1915 = ORIENTED_EDGE('',*,*,#1916,.T.);
#1916 = EDGE_CURVE('',#588,#1540,#1917,.T.);
#1917 = CIRCLE('',#1918,1.8);
#1918 = AXIS2_PLACEMENT_3D('',#1919,#1920,#1921);
#1919 = CARTESIAN_POINT('',(-131.8,42.472197084219,15.1));
#1920 = DIRECTION('',(0.,1.,-0.));
#1921 = DIRECTION('',(1.,0.,1.224646799147E-16));
#1922 = ORIENTED_EDGE('',*,*,#1923,.T.);
#1923 = EDGE_CURVE('',#1540,#1868,#1924,.T.);
#1924 = ( BOUNDED_CURVE() B_SPLINE_CURVE(7,(#1925,#1926,#1927,#1928,
    #1929,#1930,#1931,#1932),.UNSPECIFIED.,.F.,.F.) 
B_SPLINE_CURVE_WITH_KNOTS((8,8),(89.422197084219,90.65),
.PIECEWISE_BEZIER_KNOTS.) CURVE() GEOMETRIC_REPRESENTATION_ITEM() 
RATIONAL_B_SPLINE_CURVE((1.,1.,1.,1.,1.,1.,1.,1.)) REPRESENTATION_ITEM(
  '') );
#1925 = CARTESIAN_POINT('',(-131.8,42.472197084219,13.3));
#1926 = CARTESIAN_POINT('',(-131.6514778325,42.647597500759,13.3));
#1927 = CARTESIAN_POINT('',(-131.5453664373,42.822997917299,13.3));
#1928 = CARTESIAN_POINT('',(-131.4641569206,42.99839833384,13.3));
#1929 = CARTESIAN_POINT('',(-131.4068592261,43.17379875038,13.3));
#1930 = CARTESIAN_POINT('',(-131.368843616,43.34919916692,13.3));
#1931 = CARTESIAN_POINT('',(-131.35,43.52459958346,13.3));
#1932 = CARTESIAN_POINT('',(-131.35,43.7,13.3));
#1933 = ORIENTED_EDGE('',*,*,#1867,.F.);
#1934 = ORIENTED_EDGE('',*,*,#595,.F.);
#1935 = ( BOUNDED_SURFACE() B_SPLINE_SURFACE(2,7,(
    (#1936,#1937,#1938,#1939,#1940,#1941,#1942,#1943)
    ,(#1944,#1945,#1946,#1947,#1948,#1949,#1950,#1951)
    ,(#1952,#1953,#1954,#1955,#1956,#1957,#1958,#1959
)),.UNSPECIFIED.,.F.,.F.,.F.) B_SPLINE_SURFACE_WITH_KNOTS((3,3),(8,8),(
    0.,1.227802915781),(89.422197084219,90.65),
.PIECEWISE_BEZIER_KNOTS.) GEOMETRIC_REPRESENTATION_ITEM() 
RATIONAL_B_SPLINE_SURFACE((
    (1.,1.,1.,1.,1.,1.,1.,1.)
    ,(0.707106781187,0.736279290016,0.755729720693,0.770481565016
      ,0.780552339111,0.787266065369,0.790569415042,0.790569415042)
,(1.,1.,1.,1.,1.,1.,1.,1.))) REPRESENTATION_ITEM('') SURFACE() );
#1936 = CARTESIAN_POINT('',(-130.,42.472197084219,15.1));
#1937 = CARTESIAN_POINT('',(-130.,42.647597500759,15.1));
#1938 = CARTESIAN_POINT('',(-130.,42.822997917299,15.085786850564));
#1939 = CARTESIAN_POINT('',(-130.,42.99839833384,15.071371504932));
#1940 = CARTESIAN_POINT('',(-130.,43.17379875038,15.057307532372));
#1941 = CARTESIAN_POINT('',(-130.,43.34919916692,15.047762929681));
#1942 = CARTESIAN_POINT('',(-130.,43.52459958346,15.042842505793));
#1943 = CARTESIAN_POINT('',(-130.,43.7,15.042842505793));
#1944 = CARTESIAN_POINT('',(-130.,42.472197084219,13.3));
#1945 = CARTESIAN_POINT('',(-130.,42.640647868643,13.442637492608));
#1946 = CARTESIAN_POINT('',(-130.,42.816190764458,13.524929273305));
#1947 = CARTESIAN_POINT('',(-130.,42.992470401234,13.580933900766));
#1948 = CARTESIAN_POINT('',(-130.,43.170342159122,13.61571014576));
#1949 = CARTESIAN_POINT('',(-130.,43.347685700438,13.637856385123));
#1950 = CARTESIAN_POINT('',(-130.,43.52459958346,13.648568501159));
#1951 = CARTESIAN_POINT('',(-130.,43.7,13.648568501159));
#1952 = CARTESIAN_POINT('',(-131.8,42.472197084219,13.3));
#1953 = CARTESIAN_POINT('',(-131.6514778325,42.647597500759,13.3));
#1954 = CARTESIAN_POINT('',(-131.5453664373,42.822997917299,13.3));
#1955 = CARTESIAN_POINT('',(-131.4641569206,42.99839833384,13.3));
#1956 = CARTESIAN_POINT('',(-131.4068592261,43.17379875038,13.3));
#1957 = CARTESIAN_POINT('',(-131.368843616,43.34919916692,13.3));
#1958 = CARTESIAN_POINT('',(-131.35,43.52459958346,13.3));
#1959 = CARTESIAN_POINT('',(-131.35,43.7,13.3));
#1960 = ADVANCED_FACE('',(#1961),#1972,.T.);
#1961 = FACE_BOUND('',#1962,.T.);
#1962 = EDGE_LOOP('',(#1963,#1969,#1970,#1971));
#1963 = ORIENTED_EDGE('',*,*,#1964,.T.);
#1964 = EDGE_CURVE('',#575,#1531,#1965,.T.);
#1965 = ( BOUNDED_CURVE() B_SPLINE_CURVE(2,(#1966,#1967,#1968),
.UNSPECIFIED.,.F.,.F.) B_SPLINE_CURVE_WITH_KNOTS((3,3),(0.,
1.227802915781),.PIECEWISE_BEZIER_KNOTS.) CURVE() 
GEOMETRIC_REPRESENTATION_ITEM() RATIONAL_B_SPLINE_CURVE((1.,
0.707106781187,1.)) REPRESENTATION_ITEM('') );
#1966 = CARTESIAN_POINT('',(-130.,-42.47219708421,15.1));
#1967 = CARTESIAN_POINT('',(-130.,-42.47219708421,13.3));
#1968 = CARTESIAN_POINT('',(-131.8,-42.47219708421,13.3));
#1969 = ORIENTED_EDGE('',*,*,#1539,.T.);
#1970 = ORIENTED_EDGE('',*,*,#1916,.F.);
#1971 = ORIENTED_EDGE('',*,*,#587,.F.);
#1972 = CYLINDRICAL_SURFACE('',#1973,1.8);
#1973 = AXIS2_PLACEMENT_3D('',#1974,#1975,#1976);
#1974 = CARTESIAN_POINT('',(-131.8,-46.95,15.1));
#1975 = DIRECTION('',(0.,1.,0.));
#1976 = DIRECTION('',(1.,0.,1.224646799147E-16));
#1977 = ADVANCED_FACE('',(#1978),#2001,.T.);
#1978 = FACE_BOUND('',#1979,.T.);
#1979 = EDGE_LOOP('',(#1980,#1981,#1994,#2000));
#1980 = ORIENTED_EDGE('',*,*,#1633,.T.);
#1981 = ORIENTED_EDGE('',*,*,#1982,.T.);
#1982 = EDGE_CURVE('',#1523,#1983,#1985,.T.);
#1983 = VERTEX_POINT('',#1984);
#1984 = CARTESIAN_POINT('',(-131.35,-43.7,13.3));
#1985 = ( BOUNDED_CURVE() B_SPLINE_CURVE(7,(#1986,#1987,#1988,#1989,
    #1990,#1991,#1992,#1993),.UNSPECIFIED.,.F.,.F.) 
B_SPLINE_CURVE_WITH_KNOTS((8,8),(2.022197084219,3.25),
.PIECEWISE_BEZIER_KNOTS.) CURVE() GEOMETRIC_REPRESENTATION_ITEM() 
RATIONAL_B_SPLINE_CURVE((1.,1.,1.,1.,1.,1.,1.,1.)) REPRESENTATION_ITEM(
  '') );
#1986 = CARTESIAN_POINT('',(-131.8,-44.92780291578,13.3));
#1987 = CARTESIAN_POINT('',(-131.6514778325,-44.75240249924,13.3));
#1988 = CARTESIAN_POINT('',(-131.5453664373,-44.5770020827,13.3));
#1989 = CARTESIAN_POINT('',(-131.4641569206,-44.40160166616,13.3));
#1990 = CARTESIAN_POINT('',(-131.4068592261,-44.22620124962,13.3));
#1991 = CARTESIAN_POINT('',(-131.368843616,-44.05080083308,13.3));
#1992 = CARTESIAN_POINT('',(-131.35,-43.87540041654,13.3));
#1993 = CARTESIAN_POINT('',(-131.35,-43.7,13.3));
#1994 = ORIENTED_EDGE('',*,*,#1995,.F.);
#1995 = EDGE_CURVE('',#562,#1983,#1996,.T.);
#1996 = ( BOUNDED_CURVE() B_SPLINE_CURVE(2,(#1997,#1998,#1999),
.UNSPECIFIED.,.F.,.F.) B_SPLINE_CURVE_WITH_KNOTS((3,3),(0.,
1.227802915781),.PIECEWISE_BEZIER_KNOTS.) CURVE() 
GEOMETRIC_REPRESENTATION_ITEM() RATIONAL_B_SPLINE_CURVE((1.,
0.790569415042,1.)) REPRESENTATION_ITEM('') );
#1997 = CARTESIAN_POINT('',(-130.,-43.7,15.042842505793));
#1998 = CARTESIAN_POINT('',(-130.,-43.7,13.648568501159));
#1999 = CARTESIAN_POINT('',(-131.35,-43.7,13.3));
#2000 = ORIENTED_EDGE('',*,*,#561,.F.);
#2001 = ( BOUNDED_SURFACE() B_SPLINE_SURFACE(2,7,(
    (#2002,#2003,#2004,#2005,#2006,#2007,#2008,#2009)
    ,(#2010,#2011,#2012,#2013,#2014,#2015,#2016,#2017)
    ,(#2018,#2019,#2020,#2021,#2022,#2023,#2024,#2025
)),.UNSPECIFIED.,.F.,.F.,.F.) B_SPLINE_SURFACE_WITH_KNOTS((3,3),(8,8),(
    0.,1.227802915781),(2.022197084219,3.25),.PIECEWISE_BEZIER_KNOTS.) 
GEOMETRIC_REPRESENTATION_ITEM() RATIONAL_B_SPLINE_SURFACE((
    (1.,1.,1.,1.,1.,1.,1.,1.)
    ,(0.707106781187,0.736279290016,0.755729720693,0.770481565016
      ,0.780552339111,0.787266065369,0.790569415042,0.790569415042)
,(1.,1.,1.,1.,1.,1.,1.,1.))) REPRESENTATION_ITEM('') SURFACE() );
#2002 = CARTESIAN_POINT('',(-130.,-44.92780291578,15.1));
#2003 = CARTESIAN_POINT('',(-130.,-44.75240249924,15.1));
#2004 = CARTESIAN_POINT('',(-130.,-44.5770020827,15.085786850564));
#2005 = CARTESIAN_POINT('',(-130.,-44.40160166616,15.071371504932));
#2006 = CARTESIAN_POINT('',(-130.,-44.22620124962,15.057307532372));
#2007 = CARTESIAN_POINT('',(-130.,-44.05080083308,15.047762929681));
#2008 = CARTESIAN_POINT('',(-130.,-43.87540041654,15.042842505793));
#2009 = CARTESIAN_POINT('',(-130.,-43.7,15.042842505793));
#2010 = CARTESIAN_POINT('',(-130.,-44.92780291578,13.3));
#2011 = CARTESIAN_POINT('',(-130.,-44.75935213135,13.442637492608));
#2012 = CARTESIAN_POINT('',(-130.,-44.58380923554,13.524929273305));
#2013 = CARTESIAN_POINT('',(-130.,-44.40752959876,13.580933900766));
#2014 = CARTESIAN_POINT('',(-130.,-44.22965784087,13.61571014576));
#2015 = CARTESIAN_POINT('',(-130.,-44.05231429956,13.637856385123));
#2016 = CARTESIAN_POINT('',(-130.,-43.87540041654,13.648568501159));
#2017 = CARTESIAN_POINT('',(-130.,-43.7,13.648568501159));
#2018 = CARTESIAN_POINT('',(-131.8,-44.92780291578,13.3));
#2019 = CARTESIAN_POINT('',(-131.6514778325,-44.75240249924,13.3));
#2020 = CARTESIAN_POINT('',(-131.5453664373,-44.5770020827,13.3));
#2021 = CARTESIAN_POINT('',(-131.4641569206,-44.40160166616,13.3));
#2022 = CARTESIAN_POINT('',(-131.4068592261,-44.22620124962,13.3));
#2023 = CARTESIAN_POINT('',(-131.368843616,-44.05080083308,13.3));
#2024 = CARTESIAN_POINT('',(-131.35,-43.87540041654,13.3));
#2025 = CARTESIAN_POINT('',(-131.35,-43.7,13.3));
#2026 = ADVANCED_FACE('',(#2027),#2043,.T.);
#2027 = FACE_BOUND('',#2028,.T.);
#2028 = EDGE_LOOP('',(#2029,#2030,#2041,#2042));
#2029 = ORIENTED_EDGE('',*,*,#1995,.T.);
#2030 = ORIENTED_EDGE('',*,*,#2031,.T.);
#2031 = EDGE_CURVE('',#1983,#1531,#2032,.T.);
#2032 = ( BOUNDED_CURVE() B_SPLINE_CURVE(7,(#2033,#2034,#2035,#2036,
    #2037,#2038,#2039,#2040),.UNSPECIFIED.,.F.,.F.) 
B_SPLINE_CURVE_WITH_KNOTS((8,8),(3.25,4.477802915781),
.PIECEWISE_BEZIER_KNOTS.) CURVE() GEOMETRIC_REPRESENTATION_ITEM() 
RATIONAL_B_SPLINE_CURVE((1.,1.,1.,1.,1.,1.,1.,1.)) REPRESENTATION_ITEM(
  '') );
#2033 = CARTESIAN_POINT('',(-131.35,-43.7,13.3));
#2034 = CARTESIAN_POINT('',(-131.35,-43.52459958346,13.3));
#2035 = CARTESIAN_POINT('',(-131.368843616,-43.34919916692,13.3));
#2036 = CARTESIAN_POINT('',(-131.4068592261,-43.17379875038,13.3));
#2037 = CARTESIAN_POINT('',(-131.4641569206,-42.99839833384,13.3));
#2038 = CARTESIAN_POINT('',(-131.5453664373,-42.82299791729,13.3));
#2039 = CARTESIAN_POINT('',(-131.6514778325,-42.64759750075,13.3));
#2040 = CARTESIAN_POINT('',(-131.8,-42.47219708421,13.3));
#2041 = ORIENTED_EDGE('',*,*,#1964,.F.);
#2042 = ORIENTED_EDGE('',*,*,#574,.F.);
#2043 = ( BOUNDED_SURFACE() B_SPLINE_SURFACE(2,7,(
    (#2044,#2045,#2046,#2047,#2048,#2049,#2050,#2051)
    ,(#2052,#2053,#2054,#2055,#2056,#2057,#2058,#2059)
    ,(#2060,#2061,#2062,#2063,#2064,#2065,#2066,#2067
)),.UNSPECIFIED.,.F.,.F.,.F.) B_SPLINE_SURFACE_WITH_KNOTS((3,3),(8,8),(
    0.,1.227802915781),(3.25,4.477802915781),.PIECEWISE_BEZIER_KNOTS.) 
GEOMETRIC_REPRESENTATION_ITEM() RATIONAL_B_SPLINE_SURFACE((
    (1.,1.,1.,1.,1.,1.,1.,1.)
    ,(0.790569415042,0.790569415042,0.787266065369,0.780552339111
      ,0.770481565016,0.755729720693,0.736279290016,0.707106781187)
,(1.,1.,1.,1.,1.,1.,1.,1.))) REPRESENTATION_ITEM('') SURFACE() );
#2044 = CARTESIAN_POINT('',(-130.,-43.7,15.042842505793));
#2045 = CARTESIAN_POINT('',(-130.,-43.52459958346,15.042842505793));
#2046 = CARTESIAN_POINT('',(-130.,-43.34919916692,15.047762929681));
#2047 = CARTESIAN_POINT('',(-130.,-43.17379875038,15.057307532372));
#2048 = CARTESIAN_POINT('',(-130.,-42.99839833384,15.071371504932));
#2049 = CARTESIAN_POINT('',(-130.,-42.82299791729,15.085786850564));
#2050 = CARTESIAN_POINT('',(-130.,-42.64759750075,15.1));
#2051 = CARTESIAN_POINT('',(-130.,-42.47219708421,15.1));
#2052 = CARTESIAN_POINT('',(-130.,-43.7,13.648568501159));
#2053 = CARTESIAN_POINT('',(-130.,-43.52459958346,13.648568501159));
#2054 = CARTESIAN_POINT('',(-130.,-43.34768570043,13.637856385123));
#2055 = CARTESIAN_POINT('',(-130.,-43.17034215912,13.61571014576));
#2056 = CARTESIAN_POINT('',(-130.,-42.99247040123,13.580933900766));
#2057 = CARTESIAN_POINT('',(-130.,-42.81619076445,13.524929273305));
#2058 = CARTESIAN_POINT('',(-130.,-42.64064786864,13.442637492608));
#2059 = CARTESIAN_POINT('',(-130.,-42.47219708421,13.3));
#2060 = CARTESIAN_POINT('',(-131.35,-43.7,13.3));
#2061 = CARTESIAN_POINT('',(-131.35,-43.52459958346,13.3));
#2062 = CARTESIAN_POINT('',(-131.368843616,-43.34919916692,13.3));
#2063 = CARTESIAN_POINT('',(-131.4068592261,-43.17379875038,13.3));
#2064 = CARTESIAN_POINT('',(-131.4641569206,-42.99839833384,13.3));
#2065 = CARTESIAN_POINT('',(-131.5453664373,-42.82299791729,13.3));
#2066 = CARTESIAN_POINT('',(-131.6514778325,-42.64759750075,13.3));
#2067 = CARTESIAN_POINT('',(-131.8,-42.47219708421,13.3));
#2068 = ADVANCED_FACE('',(#2069),#2074,.T.);
#2069 = FACE_BOUND('',#2070,.T.);
#2070 = EDGE_LOOP('',(#2071,#2072,#2073));
#2071 = ORIENTED_EDGE('',*,*,#1649,.F.);
#2072 = ORIENTED_EDGE('',*,*,#645,.T.);
#2073 = ORIENTED_EDGE('',*,*,#1851,.F.);
#2074 = SPHERICAL_SURFACE('',#2075,1.8);
#2075 = AXIS2_PLACEMENT_3D('',#2076,#2077,#2078);
#2076 = CARTESIAN_POINT('',(-131.8,45.15,15.1));
#2077 = DIRECTION('',(0.,-1.,-0.));
#2078 = DIRECTION('',(1.224646799147E-16,-0.,-1.));
#2079 = ADVANCED_FACE('',(#2080),#2099,.F.);
#2080 = FACE_BOUND('',#2081,.T.);
#2081 = EDGE_LOOP('',(#2082,#2090,#2091,#2092));
#2082 = ORIENTED_EDGE('',*,*,#2083,.F.);
#2083 = EDGE_CURVE('',#690,#2084,#2086,.T.);
#2084 = VERTEX_POINT('',#2085);
#2085 = CARTESIAN_POINT('',(-264.857,-43.70000000006,14.7));
#2086 = LINE('',#2087,#2088);
#2087 = CARTESIAN_POINT('',(-265.7,-43.70000000006,15.543));
#2088 = VECTOR('',#2089,1.);
#2089 = DIRECTION('',(0.707106781187,0.,-0.707106781187));
#2090 = ORIENTED_EDGE('',*,*,#697,.T.);
#2091 = ORIENTED_EDGE('',*,*,#2083,.T.);
#2092 = ORIENTED_EDGE('',*,*,#2093,.F.);
#2093 = EDGE_CURVE('',#2084,#2084,#2094,.T.);
#2094 = CIRCLE('',#2095,1.893);
#2095 = AXIS2_PLACEMENT_3D('',#2096,#2097,#2098);
#2096 = CARTESIAN_POINT('',(-266.75,-43.70000000006,14.7));
#2097 = DIRECTION('',(-1.224646799147E-16,0.,1.));
#2098 = DIRECTION('',(1.,0.,1.224646799147E-16));
#2099 = CONICAL_SURFACE('',#2100,1.05,0.785398163397);
#2100 = AXIS2_PLACEMENT_3D('',#2101,#2102,#2103);
#2101 = CARTESIAN_POINT('',(-266.75,-43.70000000006,15.543));
#2102 = DIRECTION('',(1.224646799147E-16,0.,-1.));
#2103 = DIRECTION('',(1.,0.,1.224646799147E-16));
#2104 = ADVANCED_FACE('',(#2105),#2124,.F.);
#2105 = FACE_BOUND('',#2106,.T.);
#2106 = EDGE_LOOP('',(#2107,#2115,#2116,#2117));
#2107 = ORIENTED_EDGE('',*,*,#2108,.F.);
#2108 = EDGE_CURVE('',#715,#2109,#2111,.T.);
#2109 = VERTEX_POINT('',#2110);
#2110 = CARTESIAN_POINT('',(-131.3569999999,-43.7,14.7));
#2111 = LINE('',#2112,#2113);
#2112 = CARTESIAN_POINT('',(-132.1999999999,-43.7,15.543));
#2113 = VECTOR('',#2114,1.);
#2114 = DIRECTION('',(0.707106781187,0.,-0.707106781187));
#2115 = ORIENTED_EDGE('',*,*,#722,.T.);
#2116 = ORIENTED_EDGE('',*,*,#2108,.T.);
#2117 = ORIENTED_EDGE('',*,*,#2118,.F.);
#2118 = EDGE_CURVE('',#2109,#2109,#2119,.T.);
#2119 = CIRCLE('',#2120,1.893);
#2120 = AXIS2_PLACEMENT_3D('',#2121,#2122,#2123);
#2121 = CARTESIAN_POINT('',(-133.2499999999,-43.7,14.7));
#2122 = DIRECTION('',(-1.224646799147E-16,0.,1.));
#2123 = DIRECTION('',(1.,0.,1.224646799147E-16));
#2124 = CONICAL_SURFACE('',#2125,1.05,0.785398163397);
#2125 = AXIS2_PLACEMENT_3D('',#2126,#2127,#2128);
#2126 = CARTESIAN_POINT('',(-133.2499999999,-43.7,15.543));
#2127 = DIRECTION('',(1.224646799147E-16,0.,-1.));
#2128 = DIRECTION('',(1.,0.,1.224646799147E-16));
#2129 = ADVANCED_FACE('',(#2130),#2149,.F.);
#2130 = FACE_BOUND('',#2131,.T.);
#2131 = EDGE_LOOP('',(#2132,#2140,#2141,#2142));
#2132 = ORIENTED_EDGE('',*,*,#2133,.F.);
#2133 = EDGE_CURVE('',#1034,#2134,#2136,.T.);
#2134 = VERTEX_POINT('',#2135);
#2135 = CARTESIAN_POINT('',(-264.857,43.7,14.7));
#2136 = LINE('',#2137,#2138);
#2137 = CARTESIAN_POINT('',(-265.7,43.7,15.543));
#2138 = VECTOR('',#2139,1.);
#2139 = DIRECTION('',(0.707106781187,0.,-0.707106781187));
#2140 = ORIENTED_EDGE('',*,*,#1041,.T.);
#2141 = ORIENTED_EDGE('',*,*,#2133,.T.);
#2142 = ORIENTED_EDGE('',*,*,#2143,.F.);
#2143 = EDGE_CURVE('',#2134,#2134,#2144,.T.);
#2144 = CIRCLE('',#2145,1.893);
#2145 = AXIS2_PLACEMENT_3D('',#2146,#2147,#2148);
#2146 = CARTESIAN_POINT('',(-266.75,43.7,14.7));
#2147 = DIRECTION('',(-1.224646799147E-16,0.,1.));
#2148 = DIRECTION('',(1.,0.,1.224646799147E-16));
#2149 = CONICAL_SURFACE('',#2150,1.05,0.785398163397);
#2150 = AXIS2_PLACEMENT_3D('',#2151,#2152,#2153);
#2151 = CARTESIAN_POINT('',(-266.75,43.7,15.543));
#2152 = DIRECTION('',(1.224646799147E-16,0.,-1.));
#2153 = DIRECTION('',(1.,0.,1.224646799147E-16));
#2154 = ADVANCED_FACE('',(#2155),#2170,.F.);
#2155 = FACE_BOUND('',#2156,.T.);
#2156 = EDGE_LOOP('',(#2157,#2158,#2159,#2160,#2161,#2162,#2168,#2169));
#2157 = ORIENTED_EDGE('',*,*,#1266,.F.);
#2158 = ORIENTED_EDGE('',*,*,#1242,.F.);
#2159 = ORIENTED_EDGE('',*,*,#1194,.F.);
#2160 = ORIENTED_EDGE('',*,*,#1131,.F.);
#2161 = ORIENTED_EDGE('',*,*,#1076,.T.);
#2162 = ORIENTED_EDGE('',*,*,#2163,.T.);
#2163 = EDGE_CURVE('',#1069,#1172,#2164,.T.);
#2164 = LINE('',#2165,#2166);
#2165 = CARTESIAN_POINT('',(-149.13146,17.46064,14.8));
#2166 = VECTOR('',#2167,1.);
#2167 = DIRECTION('',(1.,0.,1.224646799147E-16));
#2168 = ORIENTED_EDGE('',*,*,#1171,.T.);
#2169 = ORIENTED_EDGE('',*,*,#1226,.F.);
#2170 = PLANE('',#2171);
#2171 = AXIS2_PLACEMENT_3D('',#2172,#2173,#2174);
#2172 = CARTESIAN_POINT('',(-152.,11.55,14.8));
#2173 = DIRECTION('',(1.224646799147E-16,0.,-1.));
#2174 = DIRECTION('',(-1.,-0.,-1.224646799147E-16));
#2175 = ADVANCED_FACE('',(#2176),#2182,.F.);
#2176 = FACE_BOUND('',#2177,.T.);
#2177 = EDGE_LOOP('',(#2178,#2179,#2180,#2181));
#2178 = ORIENTED_EDGE('',*,*,#1617,.F.);
#2179 = ORIENTED_EDGE('',*,*,#1179,.T.);
#2180 = ORIENTED_EDGE('',*,*,#2163,.F.);
#2181 = ORIENTED_EDGE('',*,*,#1068,.F.);
#2182 = PLANE('',#2183);
#2183 = AXIS2_PLACEMENT_3D('',#2184,#2185,#2186);
#2184 = CARTESIAN_POINT('',(-146.26292,17.46064,13.3));
#2185 = DIRECTION('',(0.,1.,0.));
#2186 = DIRECTION('',(1.,0.,1.224646799147E-16));
#2187 = ADVANCED_FACE('',(#2188),#2207,.F.);
#2188 = FACE_BOUND('',#2189,.T.);
#2189 = EDGE_LOOP('',(#2190,#2198,#2199,#2200));
#2190 = ORIENTED_EDGE('',*,*,#2191,.F.);
#2191 = EDGE_CURVE('',#1283,#2192,#2194,.T.);
#2192 = VERTEX_POINT('',#2193);
#2193 = CARTESIAN_POINT('',(-131.3569999999,43.7,14.7));
#2194 = LINE('',#2195,#2196);
#2195 = CARTESIAN_POINT('',(-132.1999999999,43.7,15.543));
#2196 = VECTOR('',#2197,1.);
#2197 = DIRECTION('',(0.707106781187,0.,-0.707106781187));
#2198 = ORIENTED_EDGE('',*,*,#1290,.T.);
#2199 = ORIENTED_EDGE('',*,*,#2191,.T.);
#2200 = ORIENTED_EDGE('',*,*,#2201,.F.);
#2201 = EDGE_CURVE('',#2192,#2192,#2202,.T.);
#2202 = CIRCLE('',#2203,1.893);
#2203 = AXIS2_PLACEMENT_3D('',#2204,#2205,#2206);
#2204 = CARTESIAN_POINT('',(-133.2499999999,43.7,14.7));
#2205 = DIRECTION('',(-1.224646799147E-16,0.,1.));
#2206 = DIRECTION('',(1.,0.,1.224646799147E-16));
#2207 = CONICAL_SURFACE('',#2208,1.05,0.785398163397);
#2208 = AXIS2_PLACEMENT_3D('',#2209,#2210,#2211);
#2209 = CARTESIAN_POINT('',(-133.2499999999,43.7,15.543));
#2210 = DIRECTION('',(1.224646799147E-16,0.,-1.));
#2211 = DIRECTION('',(1.,0.,1.224646799147E-16));
#2212 = ADVANCED_FACE('',(#2213),#2234,.F.);
#2213 = FACE_BOUND('',#2214,.T.);
#2214 = EDGE_LOOP('',(#2215,#2216,#2224,#2231,#2232,#2233));
#2215 = ORIENTED_EDGE('',*,*,#1581,.F.);
#2216 = ORIENTED_EDGE('',*,*,#2217,.T.);
#2217 = EDGE_CURVE('',#1582,#2218,#2220,.T.);
#2218 = VERTEX_POINT('',#2219);
#2219 = CARTESIAN_POINT('',(-264.85,-43.7,14.7));
#2220 = LINE('',#2221,#2222);
#2221 = CARTESIAN_POINT('',(-264.85,-43.7,13.3));
#2222 = VECTOR('',#2223,1.);
#2223 = DIRECTION('',(-1.224646799147E-16,0.,1.));
#2224 = ORIENTED_EDGE('',*,*,#2225,.T.);
#2225 = EDGE_CURVE('',#2218,#2218,#2226,.T.);
#2226 = CIRCLE('',#2227,1.9);
#2227 = AXIS2_PLACEMENT_3D('',#2228,#2229,#2230);
#2228 = CARTESIAN_POINT('',(-266.75,-43.7,14.7));
#2229 = DIRECTION('',(-1.224646799147E-16,0.,1.));
#2230 = DIRECTION('',(1.,0.,1.224646799147E-16));
#2231 = ORIENTED_EDGE('',*,*,#2217,.F.);
#2232 = ORIENTED_EDGE('',*,*,#1590,.F.);
#2233 = ORIENTED_EDGE('',*,*,#1340,.F.);
#2234 = CYLINDRICAL_SURFACE('',#2235,1.9);
#2235 = AXIS2_PLACEMENT_3D('',#2236,#2237,#2238);
#2236 = CARTESIAN_POINT('',(-266.75,-43.7,13.3));
#2237 = DIRECTION('',(1.224646799147E-16,0.,-1.));
#2238 = DIRECTION('',(1.,0.,1.224646799147E-16));
#2239 = ADVANCED_FACE('',(#2240),#2251,.T.);
#2240 = FACE_BOUND('',#2241,.F.);
#2241 = EDGE_LOOP('',(#2242,#2249,#2250));
#2242 = ORIENTED_EDGE('',*,*,#2243,.F.);
#2243 = EDGE_CURVE('',#1683,#1427,#2244,.T.);
#2244 = CIRCLE('',#2245,1.9);
#2245 = AXIS2_PLACEMENT_3D('',#2246,#2247,#2248);
#2246 = CARTESIAN_POINT('',(-266.75,43.7,13.3));
#2247 = DIRECTION('',(-1.224646799147E-16,0.,1.));
#2248 = DIRECTION('',(1.,0.,1.224646799147E-16));
#2249 = ORIENTED_EDGE('',*,*,#1690,.T.);
#2250 = ORIENTED_EDGE('',*,*,#1426,.T.);
#2251 = PLANE('',#2252);
#2252 = AXIS2_PLACEMENT_3D('',#2253,#2254,#2255);
#2253 = CARTESIAN_POINT('',(-200.,0.,13.3));
#2254 = DIRECTION('',(1.224646799147E-16,0.,-1.));
#2255 = DIRECTION('',(-1.,-0.,-1.224646799147E-16));
#2256 = ADVANCED_FACE('',(#2257),#2280,.F.);
#2257 = FACE_BOUND('',#2258,.T.);
#2258 = EDGE_LOOP('',(#2259,#2260,#2268,#2275,#2276,#2277,#2278,#2279));
#2259 = ORIENTED_EDGE('',*,*,#1564,.F.);
#2260 = ORIENTED_EDGE('',*,*,#2261,.T.);
#2261 = EDGE_CURVE('',#1565,#2262,#2264,.T.);
#2262 = VERTEX_POINT('',#2263);
#2263 = CARTESIAN_POINT('',(-264.85,43.7,14.7));
#2264 = LINE('',#2265,#2266);
#2265 = CARTESIAN_POINT('',(-264.85,43.7,13.3));
#2266 = VECTOR('',#2267,1.);
#2267 = DIRECTION('',(-1.224646799147E-16,0.,1.));
#2268 = ORIENTED_EDGE('',*,*,#2269,.T.);
#2269 = EDGE_CURVE('',#2262,#2262,#2270,.T.);
#2270 = CIRCLE('',#2271,1.9);
#2271 = AXIS2_PLACEMENT_3D('',#2272,#2273,#2274);
#2272 = CARTESIAN_POINT('',(-266.75,43.7,14.7));
#2273 = DIRECTION('',(-1.224646799147E-16,0.,1.));
#2274 = DIRECTION('',(1.,0.,1.224646799147E-16));
#2275 = ORIENTED_EDGE('',*,*,#2261,.F.);
#2276 = ORIENTED_EDGE('',*,*,#1573,.F.);
#2277 = ORIENTED_EDGE('',*,*,#1451,.F.);
#2278 = ORIENTED_EDGE('',*,*,#2243,.F.);
#2279 = ORIENTED_EDGE('',*,*,#1772,.F.);
#2280 = CYLINDRICAL_SURFACE('',#2281,1.9);
#2281 = AXIS2_PLACEMENT_3D('',#2282,#2283,#2284);
#2282 = CARTESIAN_POINT('',(-266.75,43.7,13.3));
#2283 = DIRECTION('',(1.224646799147E-16,0.,-1.));
#2284 = DIRECTION('',(1.,0.,1.224646799147E-16));
#2285 = ADVANCED_FACE('',(#2286),#2307,.F.);
#2286 = FACE_BOUND('',#2287,.T.);
#2287 = EDGE_LOOP('',(#2288,#2289,#2290,#2298,#2305,#2306));
#2288 = ORIENTED_EDGE('',*,*,#1530,.F.);
#2289 = ORIENTED_EDGE('',*,*,#2031,.F.);
#2290 = ORIENTED_EDGE('',*,*,#2291,.T.);
#2291 = EDGE_CURVE('',#1983,#2292,#2294,.T.);
#2292 = VERTEX_POINT('',#2293);
#2293 = CARTESIAN_POINT('',(-131.35,-43.7,14.7));
#2294 = LINE('',#2295,#2296);
#2295 = CARTESIAN_POINT('',(-131.35,-43.7,13.3));
#2296 = VECTOR('',#2297,1.);
#2297 = DIRECTION('',(-1.224646799147E-16,0.,1.));
#2298 = ORIENTED_EDGE('',*,*,#2299,.T.);
#2299 = EDGE_CURVE('',#2292,#2292,#2300,.T.);
#2300 = CIRCLE('',#2301,1.9);
#2301 = AXIS2_PLACEMENT_3D('',#2302,#2303,#2304);
#2302 = CARTESIAN_POINT('',(-133.25,-43.7,14.7));
#2303 = DIRECTION('',(-1.224646799147E-16,0.,1.));
#2304 = DIRECTION('',(1.,0.,1.224646799147E-16));
#2305 = ORIENTED_EDGE('',*,*,#2291,.F.);
#2306 = ORIENTED_EDGE('',*,*,#1982,.F.);
#2307 = CYLINDRICAL_SURFACE('',#2308,1.9);
#2308 = AXIS2_PLACEMENT_3D('',#2309,#2310,#2311);
#2309 = CARTESIAN_POINT('',(-133.25,-43.7,13.3));
#2310 = DIRECTION('',(1.224646799147E-16,0.,-1.));
#2311 = DIRECTION('',(1.,0.,1.224646799147E-16));
#2312 = ADVANCED_FACE('',(#2313),#2342,.F.);
#2313 = FACE_BOUND('',#2314,.T.);
#2314 = EDGE_LOOP('',(#2315,#2322,#2323,#2331,#2338,#2339,#2340,#2341));
#2315 = ORIENTED_EDGE('',*,*,#2316,.F.);
#2316 = EDGE_CURVE('',#1838,#1659,#2317,.T.);
#2317 = CIRCLE('',#2318,1.9);
#2318 = AXIS2_PLACEMENT_3D('',#2319,#2320,#2321);
#2319 = CARTESIAN_POINT('',(-133.25,43.7,13.3));
#2320 = DIRECTION('',(-1.224646799147E-16,0.,1.));
#2321 = DIRECTION('',(1.,0.,1.224646799147E-16));
#2322 = ORIENTED_EDGE('',*,*,#1875,.F.);
#2323 = ORIENTED_EDGE('',*,*,#2324,.T.);
#2324 = EDGE_CURVE('',#1868,#2325,#2327,.T.);
#2325 = VERTEX_POINT('',#2326);
#2326 = CARTESIAN_POINT('',(-131.35,43.7,14.7));
#2327 = LINE('',#2328,#2329);
#2328 = CARTESIAN_POINT('',(-131.35,43.7,13.3));
#2329 = VECTOR('',#2330,1.);
#2330 = DIRECTION('',(-1.224646799147E-16,0.,1.));
#2331 = ORIENTED_EDGE('',*,*,#2332,.T.);
#2332 = EDGE_CURVE('',#2325,#2325,#2333,.T.);
#2333 = CIRCLE('',#2334,1.9);
#2334 = AXIS2_PLACEMENT_3D('',#2335,#2336,#2337);
#2335 = CARTESIAN_POINT('',(-133.25,43.7,14.7));
#2336 = DIRECTION('',(-1.224646799147E-16,0.,1.));
#2337 = DIRECTION('',(1.,0.,1.224646799147E-16));
#2338 = ORIENTED_EDGE('',*,*,#2324,.F.);
#2339 = ORIENTED_EDGE('',*,*,#1923,.F.);
#2340 = ORIENTED_EDGE('',*,*,#1547,.F.);
#2341 = ORIENTED_EDGE('',*,*,#1707,.F.);
#2342 = CYLINDRICAL_SURFACE('',#2343,1.9);
#2343 = AXIS2_PLACEMENT_3D('',#2344,#2345,#2346);
#2344 = CARTESIAN_POINT('',(-133.25,43.7,13.3));
#2345 = DIRECTION('',(1.224646799147E-16,0.,-1.));
#2346 = DIRECTION('',(1.,0.,1.224646799147E-16));
#2347 = ADVANCED_FACE('',(#2348),#2353,.T.);
#2348 = FACE_BOUND('',#2349,.F.);
#2349 = EDGE_LOOP('',(#2350,#2351,#2352));
#2350 = ORIENTED_EDGE('',*,*,#2316,.F.);
#2351 = ORIENTED_EDGE('',*,*,#1845,.T.);
#2352 = ORIENTED_EDGE('',*,*,#1658,.T.);
#2353 = PLANE('',#2354);
#2354 = AXIS2_PLACEMENT_3D('',#2355,#2356,#2357);
#2355 = CARTESIAN_POINT('',(-200.,0.,13.3));
#2356 = DIRECTION('',(1.224646799147E-16,0.,-1.));
#2357 = DIRECTION('',(-1.,-0.,-1.224646799147E-16));
#2358 = ADVANCED_FACE('',(#2359,#2362),#2365,.T.);
#2359 = FACE_BOUND('',#2360,.F.);
#2360 = EDGE_LOOP('',(#2361));
#2361 = ORIENTED_EDGE('',*,*,#2093,.F.);
#2362 = FACE_BOUND('',#2363,.F.);
#2363 = EDGE_LOOP('',(#2364));
#2364 = ORIENTED_EDGE('',*,*,#2225,.T.);
#2365 = PLANE('',#2366);
#2366 = AXIS2_PLACEMENT_3D('',#2367,#2368,#2369);
#2367 = CARTESIAN_POINT('',(-200.,1.08E-15,14.7));
#2368 = DIRECTION('',(1.224646799147E-16,0.,-1.));
#2369 = DIRECTION('',(-1.,-0.,-1.224646799147E-16));
#2370 = ADVANCED_FACE('',(#2371,#2374),#2377,.T.);
#2371 = FACE_BOUND('',#2372,.F.);
#2372 = EDGE_LOOP('',(#2373));
#2373 = ORIENTED_EDGE('',*,*,#2118,.F.);
#2374 = FACE_BOUND('',#2375,.F.);
#2375 = EDGE_LOOP('',(#2376));
#2376 = ORIENTED_EDGE('',*,*,#2299,.T.);
#2377 = PLANE('',#2378);
#2378 = AXIS2_PLACEMENT_3D('',#2379,#2380,#2381);
#2379 = CARTESIAN_POINT('',(-200.,1.08E-15,14.7));
#2380 = DIRECTION('',(1.224646799147E-16,0.,-1.));
#2381 = DIRECTION('',(-1.,-0.,-1.224646799147E-16));
#2382 = ADVANCED_FACE('',(#2383,#2386),#2389,.T.);
#2383 = FACE_BOUND('',#2384,.F.);
#2384 = EDGE_LOOP('',(#2385));
#2385 = ORIENTED_EDGE('',*,*,#2143,.F.);
#2386 = FACE_BOUND('',#2387,.F.);
#2387 = EDGE_LOOP('',(#2388));
#2388 = ORIENTED_EDGE('',*,*,#2269,.T.);
#2389 = PLANE('',#2390);
#2390 = AXIS2_PLACEMENT_3D('',#2391,#2392,#2393);
#2391 = CARTESIAN_POINT('',(-200.,1.08E-15,14.7));
#2392 = DIRECTION('',(1.224646799147E-16,0.,-1.));
#2393 = DIRECTION('',(-1.,-0.,-1.224646799147E-16));
#2394 = ADVANCED_FACE('',(#2395,#2398),#2401,.T.);
#2395 = FACE_BOUND('',#2396,.F.);
#2396 = EDGE_LOOP('',(#2397));
#2397 = ORIENTED_EDGE('',*,*,#2201,.F.);
#2398 = FACE_BOUND('',#2399,.F.);
#2399 = EDGE_LOOP('',(#2400));
#2400 = ORIENTED_EDGE('',*,*,#2332,.T.);
#2401 = PLANE('',#2402);
#2402 = AXIS2_PLACEMENT_3D('',#2403,#2404,#2405);
#2403 = CARTESIAN_POINT('',(-200.,1.08E-15,14.7));
#2404 = DIRECTION('',(1.224646799147E-16,0.,-1.));
#2405 = DIRECTION('',(-1.,-0.,-1.224646799147E-16));
#2406 = ( GEOMETRIC_REPRESENTATION_CONTEXT(3) 
GLOBAL_UNCERTAINTY_ASSIGNED_CONTEXT((#2410)) 
GLOBAL_UNIT_ASSIGNED_CONTEXT((#2407,#2408,#2409)) REPRESENTATION_CONTEXT
('Context #1','3D Context with UNIT and UNCERTAINTY') );
#2407 = ( LENGTH_UNIT() NAMED_UNIT(*) SI_UNIT(.MILLI.,.METRE.) );
#2408 = ( NAMED_UNIT(*) PLANE_ANGLE_UNIT() SI_UNIT($,.RADIAN.) );
#2409 = ( NAMED_UNIT(*) SI_UNIT($,.STERADIAN.) SOLID_ANGLE_UNIT() );
#2410 = UNCERTAINTY_MEASURE_WITH_UNIT(LENGTH_MEASURE(1.E-05),#2407,
  'distance_accuracy_value','confusion accuracy');
#2411 = PRODUCT_RELATED_PRODUCT_CATEGORY('part',$,(#7));
#2412 = MECHANICAL_DESIGN_GEOMETRIC_PRESENTATION_REPRESENTATION('',(
    #2413),#2406);
#2413 = STYLED_ITEM('color',(#2414),#15);
#2414 = PRESENTATION_STYLE_ASSIGNMENT((#2415,#2421));
#2415 = SURFACE_STYLE_USAGE(.BOTH.,#2416);
#2416 = SURFACE_SIDE_STYLE('',(#2417));
#2417 = SURFACE_STYLE_FILL_AREA(#2418);
#2418 = FILL_AREA_STYLE('',(#2419));
#2419 = FILL_AREA_STYLE_COLOUR('',#2420);
#2420 = COLOUR_RGB('',0.,0.666666687201,1.);
#2421 = CURVE_STYLE('',#2422,POSITIVE_LENGTH_MEASURE(0.1),#2423);
#2422 = DRAUGHTING_PRE_DEFINED_CURVE_FONT('continuous');
#2423 = COLOUR_RGB('',0.678431390124,0.709803936702,0.741176476869);
ENDSEC;
END-ISO-10303-21;
